DTI_mean_fa.body_of_corpus_callosum.jhu_icbm_labels_1mm,DTI_mean_fa.fornix_.column_and_body_of_fornix..jhu_icbm_labels_1mm,DTI_mean_fa.genu_of_corpus_callosum.jhu_icbm_labels_1mm,DTI_mean_fa.middle_cerebellar_peduncle.jhu_icbm_labels_1mm,DTI_mean_fa.pontine_crossing_tract_.a_part_of_mcp..jhu_icbm_labels_1mm,DTI_mean_fa.splenium_of_corpus_callosum.jhu_icbm_labels_1mm,DTI_mean_fa.anterior_corona_radiata.LRAVG.jhu_icbm_labels_1mm,DTI_mean_fa.anterior_limb_of_internal_capsule.LRAVG.jhu_icbm_labels_1mm,DTI_mean_fa.cerebral_peduncle.LRAVG.jhu_icbm_labels_1mm,DTI_mean_fa.cingulum_.cingulate_gyrus..LRAVG.jhu_icbm_labels_1mm,DTI_mean_fa.cingulum_.hippocampus..LRAVG.jhu_icbm_labels_1mm,DTI_mean_fa.corticospinal_tract.LRAVG.jhu_icbm_labels_1mm,DTI_mean_fa.external_capsule.LRAVG.jhu_icbm_labels_1mm,DTI_mean_fa.fornix_.cres..stria_terminalis_.can_not_be_resolved_with_current_resolution..LRAVG.jhu_icbm_labels_1mm,DTI_mean_fa.inferior_cerebellar_peduncle.LRAVG.jhu_icbm_labels_1mm,DTI_mean_fa.inferior_fronto.occipital_fasciculus.LRAVG.jhu_icbm_labels_1mm,DTI_mean_fa.medial_lemniscus.LRAVG.jhu_icbm_labels_1mm,DTI_mean_fa.posterior_corona_radiata.LRAVG.jhu_icbm_labels_1mm,DTI_mean_fa.posterior_limb_of_internal_capsule.LRAVG.jhu_icbm_labels_1mm,DTI_mean_fa.posterior_thalamic_radiation_.include_optic_radiation..LRAVG.jhu_icbm_labels_1mm,DTI_mean_fa.retrolenticular_part_of_internal_capsule.LRAVG.jhu_icbm_labels_1mm,DTI_mean_fa.sagittal_stratum_.include_inferior_longitidinal_fasciculus_and_inferior_fronto.occipital_fasciculus..LRAVG.jhu_icbm_labels_1mm,DTI_mean_fa.superior_cerebellar_peduncle.LRAVG.jhu_icbm_labels_1mm,DTI_mean_fa.superior_corona_radiata.LRAVG.jhu_icbm_labels_1mm,DTI_mean_fa.superior_fronto.occipital_fasciculus_.could_be_a_part_of_anterior_internal_capsule..LRAVG.jhu_icbm_labels_1mm,DTI_mean_fa.superior_longitudinal_fasciculus.LRAVG.jhu_icbm_labels_1mm,DTI_mean_fa.tapetum.LRAVG.jhu_icbm_labels_1mm,DTI_mean_fa.uncinate_fasciculus.LRAVG.jhu_icbm_labels_1mm,DTI_mean_fa_LRAVG_caudal_anterior_cingulate,DTI_mean_fa_LRAVG_caudal_middle_frontal,DTI_mean_fa_LRAVG_cuneus,DTI_mean_fa_LRAVG_entorhinal,DTI_mean_fa_LRAVG_fusiform,DTI_mean_fa_LRAVG_inferior_parietal,DTI_mean_fa_LRAVG_inferior_temporal,DTI_mean_fa_LRAVG_insula,DTI_mean_fa_LRAVG_isthmus_cingulate,DTI_mean_fa_LRAVG_lateral_occipital,DTI_mean_fa_LRAVG_lateral_orbitofrontal,DTI_mean_fa_LRAVG_lingual,DTI_mean_fa_LRAVG_medial_orbitofrontal,DTI_mean_fa_LRAVG_middle_temporal,DTI_mean_fa_LRAVG_paracentral,DTI_mean_fa_LRAVG_parahippocampal,DTI_mean_fa_LRAVG_pars_opercularis,DTI_mean_fa_LRAVG_pars_orbitalis,DTI_mean_fa_LRAVG_pars_triangularis,DTI_mean_fa_LRAVG_pericalcarine,DTI_mean_fa_LRAVG_postcentral,DTI_mean_fa_LRAVG_posterior_cingulate,DTI_mean_fa_LRAVG_precentral,DTI_mean_fa_LRAVG_precuneus,DTI_mean_fa_LRAVG_rostral_anterior_cingulate,DTI_mean_fa_LRAVG_rostral_middle_frontal,DTI_mean_fa_LRAVG_superior_frontal,DTI_mean_fa_LRAVG_superior_parietal,DTI_mean_fa_LRAVG_superior_temporal,DTI_mean_fa_LRAVG_supramarginal,DTI_mean_fa_LRAVG_transverse_temporal,DTI_mean_fa_bn_gp_gpe_LRAVG,DTI_mean_fa_bn_gp_gpi_LRAVG,DTI_mean_fa_bn_gp_vep_LRAVG,DTI_mean_fa_bn_str_nac_LRAVG,DTI_mean_fa_bn_str_pu_LRAVG,DTI_mean_fa_die_hth_LRAVG,DTI_mean_fa_die_hth_mn_LRAVG,DTI_mean_fa_die_sth_LRAVG,DTI_mean_fa_exa_LRAVG,DTI_mean_fa_mtg_rn_LRAVG,DTI_mean_fa_mtg_sn_snc_LRAVG,DTI_mean_fa_mtg_vtr_pbp_LRAVG,DTI_mean_fa_mtg_vtr_vta_LRAVG,DTI_mean_fa_thm_eth_hn_LRAVG,DTI_mean_fa_ch13_LRAVG,DTI_mean_fa_nbm_LRAVG_ant,DTI_mean_fa_nbm_LRAVG_mid,DTI_mean_fa_nbm_LRAVG_pos
0.6496393297093535,0.5416524484753609,0.5316076095790079,0.5028037438169122,0.4454109770662945,0.717857680504637,0.4055224362009704,0.5611014033698049,0.6520990046637604,0.4917348425248514,0.3878347671786528,0.4891835131451211,0.385747648242235,0.5511376785946982,0.5532899158484522,0.4501763013316044,0.5542867707977435,0.5009284106117269,0.6335913121989688,0.5989977185129417,0.6048127781594506,0.5872047682982806,0.6288552531302116,0.4778795841944633,0.4541174416106356,0.5177914595628682,0.447622556637213,0.4347133689495358,0.1326668727742453,0.1180605409091845,0.1005530295878257,0.1090240940218723,0.11601528845341,0.1022769303477009,0.1114721788142449,0.1337650020407455,0.1292940464637771,0.1038812861909171,0.1276904438432052,0.1043293714176741,0.1148507508623193,0.1072921151349377,0.1235042404546964,0.1136292450598362,0.1128450511221126,0.1089148064317807,0.1010112872831772,0.080672663099697,0.1112019038181667,0.1418065468075132,0.1156152052098501,0.1094616612070121,0.1582212450014632,0.1067806365412497,0.116490650780697,0.1062514968574793,0.1177926227463952,0.1113557683363647,0.1051181770646347,0.2131884378849,0.2963590040935052,0.2192544238746837,0.2297100961270922,0.2232881833619706,0.1588725695926577,0.1405434381008518,0.3748624856092942,0.1991965129277068,0.3645570880886333,0.2855349352619399,0.3036744004758597,0.3052909587110792,0.1830885075964033,0.1163187017778285,0.223267850024546,0.3377974901669742,0.3834609962435382
0.6570844211622779,0.4462997513598409,0.585305380480166,0.4672815882391162,0.4031205508152293,0.6485536555792911,0.4094135987386332,0.5308748797392981,0.6224890802170291,0.4555413774458006,0.3903111441965802,0.4443626222347665,0.4306131153656863,0.5196342355577286,0.5650045103851165,0.5222128724946347,0.5432853507863872,0.4724507999189139,0.6068235119295382,0.5222675351458785,0.5642104570976876,0.5870094405625852,0.6638262923782621,0.4688448893569856,0.427011972513613,0.5279058044590497,0.3583842436785528,0.4955889209339799,0.1083307823053392,0.1043702461707057,0.0915716671611009,0.0929329743412027,0.1176818420881936,0.0999277544692001,0.1045317137736886,0.1255066496355183,0.1224408361020817,0.0989855017051213,0.1133062537989373,0.1064237840596884,0.0969700978755966,0.1045726861824433,0.1161858707657851,0.1075565847942523,0.1073000857638699,0.1023414826408571,0.0947654319758237,0.0933392473569613,0.1022501374756423,0.1084077333490482,0.1011892612025072,0.1055106461175856,0.1223390895718522,0.1084804689548335,0.1129463545625091,0.0991160358665702,0.1025269355382905,0.1056341812110424,0.1104757021259475,0.1856226258709297,0.2465758848681146,0.2750825717424353,0.1326721884934375,0.2145449384815747,0.1953192735536428,0.0739787921775132,0.2982975030165938,0.2235150204792364,0.3730980195237084,0.2745365306565707,0.3153934202367259,0.3726941252748171,0.1256432367672958,0.1460822952063124,0.2324135156374732,0.3592615842572966,0.3412074502823106
0.678333309743948,0.6300522006220288,0.6034427269292223,0.465113201988758,0.3861335979953799,0.6721187722728108,0.4577131761600319,0.5543704572883068,0.6315014141620119,0.5684268344667808,0.4494228712065465,0.516423853092341,0.4410329985972777,0.5146653179964225,0.5146475237336312,0.5058438128658703,0.5191728162103486,0.4819389060724194,0.6194482119067437,0.5774862027526917,0.5687409665463774,0.567835875852446,0.6085695246332734,0.5221108034511255,0.4871687965935003,0.5355836329828481,0.534343933082148,0.4886985944036175,0.1201434868682815,0.1206608207146663,0.1031454161741217,0.1220333629277452,0.1222015583759033,0.1113861000996117,0.1179457054709952,0.133212489628427,0.122260912397062,0.109929059857691,0.1282372812991283,0.1143726573932188,0.1056379384121553,0.1156682536972132,0.1347930707342017,0.1097155051336793,0.1189316772984792,0.1167487325024499,0.1119542532047404,0.0888405022602294,0.1278367019951198,0.1144179585613654,0.1249612571452475,0.1125082097771713,0.1377847910482235,0.1175335145722044,0.1292915347895122,0.1107890404588521,0.1183205209402897,0.117418030176022,0.1070208718311678,0.2164338521285835,0.2995101231378837,0.1701830854906945,0.1315591045746809,0.2019658698839198,0.263321039611234,0.1956839441237124,0.3798949851111198,0.2179112038264671,0.349792573083078,0.3822745863554368,0.312097304331308,0.359525279328227,0.201778940608104,0.1551463304378991,0.2276772876665493,0.3551855693692746,0.3410700762628113
0.6795792719227943,0.5203426174744211,0.6067733816611253,0.5024455180973346,0.3437299040293601,0.6852393750455607,0.4551771206375149,0.5672263499137876,0.6492252723854457,0.5384303983498833,0.4090394087261019,0.5056874731707643,0.4018334830789122,0.4958514460219537,0.5574009824927917,0.4680052663475285,0.5855412540147644,0.4990966725880265,0.6456267765304848,0.6310417189628412,0.6052479563310047,0.6069998301556481,0.6776060296590872,0.496088700225345,0.5031941078350419,0.5033635156920347,0.4292945319595557,0.4499954035703662,0.1117356912642824,0.1036308565914785,0.0902593673339373,0.1009350753209658,0.1061903481116924,0.0991615407866716,0.1105514369508575,0.123545084237063,0.1171445189976518,0.0956778193253932,0.1113368007207628,0.098329105729056,0.0981077741507973,0.1083514799205076,0.11881591007375,0.0990476978988919,0.1079207187938508,0.1025792607940679,0.1033511125288147,0.0754774305808821,0.1054349449005589,0.1095313286698175,0.103601545359013,0.1067170554995277,0.1192438287872706,0.1018402131016296,0.1094321770346836,0.0947558474791591,0.105151258973143,0.1041800977672204,0.096316426546688,0.2295533133133515,0.2970961132242034,0.1993478382735148,0.1438446651559479,0.2071895617124023,0.1903721485215378,0.0749700008697497,0.4101383331182756,0.1809305329092705,0.4259101286589626,0.2735589220293873,0.3520752521841947,0.3969706031493842,0.1677074327000549,0.1143452221182703,0.2347155197267268,0.3624495534373279,0.3210163289045284
0.607505357639861,0.5541710591897732,0.5445408443245796,0.5180174638335895,0.4042997691631317,0.6472904560513757,0.408711430153043,0.5521049761925774,0.6594837473652662,0.4578627906053623,0.4424540546842187,0.513790871096565,0.4107605289054168,0.5056038341465066,0.5243363501895966,0.4867350403008346,0.5675385699080175,0.4518233648635726,0.6408488661635516,0.5732029730073378,0.576001418351771,0.5546900660932496,0.6669687715560575,0.4581016677235127,0.4189473811251094,0.4720922568392807,0.4008078253952742,0.488486138710567,0.1210959151964271,0.108431838813503,0.0982967491771498,0.1129406148621616,0.1180965081068471,0.1025876745142378,0.1200675627662292,0.1319985561063674,0.1277771621406491,0.0997002303501605,0.1190508234271744,0.1079996868748087,0.101077711246421,0.1112199180074057,0.1122153361973266,0.1126906288690517,0.1160839281306428,0.1145576338568644,0.1079991724058806,0.0721263392174958,0.1076079451295144,0.1334847571841115,0.1097802605624992,0.1070650984557014,0.1238585089517245,0.1122190633302206,0.1159041421226806,0.0986422421595266,0.1195226649391298,0.1126838725372061,0.1025611103704463,0.2416924613465865,0.3133895847111426,0.306277919285995,0.1710731788324995,0.2490712311207962,0.2367010797227496,0.0977345248994727,0.3554753607463257,0.2244461688399315,0.4113961596396707,0.3280554511022088,0.4047831730666151,0.3796176053583621,0.0896163826639002,0.1646678579122233,0.2891137543026052,0.424782603953609,0.3545299527453163
0.623745567631694,0.5198654181352167,0.6153858372784735,0.5046405108741521,0.4165495179052985,0.6781668908101323,0.4614080347256615,0.5871777418169271,0.646366196117798,0.5115903498947485,0.3928791656896122,0.5046370621617571,0.4182242575086015,0.4957332939409264,0.5283462743829046,0.5272838373685448,0.5401778814959324,0.4820018281350257,0.6390876759853393,0.5904015590966207,0.5804397466950912,0.5881890704558379,0.6101581316806624,0.485010238415585,0.4922280849059843,0.5306862341749952,0.4096151975489779,0.5340868824058109,0.1203059507295632,0.1051852794518744,0.0894376852755225,0.0992742497749463,0.108173307428292,0.0966059523621587,0.1086701799282676,0.1199840547888129,0.1236551409329791,0.09628083765308,0.1092990762462736,0.1031293899462146,0.1040990586777599,0.1051112245852836,0.1085956642751473,0.1041983348818033,0.1129534993025851,0.1042247844526511,0.1033643995624309,0.0834680675565684,0.1057320021863605,0.1102023161445808,0.1052853502410126,0.1068728399685819,0.1102879947716025,0.1076056904279794,0.1114908357552291,0.0934131993204659,0.1079198528492043,0.1050773652307835,0.0923287015254263,0.2390178030161261,0.3196445301400394,0.3325227116545041,0.1422056153126797,0.2221858910472181,0.2434529303273331,0.1330014122650027,0.2987548077643728,0.2476352009264426,0.3984391434401733,0.3485618085668581,0.3438083822607185,0.406077916194231,0.0892947956750338,0.1920690288477,0.295728195140638,0.3640926065859655,0.3098062819043393
0.6581028493268136,0.5848300031951217,0.6102681994880931,0.4516318993777742,0.425401945368332,0.6893461501834193,0.435883119679881,0.5653772115576079,0.6605265272389877,0.5171670671893065,0.4065430649066694,0.4423018634092709,0.3786185734181706,0.5124569784916275,0.5248704824285104,0.467287675226912,0.5300717620848618,0.4864646658057262,0.6251618115195088,0.5818809721096507,0.6054118770329298,0.5814023717594035,0.5935411806290467,0.4693547845071645,0.4610243690715156,0.5024711332722287,0.4144666698799205,0.4400007682688096,0.1086298036191836,0.1141674586477905,0.0827615238227292,0.1030321257298166,0.1165599988064637,0.0962746866627464,0.1075328682991992,0.1304741922970737,0.1249797204630172,0.0933920865259178,0.1088092873366738,0.104629885738051,0.0959905097887507,0.1101352737295822,0.1232347986817507,0.1132549021022628,0.1152922226087321,0.1030597902554652,0.1062654709921664,0.0724707513501147,0.1105643996772948,0.1348914881509833,0.1124674721245567,0.0983803760886236,0.1085668018482091,0.1109737153845022,0.1191077634336543,0.0986365220711903,0.1118677199698484,0.1079375859045497,0.0944104237560025,0.2218537411091999,0.3057279714396034,0.2165145466902425,0.1560993135711172,0.2098046440162367,0.2048232630641586,0.1321067459636715,0.4147068537447763,0.2558712616426551,0.3725240937908134,0.3668825930721024,0.3580406721759666,0.3844418892580451,0.1441639895654386,0.1218390244651924,0.2169392036205961,0.3585365994522969,0.3820437293025579
0.7052073492434437,0.4775505294843066,0.6253445330345868,0.5084482168016736,0.4508838779477001,0.723821753943999,0.456699619118413,0.5427560585798534,0.6883703020938285,0.5210492316211581,0.3788912725989555,0.5218100481446388,0.4169643721893549,0.5549216332645985,0.5422122745971749,0.4797928121644759,0.5506268594532544,0.5318523697498554,0.6653926055549888,0.6195700720749695,0.5972231037019597,0.5672425742531126,0.6245650711660835,0.5206301483547765,0.5203752400325155,0.4974315287304713,0.448320945041875,0.4816591991035919,0.1183991432789171,0.1163372062032597,0.0885097016654678,0.1075102700143755,0.1157380499765109,0.0991641381340954,0.1186199072469664,0.1297270118419972,0.1265351372943255,0.1010660899031002,0.115619146974274,0.1002139587040398,0.1013890719082895,0.1122161806384452,0.1207241556660173,0.1125524820597856,0.1147186365483061,0.1063140669617698,0.1200264384210494,0.0739194405895735,0.1079382124606089,0.1130255361733323,0.1104007848549589,0.1076148989381174,0.1113633269010953,0.1185898135730529,0.1184458269442607,0.1003872169061347,0.112192972625312,0.0999536088223655,0.1066809018845674,0.2182214363924497,0.319608012223825,0.2636986697129174,0.152576559724297,0.2014543605024004,0.2430680847625287,0.1119396810091155,0.4618538097810549,0.1966101962748135,0.4111134729686475,0.3595821965022377,0.3517889142526608,0.3905020749027078,0.1791978755167552,0.1774798464826553,0.2745437134578363,0.3804078646366718,0.3257836013817602
0.634163470307808,0.581943864268916,0.5604959435475286,0.4564371482810433,0.4090869824732503,0.6882366915389929,0.4162488078308809,0.5717175253155948,0.6431710600846614,0.5034329979577862,0.3935287094104065,0.4824840900255367,0.3970801624045896,0.4867750672618415,0.5091018752843655,0.4300388695398335,0.5552509320698316,0.4641768919562463,0.6273989175590498,0.5737229405317903,0.5843504151719956,0.5493655890246465,0.6401831042135513,0.4694841010782397,0.4367776819486598,0.5047154749974561,0.439407343504445,0.4530418386029992,0.1133925069070821,0.1069893412497526,0.0849696402113052,0.103591026078542,0.1073127528243196,0.0999466660593744,0.1028174332755345,0.1322473367476031,0.124511539176331,0.0961057385240738,0.1130689095496098,0.0974430466107028,0.0962736980842694,0.1023611868256713,0.1077986179997385,0.1026365155267138,0.1134758504153014,0.099185283467842,0.1043652904522854,0.0733705773140425,0.1052949828309242,0.1165352233879236,0.1071717127498554,0.1014775471105911,0.1224367853351592,0.1022263100931686,0.1122518695180861,0.0959701100185326,0.1079470951467861,0.1097920614517644,0.1041809900744264,0.2266925366136748,0.29855920593241,0.2720621498135317,0.134721445224927,0.215313774520872,0.1926705236448663,0.0846834519065748,0.2736991776172259,0.2174517792790863,0.3571382380930855,0.2688720110009063,0.3173492531697716,0.3972331526187749,0.1406583956309727,0.1466935970944662,0.213397440747119,0.3887219267403287,0.3276593361789931
0.6493444605470812,0.5788604506934193,0.589144362678828,0.4853302488330985,0.4151948608999563,0.6709033554020546,0.454605505410055,0.5887935996227589,0.6390782043283603,0.5541974200781703,0.4805797958703905,0.508923970174347,0.4260958417742921,0.535464459754349,0.5515483591523289,0.5375413007931029,0.5787356301690593,0.5078617957769798,0.6400272571808778,0.5915624960673336,0.609104784006798,0.5715446521668238,0.6456713668518996,0.5275225221676807,0.5080702413149454,0.5340393056262112,0.4728269047308888,0.5402068799016653,0.1109151403538715,0.1189513617024951,0.0980532841425932,0.1017689955474696,0.1112682164804608,0.1035370712174897,0.1062214792222872,0.1244782885863566,0.121986824089517,0.1014199205770805,0.1185581626843128,0.0956098477257333,0.0993534242288307,0.1072856100273254,0.1179381701624337,0.1024327460735126,0.1143569610573061,0.1044391906797345,0.110106578506214,0.0693068266622609,0.1136851107937987,0.118178975969572,0.1155887242251565,0.1044368901015556,0.1079969450080725,0.1119186716215365,0.1196229981689956,0.1063705689990882,0.109987189940886,0.109639339036204,0.1008625316742216,0.2184009966498974,0.2863785533386457,0.2128376100302645,0.1146494464773117,0.233579769121821,0.2488139807379955,0.1394260558495376,0.3539989656860848,0.2028563697762977,0.3795582204611951,0.2548713826506897,0.3145172293622826,0.323722225072838,0.1592980589717626,0.17608073944047,0.2405308885589348,0.372084317401379,0.3424736482283425
0.6513942443443719,0.5861358708022414,0.5609024121560415,0.4420360061831179,0.3748349740763698,0.6824937095095599,0.4269162821324983,0.5542891236323231,0.6656626976633123,0.5111957137422084,0.4646853449013814,0.4340722115344964,0.4280507742429691,0.5653898174328658,0.5503572005691297,0.496482333124006,0.4969239042740812,0.4722297938730483,0.6352538096057453,0.6400128239774909,0.6184216272121222,0.6091531343326635,0.6198734681135869,0.4882867275141553,0.4436056220160769,0.5075615168025169,0.497200305654541,0.5019922200833326,0.1160371380219396,0.1143507033685576,0.0898928698603963,0.0974192443613562,0.1159851600501063,0.093806364489469,0.1130242087953332,0.1191856523615288,0.1130591876512907,0.096848884950027,0.1222613287758529,0.0943453561244367,0.1061237010625443,0.1049940708061148,0.1227974077513299,0.1113487236051415,0.1129117299592572,0.1076055359408348,0.0962905768128244,0.0680783821558046,0.1048337232942561,0.1263554957029165,0.1102483050856435,0.106002231728371,0.1188608277539256,0.1089538935900906,0.1188746104563443,0.0969532344956234,0.1090905921800391,0.0995481935609772,0.1010855237793764,0.2075114417771656,0.281897007875461,0.1954535735024284,0.1269704154713647,0.2062901737178968,0.2107951895670315,0.1437860252779154,0.4296836538701994,0.2268270518523912,0.3972693083207053,0.3559893087057744,0.3591528248683165,0.3837969668564343,0.1645100161602551,0.1269253966147484,0.224931260721725,0.3738002211894874,0.3827000633490973
0.6885112475100745,0.5426946140415086,0.605809987562987,0.5008366081812188,0.4709389658946219,0.6899229952351182,0.4336950392651186,0.5681489080986262,0.655007261086167,0.5281094289202608,0.454835968787552,0.5062439736591218,0.4162719721606147,0.5535394699731742,0.5401915650889476,0.5106974107435954,0.5810312415860872,0.4892535173175121,0.6338666875727552,0.605069707493429,0.5981522022106097,0.6053926496726679,0.662981683673187,0.4868690560721189,0.4535244025201977,0.5015281755624473,0.4335251843284344,0.4967265128291078,0.1169369333211131,0.1090996194092725,0.093784876910037,0.1059753801885579,0.1111145896942235,0.0967714625327714,0.1089208492267122,0.1282966060242428,0.1124541406814648,0.0952896117756424,0.1143943005725265,0.09660532049092,0.0970082039197154,0.1123693119529538,0.1168648443094576,0.1151228476425538,0.1076544587404366,0.0975579920773835,0.1017263695987448,0.074361417490983,0.1100541363412184,0.118637589001622,0.1069612231576776,0.0964785928523936,0.1236046566800737,0.1133631514222346,0.118367335944452,0.0982690366410868,0.1080347553707278,0.1043545298973006,0.10338402562816,0.2353772817687369,0.3177575662541083,0.3209750311851197,0.1301599292771499,0.2391073204496445,0.2263014708019582,0.1362844834636364,0.4078809017767835,0.2064901267867383,0.3954430177414439,0.2827285211079003,0.3425182137729191,0.3640529048939546,0.1605992958618279,0.1404051126065579,0.2583838003292262,0.453206322983823,0.3580048659693897
0.6593070281001566,0.4506689663137401,0.5604697172468455,0.5077392864433324,0.41831517662853,0.6999781832709586,0.4340439178242835,0.5419584929656771,0.6487658040986677,0.5005286707680737,0.4296123514063172,0.5479138475273551,0.3974611323998317,0.4947005640235637,0.5800697676820924,0.4758675536742994,0.5619531234977677,0.4626927737175648,0.6333550699508124,0.5907333412884501,0.5937245544638885,0.5578392470154261,0.6686134672045396,0.5041691649215407,0.4559474472437174,0.5101668411965653,0.4041869663880775,0.4605385978503377,0.1215408564873021,0.1082041720279727,0.0921224148677834,0.1039881423575268,0.1081625233712104,0.099402779331237,0.1039743919331891,0.1222402184958773,0.1192459862371854,0.1005254224047054,0.1163167138259331,0.1000864064525788,0.1045828494214271,0.1034527963602873,0.1071558923510378,0.0995040824326899,0.1158155212937188,0.1042490009962493,0.1030069236790645,0.0856686044819114,0.107211559399937,0.1217031187215599,0.1042563045908601,0.1012571229731085,0.1062551457722737,0.1166442945587317,0.1183238401437524,0.0998643207938489,0.1118879438972534,0.1093299360513676,0.0901191125707392,0.2180929785834525,0.2739055563903595,0.265562046015704,0.1784864053576078,0.2302909734657661,0.2254264597005832,0.1030229203507156,0.3678673116204668,0.151885120847119,0.4156270613000817,0.2697434232927354,0.3341871439136596,0.4056652424236138,0.1418137588641709,0.1675301561752954,0.2434384808785004,0.3675458385608439,0.2787684347878613
0.6799147844392456,0.5414798083007336,0.6626942740667988,0.497574898428763,0.4229709054328804,0.7167530143685349,0.4923160028642996,0.5661202598419781,0.6512031740110944,0.5938462246039878,0.4511455440823863,0.5149483166199489,0.4325053098313091,0.5306920688322401,0.5427455718101899,0.5029644287477293,0.5739919758968579,0.4994603333051242,0.6479617004799717,0.5923404531599722,0.6005278746699038,0.5968383510571611,0.6408258288030947,0.5022429814574443,0.5023263746437927,0.5115562832267292,0.4653113293047277,0.4583343507239457,0.1282696016428331,0.1094470905660681,0.0970442227884424,0.0950796954019758,0.1117405115460775,0.1002254628830311,0.1089117715759162,0.127511671844007,0.126455813643685,0.1010835181727743,0.1133806730074147,0.1024917654584905,0.0968390246019644,0.1061209303892165,0.1112790937750781,0.1197017869414377,0.1106815798892392,0.1052162090073372,0.1028094311643887,0.0996683275185567,0.1078537330984496,0.1143982298469076,0.1081462301618504,0.1049135085940062,0.1103403934221213,0.1092502483452839,0.1183294898541859,0.1003495626220787,0.1134894572550022,0.1046057502764665,0.0999577228926547,0.2426959597570784,0.2714198579379839,0.3162087253232797,0.1549965232315776,0.2291402708181888,0.2476988051414282,0.1429321435084488,0.4015713411588049,0.223967027221177,0.4087481074589369,0.3114072035670014,0.3352766193449497,0.3843928334258851,0.1937994091875022,0.1479790325807164,0.2317730794192437,0.3685557993423209,0.3042682392797509
0.6073268030586382,0.5558777196626914,0.5371612630295477,0.4447557372591385,0.3681095694685312,0.6498192783776771,0.4217217657101023,0.5507643537647593,0.6674938319571975,0.5541604559825636,0.4469609352789093,0.4212785715576401,0.4126181852837774,0.5116189833401577,0.5341327410200418,0.470625690394828,0.4461647552839469,0.4877779437897279,0.6269075724385827,0.5556655497679414,0.5745224026005998,0.5789312657506135,0.6468965936620892,0.5016620196355874,0.463972584745702,0.5226123026098571,0.4104036018495944,0.4669403043581775,0.1296297655556821,0.119103247136359,0.0971588577641451,0.1129882819942817,0.1152965829283807,0.1012496667215171,0.1115714665127038,0.1368956876979907,0.1249159402613988,0.0962871996115735,0.1113482266402251,0.100360938941036,0.0999805367124191,0.109467542563243,0.1272655329372662,0.1163855282993282,0.1180795746803669,0.1048810821422685,0.1069969459546485,0.0781504195652645,0.1088008828997021,0.1197866977834976,0.1092129950874725,0.1063796941156922,0.1208876074655719,0.1147928221730205,0.1207130169193907,0.1008096176107015,0.1080314873203993,0.1070419619056844,0.0918497741881443,0.2350075157024921,0.2704847332564049,0.1744143916047036,0.1704075208564709,0.228020280453468,0.1875370151145899,0.1482305183622335,0.4334350512004815,0.193971561754938,0.3580515561838729,0.3787567166818512,0.3697400981320664,0.3910933922444071,0.1425854666365517,0.1035699868474953,0.2403233033517186,0.3067965313207934,0.3614977877833831
0.6398103918601555,0.5435544898500666,0.5207867088046536,0.457722795189904,0.3610675729839521,0.684904924544473,0.3650232834235781,0.5583926453237937,0.6401825760565303,0.5111273938611814,0.4352046936040832,0.4388452798954023,0.4006958983239825,0.4803475145817077,0.575575849879533,0.4456426476452136,0.557777091614361,0.4635977175692789,0.6520210296037898,0.5624527897719637,0.5891396428785318,0.5432890421401061,0.6789465556501334,0.4962612411174059,0.4416281703989223,0.4853178599591019,0.4403671704046569,0.4674746753446624,0.1208754370171975,0.1137246579503704,0.0860087062878873,0.1003422137607754,0.1186667438914409,0.0984862529600492,0.1191810229030471,0.1236780047926447,0.1230451237621221,0.1006769449274518,0.1206085831530136,0.0960689372728755,0.1002078159185684,0.113190186122865,0.1202908375621273,0.1097200887449147,0.1163820355992871,0.1124791604712744,0.1078778575927189,0.0741089625815675,0.1028259966090108,0.1328719612938708,0.1084927939750223,0.1015139750500072,0.122511754822842,0.1134025831843499,0.1136738211417838,0.1003217202603926,0.1108574090593161,0.109701613960829,0.1005636987430116,0.2311128051612497,0.2423642682352951,0.2087122064943496,0.1454522146685761,0.2378477956672563,0.2007852325904559,0.1632268018843162,0.4702530803306708,0.2095780104624502,0.3637655178416106,0.3130483084085692,0.3470726310924599,0.3724912483902538,0.1833431276564414,0.1217202395053234,0.2382374047710184,0.3488566325168184,0.3814280902626917
0.5645731247278891,0.4658053333254217,0.559795181610623,0.4913419114976527,0.3958876811509313,0.638693604741092,0.417915937830368,0.5786834519591695,0.6548792858408693,0.4712637531915645,0.4100891876714778,0.5114376836637308,0.4152491947724899,0.5418478905069215,0.5281144711041834,0.4358245627044287,0.5166716352279659,0.4899081636195708,0.6402560131012835,0.5807857846339655,0.5943441498536692,0.5474072887161061,0.685659001348256,0.5278802872574191,0.4950592808916749,0.457981354926574,0.3811000179198588,0.4544777137550895,0.1133294715643731,0.1082509896416259,0.085010593487316,0.0939858665972653,0.1148871535004864,0.0975890861336621,0.1156837751707285,0.1257709552348533,0.1179240261980289,0.0987229608858524,0.1155524576625297,0.0975707193873713,0.1047195004524042,0.105229686044843,0.1019899133588927,0.1024392877731507,0.107215746789934,0.1027330744998965,0.098673989093034,0.072103404721255,0.0988321303005721,0.1173638651569772,0.1017092889617535,0.1016037773315968,0.1131614010910774,0.1050817304532745,0.1165225677145139,0.0935294091534242,0.107836316416245,0.1032898733017192,0.0948854767291559,0.2173705454078827,0.3026575626491996,0.326482668610184,0.1443952950076816,0.2372635879803205,0.2245001844924311,0.1219066909824808,0.3530703261415442,0.201383614759451,0.4239821292561563,0.365408611388839,0.4038078157094921,0.448305451311171,0.1469591193211575,0.1551683197102071,0.2651122080505325,0.4034663729589977,0.2934264993013819
0.6427932531635394,0.5663660137653351,0.5639331989529871,0.4664467484147034,0.3922956633171912,0.6829399970177541,0.4134072303681951,0.5352533001884072,0.6028629983942051,0.5029166884002149,0.3499147812220436,0.5039292971636433,0.418101992092673,0.4767913756963817,0.4951936949545493,0.4792194793503,0.4990518758421312,0.4706539446897717,0.6363027234943226,0.5647618078476957,0.5751440450246674,0.5599472520126694,0.5560109916886296,0.5008191291999188,0.4780891101566856,0.4999683294746803,0.4538522246717051,0.420698343608223,0.1171013785476208,0.1007509741833307,0.0835631559473294,0.0971820378730519,0.1136734725753408,0.0958474435562602,0.1105911673739157,0.11452368025208,0.1083997896958727,0.0934256270438875,0.1069833378296211,0.1015736357410382,0.0942481245627067,0.0996964978364715,0.1032644632325653,0.1028677936314975,0.1011150455553699,0.0922655095252856,0.0979862760096479,0.0797535528714199,0.0963535176320441,0.1122928207229077,0.1015889896244008,0.0983529435543143,0.1111138166699098,0.09890634228222,0.1050722740142736,0.0955008507269929,0.1044026205288821,0.0961730544229771,0.0857586317229011,0.199707429566521,0.2463242576819824,0.1853373334601973,0.1203929432415762,0.2050495079893262,0.2287902376484039,0.1032719189404613,0.2935249230351922,0.2126171007579149,0.3318169200906249,0.262619870530446,0.3107964301792283,0.33858005755714,0.1187731363943645,0.216197196394205,0.2021879404961767,0.345389026704445,0.2942764220813586
0.6751931600544856,0.583862363409113,0.6273902392231181,0.4796348790796794,0.4078320604275892,0.7159778883807466,0.4829058223140877,0.5892511742029716,0.6750643782893516,0.5588384649977189,0.4366451914246116,0.4459708453234243,0.4484043657848267,0.5426596497966492,0.5277736000847841,0.5361177447260986,0.4878466255419577,0.4950755621818682,0.6488659150645698,0.5944551266046275,0.5831316892630338,0.5927992162292812,0.6138713264939776,0.4836362184082134,0.4814453416777895,0.5210248464007567,0.4936232231058186,0.5375225637223779,0.1176899792117211,0.1083765568272186,0.0889178506111428,0.1006247121372713,0.1039077105653314,0.1006971602625247,0.1090881639873054,0.1240254581762372,0.1248835100758561,0.0960191051051854,0.1229984374615132,0.0962018127702944,0.1049703606534303,0.1037207917116672,0.112444933430346,0.1040213726157407,0.1096140913904989,0.1026113992764088,0.1049403414926794,0.0799607998480161,0.108695146660422,0.1100454656745298,0.1116133027704973,0.1036150084873052,0.1435066423070494,0.1117034580422308,0.1182792732345669,0.1014566082529654,0.107484561756476,0.1083530676540739,0.1048248520514673,0.2543057249261269,0.3271123255971623,0.2773525384852561,0.1359416109683749,0.2167982170672598,0.2008039402733978,0.081063576856581,0.3755093010294302,0.290965758009442,0.3104634535537544,0.2543857516504304,0.283186443971409,0.3227874623103575,0.1528074249625206,0.1531742972345778,0.2621506673481821,0.4256043248823178,0.3306604403683117
0.5751468164060868,0.427417100811342,0.526100068452676,0.4645330577780787,0.3612662986297469,0.6647063248615334,0.3852867795607018,0.5389618742042798,0.5974612422947643,0.4946302053133248,0.4066236121179785,0.3957739141551292,0.4059035699866974,0.4922171203225376,0.5416934254879509,0.4873098512710064,0.5158741171438723,0.4410801686760961,0.6283602531492589,0.5551555586389552,0.5820689954307077,0.5523767024329936,0.6400208984125095,0.4556003469533615,0.410098584992932,0.5020504600508426,0.4141695091391694,0.4764887232924737,0.1199425508627635,0.1019464555209972,0.0934050242273176,0.1029352093684118,0.1151989357573433,0.0980043340673469,0.1099717868469396,0.1185184342958585,0.1147990702204552,0.0971085539062168,0.1063717683822408,0.0951535591024517,0.0926887186254317,0.1069861256760947,0.1062292756714127,0.1097730790070111,0.1052332717738268,0.0967754384442196,0.104684736403273,0.0751279071718283,0.1092142551904458,0.1201422422679535,0.1025255120569842,0.1025114929627187,0.1193241560397225,0.1048274154595677,0.1108484168213016,0.0971726177628624,0.1083300498468756,0.1042609468005298,0.0862313861081621,0.2174367471872254,0.2490311416509413,0.2088972450264038,0.1631625256744211,0.2324234644110392,0.1591512728316176,0.0923033894252274,0.3394685614647136,0.1824949354119787,0.3183517185532665,0.3248315763651815,0.3478710322643306,0.3629352028171221,0.1283207399149735,0.111085402636556,0.2357291771910474,0.2915601024239982,0.3758165108764337
0.625679384519058,0.5260761653151468,0.5205600916294181,0.4649557204220933,0.3461219978332519,0.6718518942643491,0.4123052247681327,0.5230470908018843,0.6387310598222018,0.4962015714048698,0.4046826083916378,0.4546327915732265,0.3810530927021905,0.4614476066497744,0.5158466560060257,0.4837108648618442,0.5269098100649112,0.4555162366354505,0.6019547464450414,0.5640729110415292,0.5715067674227499,0.5845877137163031,0.6712385307732465,0.4489525446842413,0.4395557934341918,0.4821888123136419,0.4718854645490819,0.4399456188700715,0.121175256540824,0.1067393010258358,0.0833123200686733,0.0872650829518857,0.1023718357212297,0.0951523482978124,0.1026525289609144,0.1123141733424634,0.1054590514515843,0.0908022854513044,0.1107896962885872,0.0852412351168103,0.1006531003010033,0.1062320803525773,0.1047691050853043,0.099685804612159,0.1086308554828387,0.0995091550822725,0.1054630149144322,0.0698983454026227,0.1028589173339396,0.1220310511049562,0.0977753152277283,0.0957126322367002,0.1223634300595491,0.1062375748108477,0.1122430966104265,0.0893571454379452,0.1035278086135014,0.1045803189995705,0.0896152626672709,0.2098976015028045,0.30041217617652,0.2574722760223916,0.1600887915781166,0.2014656898247342,0.210814462003436,0.0774365736585523,0.3835955293725324,0.1545590052292459,0.414806333072516,0.3427683804913168,0.4386268992767189,0.4346272796392441,0.1275649128433365,0.1174204367640855,0.2173541340843907,0.3629708281174922,0.3359382211409433
0.6427214644681508,0.6276824671087913,0.562208253185359,0.4823420632598265,0.3682779913795167,0.6623828128097177,0.4466645036779911,0.5516025760073879,0.6417475419828004,0.5061292839397711,0.3659036460945114,0.4270681987264334,0.3967963939356077,0.5396192505804667,0.5534393503769077,0.411653881876913,0.519047914895826,0.4716920215803609,0.6227398314345698,0.5836458749844153,0.5725767180354937,0.5469921111983851,0.5991462943521798,0.5026599792668041,0.4431522918868009,0.5230254607854716,0.5064520267189505,0.4508954469002334,0.120497891540876,0.1162939517438396,0.1012320978402638,0.1158332653306144,0.114616276992509,0.1095118622009646,0.111908634192689,0.1273703165502763,0.1155888891258695,0.1011248334806345,0.1288213066864112,0.1015166907273248,0.1137690654993044,0.1111045272869675,0.1201110160468159,0.1110140824009317,0.1207008084142766,0.1108103850763012,0.1102831407028659,0.0837876577931946,0.1121168661936527,0.1191886386342323,0.1164031285828721,0.1057988852014899,0.1457875620568073,0.1096721588037551,0.1181903327757376,0.1057946603695185,0.1163825564496841,0.11514210633866,0.106908580775238,0.2170574419524495,0.2083736296864144,0.1695384499731293,0.1857613209596393,0.2128630709874733,0.1665851444591641,0.1262104448259753,0.3782847850901401,0.2014709225413711,0.3326909049056913,0.2904400853810301,0.3172174450548197,0.3195099911628625,0.1742272309958934,0.1204551343579023,0.1641509720683097,0.1825237567474354,0.3150755105313485
0.6608929719972457,0.5777939738153102,0.5678226111971951,0.4751279961512523,0.3675472233615337,0.6900903226587528,0.4317205598581782,0.5678920715424376,0.6435936628912929,0.5162372491934473,0.4848690636593367,0.4274009616800774,0.3983566445022868,0.5114374235568535,0.4867170922583735,0.4466742179563203,0.4959905436786608,0.5087783886034335,0.634256412150694,0.6072794117369003,0.5808938162043842,0.564107277152053,0.6441575295887367,0.537407618290441,0.4630062763053592,0.5304768803220216,0.4585811348525541,0.4786787165903816,0.1270783106500431,0.1047745822078826,0.0769662454574671,0.0943334827686268,0.1053615771391287,0.0967551034895446,0.1030982823711841,0.1234474893407567,0.1103771347589551,0.0938554912041059,0.103008507983895,0.0854776128546668,0.0962155827176933,0.1004262147745287,0.1170930309442181,0.1111491142551802,0.1095806733330329,0.094734081179582,0.0960278358516628,0.0692269679372026,0.1027613964816012,0.1239420014467697,0.1015579595848478,0.0959351599772443,0.1159729939713776,0.1113759736228922,0.1222951238536126,0.0933087468261494,0.1026771932671544,0.1055688101413478,0.0903969043504935,0.187824050763445,0.2626545811117301,0.2218729873452003,0.1458269156203965,0.2137231249997932,0.2067018124747555,0.0843866990097532,0.3696128516971674,0.1871988751432474,0.3628134858610773,0.3363269599932091,0.3598162722374711,0.378094437221686,0.1678558422976897,0.1040180602994484,0.2356372085145274,0.3801695445488788,0.3494416541924999
0.6175980880008926,0.5354254626565509,0.528732009581817,0.5098567361083961,0.4130917245982796,0.6380564174077478,0.3882545133403665,0.5253971870693561,0.6436172181999886,0.4955290250783933,0.3965652849290602,0.5150602708073746,0.4062806040410917,0.5088112933829946,0.5614644799271495,0.4671562845912415,0.607787577164071,0.4565391379170272,0.6102044284111107,0.5418388433792858,0.5432882714429639,0.5196948057370714,0.6734822375808804,0.4756411667956018,0.4261458260842217,0.4866046507164341,0.4329075127448329,0.5037437250935718,0.1169682516691089,0.1053192519835522,0.0903095734264333,0.1070982014798872,0.1200580834296147,0.1090336730440099,0.1129454219727809,0.1258477306881508,0.109266364045043,0.1144534435903882,0.1117089583067987,0.0996785900816659,0.1023610167962756,0.1088283833352294,0.1158938346705586,0.1032254568436429,0.1074734324111013,0.104354021708618,0.1022111094764851,0.0804593435721698,0.1061998642592795,0.1133898528883949,0.1063400388596284,0.0986403259284708,0.1117745296820372,0.1121924720773637,0.1200359356517991,0.0986988694338239,0.1095515016914051,0.1024115557062505,0.0935160380241575,0.230268126234257,0.2999022123420582,0.2167258896076359,0.1562462388119922,0.2059819119389519,0.1813196396880864,0.1138223545832766,0.4125160193020079,0.174311996686917,0.4507576482287878,0.3031349563130699,0.4056516490913376,0.3787047440459677,0.1122296813875435,0.1057718397350981,0.2162364607495142,0.3477699037028574,0.3454561429098248
0.661730247931912,0.5886145321031412,0.5983150529242418,0.4563456762844218,0.3907604962587356,0.7076436504170118,0.4336107653402948,0.5854165294055005,0.6488173291510575,0.5998959378743813,0.4120312136419592,0.5114860823589138,0.4513969213025618,0.4927841828511551,0.5701353645897829,0.5543012986248466,0.6183356311904569,0.4638310042224756,0.6011800397653195,0.5786645678173062,0.5670531319093608,0.6005435142928399,0.6757737991380501,0.4830152702278462,0.4626531067254746,0.5238302321650019,0.4587163282967598,0.5457784691754866,0.1240728845817357,0.1111782830397339,0.0952904311844616,0.0971484792482155,0.110933119845452,0.1007260035233057,0.1109287178745103,0.1204699290414343,0.1213507119692965,0.1019570375972777,0.1141082853939621,0.1007877559875143,0.1080435798849123,0.1072455639702062,0.1080604356894777,0.1279371504403755,0.1127919366783224,0.1074475287805997,0.1067025614761979,0.0866483633679511,0.1084644891942818,0.116972067182958,0.1117241342198251,0.1061484275410956,0.116992230490395,0.1095607907415704,0.1167589402893407,0.1017740325336896,0.1144198384741421,0.1073484065809711,0.0997699805153352,0.2150104763310926,0.2535395212790521,0.2760548239717116,0.1706312404173309,0.2242925197577702,0.2229292092631694,0.138235573471151,0.364184554435449,0.2243863984671505,0.3577114476839097,0.3180980122217567,0.2666832281069623,0.3219382957156215,0.1938625512023766,0.1415283645448439,0.2713337304064136,0.340258972211104,0.269003879800794
0.6271891877383339,0.5637393103196071,0.5452842760853972,0.4813641200567987,0.3741704573072129,0.6730933753503187,0.4174024604915507,0.5547810738008685,0.6424084156215419,0.5315211461044478,0.4200438045751089,0.5381006641938645,0.4224301124469501,0.5384550008026097,0.5349324463156633,0.4665584180301358,0.5470022581741522,0.4867326738656032,0.6293711432779623,0.5715539985827165,0.5578360165006316,0.5563076896174388,0.6720032695525859,0.4846395439986199,0.4164924235973093,0.5492693409433995,0.4597825705014642,0.4769362297391148,0.1204761012237838,0.1144289314972933,0.0910453334298578,0.1027871348022715,0.1099662974640006,0.1044194002426252,0.1109860132735049,0.1261666454209725,0.1193861011324351,0.0988206860592664,0.1201344728571099,0.098955314801636,0.1122608727103999,0.1053556303066005,0.1155493823617395,0.1080934341976254,0.1084837698304297,0.1114554719463032,0.1102780246361568,0.0765827206753278,0.113281289699333,0.1280097191217561,0.1070262530607545,0.1032101001584932,0.1067425114121249,0.1249622475580087,0.1300746961572633,0.0973528939754852,0.1108005820841163,0.1108946864319509,0.1012219353448178,0.2395235021833819,0.290738095538143,0.1786422342542678,0.1888538931827935,0.2221541498302148,0.180710789171431,0.0918902284465729,0.3926329609289231,0.1915027917640116,0.4333218925044332,0.3651564533836693,0.3744321924944718,0.3886076317479212,0.15103248256174,0.0915949657196026,0.2584468859628342,0.2899092839420975,0.3738829635312923
0.6019294888013892,0.3990222355277519,0.5399948683394798,0.4798133527221853,0.3950192284071818,0.6721050653727849,0.4441015651768387,0.5584625889396139,0.6368780995850399,0.4957557178930841,0.4216331838556378,0.4600748631438979,0.3944185994105261,0.4743123632910005,0.5274227059338588,0.4481084971394495,0.4764132164096758,0.5150950133730465,0.632350717612247,0.5874665079809376,0.5887382688066117,0.5398332619011829,0.6569037040881006,0.5095537897742476,0.4718745916978512,0.5054076007937752,0.4614427942337271,0.462851971349458,0.1219279574730562,0.1116384025880729,0.0977174076360673,0.0971332811060981,0.1034404508009042,0.1048108947027885,0.1096198129089422,0.1210886768405538,0.1232100841507106,0.09608832604466,0.1224063392012157,0.0928055155282578,0.109428742322393,0.1107399280055064,0.1206553101684179,0.1066683630263035,0.1081526645352152,0.1116308246659646,0.1046258822898077,0.0762009406004659,0.112560724535159,0.1309078372125375,0.1086238687170582,0.1054995929742801,0.1226895129878236,0.1210765910269577,0.1253830342529792,0.1024423818266421,0.1076522085213806,0.1112762342477411,0.0963497917134915,0.2443589184517436,0.2335787682929111,0.231051354003804,0.1777722421818929,0.249742851720693,0.1830034725238629,0.0966416386668296,0.3691827410938597,0.2116137714715888,0.3510930839299298,0.3278096879190868,0.3878870214853022,0.4691569125340654,0.1507563807720702,0.117148495140371,0.2307545203117383,0.2340392774281402,0.285267231335966
0.6197155969273749,0.479786981100915,0.5376881565249583,0.5231640232291593,0.4299909077347928,0.6743925038992452,0.4103565090975763,0.5823958907416584,0.6290734796460584,0.4954208674898958,0.4471064893402675,0.4224340297062673,0.4336096797340161,0.489530903950606,0.5476136562231128,0.4985278348858515,0.5745310378098515,0.4918556883812363,0.6824881525129133,0.5782644031521894,0.6301314295111657,0.5683497513353765,0.6798288097492271,0.5328181883324348,0.4885618474503809,0.5438548414834286,0.4185492136841674,0.4761313390622778,0.1233145433866048,0.1041314374132083,0.0877035879135416,0.10404525858171,0.102969773577669,0.0938249632627589,0.110905794802995,0.1139708492819503,0.1080385311981046,0.0951218781311296,0.1086520597219454,0.0945055455255568,0.0910748412978888,0.1022421760016895,0.1083723061399279,0.1054836169557236,0.1041874417841141,0.1006060992308683,0.0973695572687481,0.0872193477996314,0.1045602124437877,0.125756384894843,0.1025652805017729,0.1006089700007354,0.1038472011254209,0.1091105087941152,0.1139979336158762,0.0957964912157009,0.1081540826039381,0.1065208828648347,0.0995616928048656,0.2455296625935751,0.2983992558130813,0.2605213702817519,0.1527270246455795,0.2441796847392635,0.2134869805929986,0.1416311914615921,0.3635436545209767,0.2160454145238055,0.3911435001007802,0.3075484638767582,0.3735262570135733,0.3792558082178527,0.1405361556376402,0.1581191442359785,0.263190961931862,0.4219856268541571,0.3500858614523895
0.6799749629557132,0.5751482910409416,0.5699080725193193,0.4843959323438749,0.4465828600306861,0.6810227954428489,0.4282301701462386,0.5655258617731603,0.6712006604287499,0.4733883939659919,0.4160942316553739,0.5806424585922756,0.3651396842344409,0.4926574693623372,0.546906851132313,0.4544583913644721,0.5447485144294444,0.464021937980877,0.6187750997183763,0.5412011931408293,0.5504720983493603,0.5451413721985414,0.7274641739497694,0.4689684043819104,0.4727873446393983,0.4894667298641714,0.4298293747541017,0.4745519635609433,0.117889679387648,0.1041016123747698,0.0930717778675685,0.0972085215682181,0.1084106666376332,0.1003395960815365,0.1046837731950127,0.12502512668519,0.1053732813294652,0.0959891514156698,0.1098532093682747,0.0918901444888656,0.1003248467431337,0.1091953185728764,0.1040845062901575,0.0875740113500303,0.1091890360410389,0.1091628323343222,0.0989298250074378,0.0794965391615495,0.1015273785436821,0.1221017948536033,0.0990739053024916,0.1028738122693505,0.1260922441396545,0.1110793283580885,0.1129767642790336,0.0958641619469303,0.108218789311469,0.1055458222928656,0.0913826478730007,0.2019275832131813,0.2802780737968988,0.1982800078220092,0.1284963963283431,0.2060283992300339,0.180376850126987,0.064378186993833,0.3171627629075152,0.1897621906896165,0.4733968439415611,0.3010927520976093,0.3711996939064574,0.4261462779981749,0.1279758113563399,0.1424676556934323,0.2353300615951345,0.3672953316845447,0.2908306604466766
0.6323680152908437,0.5290625000904713,0.5608201665545125,0.4847814153919489,0.3773986818093174,0.7008966028197952,0.4253825156563029,0.5296266084565873,0.6329050780038585,0.5100638364377655,0.4101426635542978,0.486352080380883,0.3965629852849645,0.5042992235346379,0.535081654332857,0.5223658380086904,0.5610304105003187,0.4627350943728695,0.6237317143464196,0.5694863539568475,0.5768474832473317,0.5760528819197225,0.6648096903992987,0.4416847206996641,0.4242491475853338,0.4925834517427054,0.483525422381139,0.524574420857008,0.1259396180795882,0.1046300734508061,0.0945254488502354,0.0998339317460615,0.1097334433362603,0.0971224753126625,0.1081109722748102,0.1254123717754864,0.1125808026336519,0.1015752285553188,0.1098073470031986,0.1044446857828822,0.1022489588676432,0.100872012430925,0.1095397766290532,0.1071284543703888,0.1072871839290787,0.1092013935576005,0.1013334436198547,0.082016956505607,0.0970348478014355,0.1259839701555864,0.1048401094867701,0.102753342688762,0.1195913804278075,0.107255402507501,0.1146540711570047,0.0941217457612084,0.1059091282041497,0.1000394556181405,0.0850250213426048,0.2403358427182167,0.3140861946901744,0.2821888163013003,0.1762027321394275,0.2263747660228406,0.2398406270646657,0.0869907217057929,0.4184471357757082,0.1892139609526777,0.4185853296832139,0.3108882475552819,0.3514706621909963,0.3911349588206835,0.1354695127478667,0.1379222011844801,0.1913306807625319,0.3935798690510915,0.3220076759044941
0.6967648171687044,0.5285564827333603,0.5934832369554282,0.5148084592592983,0.4263811485421273,0.6986953437983795,0.4352826076513085,0.578558120715414,0.6894230746707963,0.5211638361558186,0.3866945230819653,0.5417128573695785,0.3917194455182078,0.5393391505978631,0.556375031336495,0.4937479617147262,0.5782495134214114,0.5075796293146266,0.6512997859285415,0.6228626581398073,0.6230818447868495,0.6041947759837174,0.6147886517166531,0.5124092382350184,0.4866119745958556,0.5329497775831126,0.4998237806551083,0.468726854037096,0.1164049387589365,0.1073471790729008,0.0988923955490204,0.1096268842954174,0.112400834591585,0.1009065796026962,0.1144757869614893,0.1318373576327423,0.1219599423079588,0.0989322948214849,0.1156701896144138,0.1053990972702072,0.104295077243636,0.1142562302967976,0.1175974043359559,0.1174351631076196,0.1073634609468359,0.1107001468604655,0.105217411422237,0.0793258766976978,0.1049688490071855,0.1258428452225101,0.1112577074306195,0.104810482563804,0.1357470402787274,0.1058799652802816,0.1136885558008117,0.0993953632052237,0.1115140829839754,0.1063559972374766,0.1011378867468337,0.2319762293580376,0.3163030741250494,0.1895423806773928,0.1355454647226893,0.2232178878409632,0.2495898985026332,0.120191981550306,0.4435898995599447,0.2057294284853806,0.3726247108202766,0.3590844073496743,0.3227150105487774,0.4077135076125462,0.1755820776025453,0.1377503171229393,0.2394559499930132,0.3842981272493993,0.315600387712635
0.6063186261285443,0.4483202073835965,0.5257134115358426,0.4839715293256557,0.4061229503560514,0.6850127666738725,0.3901620089395274,0.5572521465331008,0.6773583761884034,0.4703239623122296,0.4158895144123079,0.5138247953518112,0.4138027112060345,0.5344116793950969,0.5924895540875206,0.4442819859026826,0.6086188494558045,0.4952989084561132,0.6558681271623734,0.5711010327477445,0.6055115212322766,0.5593808053119212,0.6950542016113224,0.4754624543023196,0.4680858263049332,0.47478389483134,0.3632894544112041,0.4734917056324133,0.1277350361268993,0.108197261603557,0.0922602570251781,0.0959280184809731,0.1107187131610386,0.1073414420659716,0.119011150922232,0.1311873136454115,0.143468486459331,0.101578947899886,0.1171458832211326,0.1022946442474189,0.1007752836691359,0.1101586189562845,0.1126818586189611,0.1026899477811261,0.1160021841243794,0.103272473000688,0.1045844972133161,0.0741308792879028,0.1144210532215557,0.1292180932318957,0.1092010439131616,0.1110615345332184,0.1202092452728053,0.1134829819493837,0.1213057162133812,0.1084222608385453,0.1174339517779671,0.1154363489491759,0.0981784347964124,0.234940450936636,0.2876297468399386,0.2018506866851539,0.184654389711049,0.2471664995376195,0.1628789996084289,0.1010199829004704,0.4299769788985331,0.1816256440398129,0.3935798165313411,0.2909763702715618,0.3186676766723394,0.3487999051188429,0.1317926059634266,0.1043875602162664,0.2773319023803057,0.3264485332776199,0.3412915918888266
0.6609398937333443,0.5579984472133219,0.5800855217115568,0.4787137292832071,0.4006825288572506,0.6784591569926071,0.4245433348488315,0.533366660423444,0.6556950429836326,0.5255915082782525,0.3624149667386391,0.5398696298045005,0.4090663151149205,0.4846762122026128,0.5176808297153714,0.4848777891150584,0.5304390794573872,0.4618616613568128,0.6131493053653986,0.5594290121938936,0.5578406654839317,0.5359744431702375,0.6220697339954255,0.4622227006764953,0.4335208978173001,0.4939183663066126,0.4698522849477156,0.5040740497934719,0.1132784919768804,0.1087232708820166,0.0979106227368284,0.0938893244030097,0.1079284683782398,0.097066916138957,0.1054102609894085,0.1257436324361183,0.1181907380398882,0.0980698476307564,0.1170746826709324,0.0954820192387926,0.1021423198506724,0.1042356843058553,0.1095326013138777,0.0970861665584935,0.1106212130922848,0.1005125605034908,0.0995639122392733,0.0760327342535417,0.105287494171155,0.1182078043288049,0.1096338059624257,0.1017004142762746,0.1231317032153279,0.1106144563378481,0.1172937789055473,0.0973245159420841,0.1132458676201287,0.1085314273474767,0.0887564201866463,0.248927524032411,0.3307570720872991,0.3564509202763941,0.1433902051809987,0.2025485846646786,0.2286861138179128,0.116684781431797,0.2774388844641495,0.2386132169785824,0.4058005634692494,0.2253006613504051,0.2940847418115784,0.330850488082929,0.1369992376837347,0.2037348700739757,0.2767889857400359,0.4249904042339731,0.3301763520622471
0.6939546011609735,0.6236566749626192,0.628852296977827,0.4680037340578419,0.3915370640327346,0.7082203245960169,0.4384681181726962,0.5853857248210836,0.7094877122609908,0.5273469333851184,0.4410686028423471,0.5334516357307233,0.4276017004449599,0.5489336423147042,0.5314422339091407,0.5355818116835653,0.5587766842776531,0.4948847919218026,0.6585571320938943,0.5676244538739332,0.5855854989894183,0.5817307753759426,0.6149974120404753,0.50540161360898,0.499135704429812,0.5149141149050565,0.5434275374301645,0.5167271814792227,0.1295995723890232,0.1214170134066697,0.0929428371454271,0.1080915658031952,0.1206124020884156,0.1111442938251672,0.116452740447486,0.1438317235625838,0.1205199351264734,0.1061720063324457,0.1176032238001068,0.1103459109051156,0.0992137514891472,0.1139688535031936,0.125208113796679,0.1154173725650934,0.1174573234690412,0.1102944126453395,0.1196875330470345,0.0837571039279732,0.1121769304492686,0.1315520812246211,0.116734370217009,0.1078459957914147,0.1158059084784441,0.1147452974540123,0.1260442991178861,0.1000124760058319,0.1177212210414153,0.1124362803581064,0.0988316083508342,0.2016686106428767,0.2922065460245262,0.2418617779890504,0.1531002283208298,0.2163639988482482,0.2494268584139997,0.106568346646699,0.4402321866515911,0.2182160403866034,0.4271091027710681,0.3298860402955185,0.2789294848234617,0.3734370345870653,0.160061331000179,0.1904518217229988,0.2423244662364507,0.3824177121094145,0.3343944386077773
0.6352932803008867,0.5083645198275061,0.5162838787072572,0.4666234682976268,0.4197525114637531,0.6735933737051244,0.4055629973704543,0.5264776776206023,0.6457558727447608,0.4922337386395559,0.4253278007044998,0.5101886240227966,0.3949913936558361,0.4939853670953366,0.556355235093837,0.4689172351262058,0.5634327242450297,0.4737490801008224,0.6191813220008882,0.5854186232747871,0.571620448114043,0.5658810897120051,0.6819582145833707,0.4566866265697996,0.459513530050489,0.4757914521033896,0.4576156370909638,0.4729421243301012,0.1085800966099027,0.1107840712391098,0.0873938815655313,0.0998089753027986,0.1053676873160905,0.0998176401278514,0.1029904828167178,0.1130528606420414,0.1097627369885678,0.0955910202499322,0.120304550126166,0.0960540645417316,0.1020108726635753,0.0995393783789252,0.119789405961531,0.1028365269982824,0.1050220547708103,0.0976477892116104,0.104758902346086,0.0719459321389002,0.1116585949061634,0.1074220998805936,0.1081562688183876,0.1021538973348325,0.1172224424314815,0.1196309632540977,0.118638506980501,0.1012079909313239,0.1091810423558284,0.1030182680442101,0.0798380628562075,0.2353324474134527,0.3113446619968025,0.1938984016642758,0.1426168864572114,0.2071657562624137,0.19636452196679,0.1172854812727088,0.4346442730062537,0.1999760869563229,0.3959678223870105,0.3121189856453534,0.3524638233596787,0.375987794476025,0.1585333069165547,0.1268422002506159,0.2171583860398464,0.2836871436071607,0.3125772550874881
0.6322803808810697,0.5075191966827634,0.5297751781221225,0.4506939355045858,0.3625607451877078,0.6682382881027482,0.4395684892183634,0.5590684822243122,0.6532686043184037,0.4804519359657307,0.3692154743754076,0.4104009315601714,0.4040263484981433,0.4750687964345323,0.5116361206918877,0.4891602613473518,0.4315336636529824,0.46362790974379,0.6086887659132946,0.5837233638142143,0.5752380018981882,0.5582393629796831,0.6076771226015977,0.4745060177578558,0.4524579587568913,0.4800259780156617,0.4807124916501115,0.4331849372071663,0.118124601755389,0.1041796663553842,0.0860393739914676,0.0882560093171212,0.1056817338172478,0.0985012135604329,0.1087046478974547,0.1295127953275422,0.119610347562054,0.0942735074172667,0.1110832561364759,0.0909525558642216,0.1047487545431091,0.1019554739813986,0.1008847177030539,0.1061282289334112,0.1111621499416395,0.1005369589376746,0.1014775596878801,0.0736217853459662,0.0991714471294804,0.1183295384158081,0.0979761861654077,0.1058977920295106,0.1199477807093548,0.1098531401081386,0.1064131512199271,0.092264800976781,0.106367103205702,0.1004581966065805,0.0933656193010518,0.1689700789750749,0.2367798491230419,0.133275336275498,0.12530564044974,0.2193556485822954,0.1600671510693397,0.0821167943246949,0.3253637661632054,0.1424429210868568,0.3779441135298443,0.2984650131277363,0.3387475403670393,0.4157463631459644,0.1396470001588265,0.1125950376788063,0.1873835359516212,0.2667651227801011,0.31587873643774
0.6325188687001514,0.6106845842102381,0.6141901069200363,0.4427874813642625,0.4014728609691648,0.6823203554441564,0.4755204731489337,0.6010997822109381,0.6812774677524225,0.5063503900691733,0.4626140247926943,0.5037042539107565,0.4094224299276664,0.5556105551635965,0.5000438557039897,0.4885163903919771,0.5263111545972734,0.4871742817515619,0.6232518514606565,0.5930902819665947,0.5926309155759237,0.5865570674814857,0.6023749818500315,0.4872940598161949,0.4886188063511196,0.4974908543661327,0.4806484627249477,0.4854256285057208,0.1268254731467471,0.1071415733676223,0.092167048433212,0.0905125250560957,0.1047745054217962,0.0920434380178511,0.1083561479375981,0.1295681282269878,0.11592124057189,0.0933725084203928,0.1152979326812722,0.1008627812330314,0.1011704072856267,0.1097071073057865,0.1101665285561009,0.1150457152526727,0.1041669515769289,0.0974079045478334,0.093775056080706,0.077581942097727,0.1055575913875776,0.1147903669529597,0.1026065279602376,0.098328753543386,0.1084998516175807,0.1070028452677804,0.1147638385300984,0.0957027514701079,0.1054267594477481,0.0993260441437202,0.0836363943118344,0.2270753810896709,0.301044799907797,0.3288759331976821,0.119692791414917,0.2003617796776011,0.2155086087129427,0.1077507063981239,0.3344363590954281,0.2393440945280922,0.4109255951657251,0.4168328144112411,0.3405049581254957,0.3805794566869735,0.172009381895455,0.1450933153552192,0.2593659998280254,0.4119742566730284,0.3522999722576123
0.6362997508220138,0.6028126408189736,0.5841543689143789,0.4927206446591875,0.424211120641813,0.6866052865251064,0.4392816682212655,0.5776118096377987,0.6577249506925773,0.5137199969881946,0.429331011029781,0.5178136491450066,0.4219525963175915,0.4875940754133466,0.5465913275360028,0.5211429483493591,0.5363372275356311,0.5214936000364812,0.6532680804636428,0.5784503952470235,0.6121384351733384,0.5476203899134537,0.6906351044888841,0.5322770546788178,0.4474933390627477,0.5428818391722097,0.4664654765763646,0.5171522268648886,0.1117951990668601,0.1076025906055028,0.1031326214792639,0.0985681237014065,0.1079749855217032,0.0985949020686011,0.1064222498636029,0.1176776174955668,0.1127231811215044,0.0967207980395588,0.1144023768764433,0.0987011534657258,0.1011067618446959,0.1040148798792003,0.1150838725252051,0.1008784949212548,0.1138366123869171,0.105742679419904,0.1041064949480379,0.0937990354987267,0.1086344283927878,0.1091418089673841,0.1079172597536408,0.1020698504942899,0.1143451714935242,0.108294418581188,0.1122997199367381,0.102962885374376,0.1077897295976923,0.1072389910440605,0.0949992624591596,0.2330311979241203,0.2785606982223111,0.2965815231642302,0.1525364844877851,0.2362274545750084,0.2352198077513275,0.0933334545787566,0.3991599661819005,0.2338736200255459,0.3908309431881019,0.3219388032399156,0.3573505876967084,0.4026873390854261,0.1337512128732421,0.1745999784166265,0.238967924253306,0.3563284298106286,0.3265276982920247
0.6404444253552506,0.4970305900423581,0.5542907268080008,0.5073891532143139,0.4008084821967439,0.6918031049314638,0.4093112667885836,0.5874398434837491,0.6343916036780562,0.5108662279212051,0.3932860513146107,0.481787788646535,0.4025468038913962,0.5018088644628032,0.5212859480554319,0.5148368175706274,0.5556397283500111,0.4870321676802309,0.6299183761451274,0.5969098120153438,0.5935598089603413,0.5863925664019215,0.6960591551310722,0.469557923286516,0.4622532748225253,0.5272862490460559,0.4267848075446184,0.5028005398136761,0.1181267371687239,0.1059898037607641,0.0841861242659974,0.0861850625802042,0.1076218781126469,0.0910121321269659,0.1035930094730488,0.1125776157100523,0.1209213890656266,0.0900095451085639,0.1102759759361771,0.0963336637740422,0.1003977518577923,0.1029681022468304,0.1082117498582089,0.1072532712781419,0.1043327513699107,0.1024675172578068,0.1011770899782498,0.0767334752545667,0.1006323442850673,0.1130842204122938,0.101950652743367,0.0996630970784929,0.1156594337948047,0.1052850395006923,0.1204277035851602,0.0883337932950263,0.1037376184827404,0.1017128987394455,0.0882608042815137,0.2325801082998739,0.2937425580750139,0.3530864028845514,0.1431225302012223,0.2379717255538289,0.2205478144098121,0.1231154417741651,0.3316531882420609,0.230552804241236,0.449152440014517,0.324654733225929,0.3678607911045788,0.4052995129710152,0.1506488955683178,0.1676155923795793,0.2365171589992112,0.4090923196892254,0.3457616968201352
0.675340383065385,0.5514537332261481,0.5803363609739508,0.4832765300852665,0.3831770236346884,0.703220926268562,0.403543240581137,0.5670804886121866,0.6670332887705759,0.5273635265102545,0.4543326756455064,0.4607391800464309,0.407190364780337,0.557603279790386,0.5752723803492734,0.4640922103164207,0.5730314601257708,0.4986517088916127,0.6680179853255284,0.5758395931079305,0.5771124665995169,0.5375669937455412,0.6249112517159796,0.5166025693977258,0.4515901535550973,0.4813227564914273,0.5135102417754926,0.4137740607312866,0.115795596655417,0.1048145101428504,0.0954008605896169,0.1047176961944748,0.1128948615228438,0.0964642606225691,0.1120619818048982,0.1258919221760839,0.1152787631966435,0.1002330611026225,0.1171836635250409,0.1012072519515104,0.0971312605215826,0.1079049004313458,0.113650365241452,0.1076194168609236,0.111079495507194,0.106033279386468,0.1011520148946961,0.0783566565394876,0.1081333355207602,0.1162972779444168,0.1070178367834893,0.09943600888127,0.1222813509208127,0.1093403998105537,0.1132285976795396,0.0931804701273748,0.1090854999535026,0.1000657580168151,0.0997248655248372,0.2270187399256771,0.3039359435217497,0.251078519702648,0.1525151002645797,0.2207079391771548,0.2194384432031116,0.1911866660376912,0.4986848026456741,0.2256849688786238,0.359458556134169,0.3127258797285835,0.3368404320817721,0.354217421884338,0.192702981746859,0.1591726291892088,0.219186643112217,0.3584107078799287,0.2963823622650172
0.5726328391750224,0.4064395047941254,0.532622665985271,0.4348846374183291,0.3415678527044213,0.6276627351570084,0.3923309185727958,0.5352628281615315,0.5631837851594725,0.5094810233016785,0.2991109918129874,0.4101806572868572,0.356601073016531,0.3753221790769682,0.546557777570758,0.4212847856451063,0.5217246879787024,0.4434733411300854,0.5930760979024714,0.5070197688764628,0.5266816696413206,0.4751426648895291,0.60414690301647,0.4689744670907856,0.4319133667273319,0.4757479598476435,0.369692609030442,0.3851308980813392,0.1011728714153463,0.0965281658369556,0.0833000721972057,0.0812618366552608,0.0992170860820454,0.0909476873765745,0.1036091741648428,0.1140942228201176,0.0960768847241693,0.0880677826795756,0.1084360819505046,0.0861831358284224,0.0977498744874885,0.0912187133054863,0.0890690833222061,0.0930267853645925,0.0980233364029952,0.0946336986113755,0.0963075440479716,0.0711050842723344,0.0931844050743418,0.097411280300047,0.0976874837458266,0.0908196698844674,0.1139641606142033,0.0999794966127354,0.1015163367012363,0.0857695583379559,0.0981528852028482,0.0991219875502009,0.0775139015666146,0.2333005624428096,0.2199835066298531,0.2098070624967415,0.1474848798731129,0.2267522416925141,0.1796989081526357,0.0833352030364467,0.2685962166307735,0.1765317527816377,0.3040096343578106,0.2341589129376071,0.3106815488805258,0.3422110600904985,0.1261410582810639,0.1173445756962417,0.2160296550385692,0.3239347031366997,0.2813515054466931
0.6404656836927165,0.5872041342551249,0.5591339320557792,0.4778903016922276,0.4153336208193532,0.6893972918402526,0.4182607521448946,0.5648145251182306,0.6786763578515969,0.4874552937022821,0.437082326673738,0.5306354618118942,0.4064919279326191,0.5377522522605602,0.5331490779607232,0.4698266661310996,0.5843247506629591,0.4876351817569452,0.6490904916478741,0.56892958672238,0.598538018397663,0.564722928002107,0.6563026157034582,0.4907418287143669,0.4786981487678269,0.5244545531248032,0.4804665395880446,0.4865061103001885,0.1115438160318764,0.1097009326262818,0.0957309013126026,0.0947729813906103,0.116923314408877,0.1033287335992665,0.1083525031339953,0.1285200761822434,0.1217177864921452,0.1067099754470931,0.1148502381828681,0.1020051125545195,0.1001603240945357,0.1100866486595746,0.1231707681661835,0.1126219106088511,0.1160627900961414,0.1031160114352796,0.0997990697923329,0.0865124558667555,0.1125234205924002,0.1172491844832298,0.11082329270517,0.1065862458227368,0.1153602981583389,0.1156490357945005,0.1203003336399148,0.1012017849641462,0.1121782392946773,0.1075908718453492,0.086976453447698,0.2512139406555463,0.322262643118733,0.2537067146883124,0.1639857699118708,0.2260461006588939,0.2116868849663774,0.1108747154022708,0.4442195322223659,0.2012812858652118,0.4084246537302221,0.3692361302240643,0.3461266142817644,0.4055967337141434,0.2059767684626458,0.132470292508378,0.223633635694411,0.3645933465225867,0.3360221062378469
0.5819996184262751,0.4693260659133234,0.5063684279135969,0.4854407875038334,0.3895656134235564,0.6431066796339056,0.3761038412491813,0.5295871046697689,0.5949486622957086,0.4227058013532735,0.3904605719661355,0.4732534870018432,0.3703149234838668,0.4924455784669441,0.52495583518184,0.4172067422786891,0.5350024656134212,0.4693475425310441,0.6042402559963624,0.5798992786133534,0.5453931790248582,0.5265823644646701,0.6627877422004709,0.4947646145248274,0.4539838942185625,0.4717013673046656,0.3549612198472676,0.4106101947285795,0.1221341049904098,0.107133968320194,0.0851298959800175,0.0876674526202881,0.0966444582414062,0.0957664322049287,0.0976575841094472,0.1179355886388174,0.1119837174111341,0.0896330254946567,0.1040235155284241,0.0923763531139517,0.0924086715789719,0.1000455329798886,0.1057631574922703,0.0989908006956682,0.1094568006553637,0.1033960323823263,0.0987218157324414,0.0657249179816699,0.1026485804800131,0.1239323071031332,0.1037606186476189,0.0968997883859621,0.1139319202818394,0.1100344475910357,0.1132808635108207,0.0951021903017053,0.1060880325540848,0.1023282001194423,0.1140994128745493,0.2130316798893924,0.2824012802004179,0.2807496553863617,0.1553882658185018,0.2224237548668359,0.2054964744629809,0.080729530710313,0.2996134678409858,0.1664077641957617,0.3451550970557501,0.3020000042901797,0.3710456018056245,0.3881087099963968,0.171396802264181,0.1386689440337346,0.2391603833200031,0.369544204669701,0.3236825634248981
0.6055761226253485,0.4205327414123243,0.5773792733953419,0.5199743529442442,0.4010276100631301,0.6621115648703801,0.3980916953310934,0.5717980854141114,0.6710828206764117,0.5239729822017314,0.4015644405922909,0.527631317163834,0.4628964569996041,0.4891703825584998,0.5625988949247253,0.5512271219927112,0.6290890643721827,0.5030315004432694,0.6730551305503254,0.5603611231927521,0.6088002340865803,0.5493741807600823,0.7024814391315719,0.5244384885405791,0.4648368277177048,0.5445494499576573,0.4293289095361626,0.5672905047608374,0.1173331051937352,0.1061099136756773,0.1005647962344656,0.1001781599689573,0.105681334549201,0.095802388677223,0.1103295864327426,0.1092814742418857,0.1169812876689226,0.0964924487250925,0.1122463471676142,0.0993654645472727,0.0978428319285004,0.1050719786481617,0.1150081997960408,0.1017504294127193,0.1041201285383772,0.1007461232640737,0.1010304901063627,0.0886521532770397,0.0982391370787068,0.1218448782894018,0.102471296348834,0.1006541246420026,0.1057469977309921,0.1059882092668977,0.1128622352981458,0.0966341434824339,0.1095432538629063,0.1049504176957743,0.0986226783801569,0.2654841156150141,0.3516165431170673,0.2939513971169407,0.1495036558291256,0.2521063261716302,0.2064245419474728,0.0575045973062514,0.3722873861312537,0.1653272176555958,0.3990134691477857,0.3327880522122188,0.3683128129180059,0.3863114015095763,0.1346293883708615,0.1312082552614062,0.2531867265270429,0.3854242815018571,0.3494424595910216
0.5410133203580738,0.4072033014424421,0.4452993367152955,0.468417516681438,0.3552078807187828,0.5950677201216614,0.3025161175360538,0.5036291998821527,0.5527647753387557,0.4400092380963715,0.346779240876238,0.4225255588220403,0.3641598807428322,0.4234168281486549,0.5148767681725545,0.4288493725719727,0.5311736247991352,0.4104827101721932,0.5981905630145559,0.4807122255877551,0.5021825148311104,0.4579198772592697,0.6277001452500995,0.4285844471340142,0.3865759322141071,0.4183219182934673,0.3061283136692774,0.4131484489835629,0.1176532515875644,0.0910006659745603,0.0814457422935517,0.0916216426444234,0.0983556771422503,0.0895533538624171,0.1017546977277092,0.1083586147294892,0.1127896162124289,0.0887782778787042,0.0967753958992004,0.0899630113620113,0.091387454555095,0.099437599302055,0.0967892701364511,0.1009521309896084,0.0997936872853324,0.0984227635439864,0.0957766751063022,0.0811578318356667,0.0960115142777862,0.1170428841524875,0.0909699848992764,0.0965162087474452,0.1114597764865938,0.0963664685039147,0.0966234979398788,0.0825868485194416,0.1018131793573701,0.0989040191409263,0.107021047759729,0.2227279903283126,0.2672635524717672,0.2582381992759528,0.1443505354068348,0.1994263967350728,0.1859575099358398,0.0774241730187307,0.2899073804911866,0.1793066196916279,0.3155416613800762,0.2716291574685554,0.32155352929955,0.3681376340922775,0.1402095530859448,0.1124372673325281,0.260573012344813,0.3786594989244909,0.3183722819561424
0.5708200789948137,0.4638550670848029,0.5569202439344181,0.4887733431709305,0.3602938645764401,0.659239481528526,0.4361773800804287,0.5562035437913453,0.6994495419076273,0.5045348128874901,0.3711346970388378,0.5049604848668725,0.401172823354569,0.485932151077713,0.5603667143957163,0.4733880299446393,0.5647323462508633,0.5169726524136427,0.6527216152272414,0.5881517461855228,0.6043302449829749,0.5739168679630029,0.6435456806772151,0.5112921652261027,0.4632818939051393,0.5092157777226538,0.4323205084389494,0.4563128674967904,0.1277900324074401,0.1087315493222901,0.0862831762616297,0.0971342056131178,0.1071553275839695,0.0977751051495897,0.1061629965871548,0.1135069331547541,0.1170761260137544,0.0905112049628221,0.115004518675481,0.0917678157894735,0.1018390511495588,0.0977938181494611,0.1114297971977034,0.1020798178329151,0.1062289398142793,0.1012293804424627,0.1053350086439109,0.0759198692188031,0.1068867068005268,0.1186245672492126,0.1023125632375636,0.0981542376650386,0.1069670510573831,0.1170502192848686,0.1198086465301387,0.0935564122749058,0.1046641424572702,0.1068318727350001,0.0903006865176483,0.2184203778461053,0.2651640942045171,0.2327378908824604,0.1487979605028285,0.2160648889216363,0.2240231075694881,0.0863669837995117,0.3808065959619301,0.1579937609064021,0.4277661043901933,0.3189503705072007,0.3840303338229885,0.3615701516920869,0.1044469526037573,0.150209601377932,0.2410956119151681,0.3997803281607298,0.3524038623765583
0.6495675848174041,0.5050537072573648,0.5440433016089108,0.4495110877596721,0.3738996526606077,0.65577653877988,0.4091931087169632,0.5717928668589034,0.595965153376603,0.5038458147370389,0.3744557665732468,0.4169597976306255,0.4071861329956635,0.5124737405652129,0.5131991221243528,0.4955032091646448,0.5253222549772936,0.4261656979183519,0.6123827723709916,0.5650535769801339,0.5795156092303798,0.5462570678202292,0.6056790918753083,0.4583912728149135,0.468690490467618,0.5207131979209547,0.3942451195544924,0.4799946273472035,0.1145721053953848,0.1029301070565124,0.0913860536334932,0.0948828550654759,0.1103413876734781,0.0986057465371555,0.10808321965042,0.1289988574732288,0.1182225836670193,0.1012935718139216,0.1159449239965204,0.0948207931828939,0.1028533042832286,0.1091655956091907,0.1026506736948308,0.1009954326577619,0.1117810903728273,0.1072113481577809,0.1029596646943744,0.0804311253473221,0.0976247046455626,0.1080167342439063,0.1064669034589474,0.101236761675069,0.1204951896697512,0.1054366057647219,0.1129421055770543,0.0947547690017429,0.1082105857658467,0.099567701096808,0.0939485609968969,0.2306423283901363,0.2829488767399152,0.3182211119787106,0.1799136456212032,0.2070225850455266,0.2479617031112896,0.1062568326267006,0.4095088088027542,0.221180345114261,0.3333509781217968,0.2535766843174185,0.2986594366707972,0.3042525456232183,0.1309013362400806,0.1889597201469139,0.2632161048988,0.3904634633293825,0.2882066138300942
0.6184798610490602,0.475990711780619,0.5657416213210834,0.4530572676059128,0.3664816956212915,0.6628758084446326,0.4300977246185508,0.5526599191473418,0.6351066162320187,0.4957767477026514,0.3923056993149798,0.5031865440169588,0.3974441103145621,0.4961561551558621,0.5463804772797436,0.4457942144636796,0.583496534992595,0.4686502820504972,0.6254480249919065,0.5420107484578918,0.5651761312961416,0.5181798225565029,0.6417070545779099,0.4910887759241208,0.4764889112665155,0.4755598575237416,0.4594876789547317,0.4403645333531392,0.1205710951813529,0.111220072060661,0.0909724155496101,0.0891293065182829,0.113146349180927,0.1016225669139437,0.1168917752145848,0.1251275345341641,0.1157874801292614,0.0987846233679807,0.1179594755958309,0.1035643420856352,0.1015758945711202,0.1131701551528239,0.1158108888473184,0.105302204974578,0.112828418704528,0.1130761968400768,0.1162316122260131,0.0795589376673819,0.115309666596172,0.1090287457381587,0.1121984148413159,0.1085223665882412,0.117484774826113,0.1135499421668935,0.1185688053179471,0.0980786537339414,0.1118351000527784,0.1095904916529012,0.1078572732682281,0.2394304762663025,0.2906680075266475,0.307211798382923,0.1507941666612707,0.2241786630989222,0.2133049877685457,0.0950562005095621,0.361112653652368,0.1967789215134447,0.3438931369631143,0.2923530023349823,0.3114095508385964,0.3775898491794413,0.144051699899137,0.1746946062938424,0.2558504492022535,0.3866697868708549,0.3279445403250595
0.5833305138146394,0.4280403746852597,0.5134126279076885,0.4930194590075242,0.361720135800503,0.6860216685925105,0.417235861554405,0.5680089468739062,0.6450178055578816,0.4168865180070324,0.3847898458781238,0.5044098530222035,0.3900362151588645,0.4456047219472733,0.5307684183110037,0.4966265770069693,0.5333181931647946,0.4886813195819229,0.6574349989281258,0.5782918319452306,0.5935106638266654,0.584454830411718,0.6368977992962568,0.4978348193598031,0.470288765647489,0.5099718293523448,0.3904250209738986,0.5003735809734757,0.1253520165622002,0.0980517525604108,0.083127195330792,0.0800027784634128,0.1122775527374793,0.0950534132995301,0.1063823917195174,0.1202661421063813,0.1211812231510508,0.0936761758867548,0.1080388994178653,0.0972181107969874,0.0953089577591079,0.1006220550988895,0.103550693321664,0.103236660654008,0.1013648339102458,0.0975687490461816,0.093402003058118,0.0815637396319139,0.1009935308648015,0.1299722009927938,0.0971727828248228,0.1023263355601276,0.1218857678038702,0.1021052209382359,0.1074992978377439,0.0904100791729736,0.1035983290431086,0.1008440272286697,0.0835379455935488,0.2494425132276463,0.2765008305275025,0.2435798629428501,0.1457693269624311,0.2344002221342605,0.2047766815619205,0.1027753840903179,0.3842775463041934,0.2352183506030727,0.3657872761631833,0.2973908522831542,0.3701963500128136,0.3916285559535026,0.1113600272219628,0.1317031889329238,0.2307230461769095,0.4035603893000506,0.3311586786348086
0.6692550178558472,0.620246651402691,0.5934799469073503,0.4828926826402232,0.456574596091122,0.67247260181299,0.4479086629483039,0.5797341619459757,0.6733348608689685,0.5351490237251365,0.4238588514770111,0.52677567915801,0.4040502055550556,0.5590184448149002,0.560052346000739,0.4701555420857389,0.5696105324513429,0.4807696787898917,0.6492277263593332,0.5877823134635969,0.5979873600820479,0.5471775866654981,0.6495955037590866,0.4904536946292764,0.4941993109838907,0.5152654392835009,0.4547360717762928,0.4852088099948359,0.1141865384494023,0.1086156514334061,0.0951618220571996,0.1003350490426142,0.1154281417843395,0.1016577004558413,0.1109657197405387,0.1281086543563832,0.1234780942866719,0.1004410730939373,0.1263001506430317,0.1081859500496011,0.1070997102125311,0.1129655479540752,0.113805891646894,0.111804035351905,0.1143426172354768,0.1092938264787856,0.1107392263786506,0.0771742665796128,0.1111271966702586,0.1244755171966735,0.1085584705186855,0.1080218454500422,0.1233605022385901,0.1133419718670412,0.1168339853809899,0.1027451687228029,0.1108279133811302,0.1093334107433388,0.0962983297385477,0.2229545123238874,0.3161430411215659,0.3097045851278711,0.1269427272937252,0.200741328051789,0.2664975598690253,0.1262917390743654,0.3861633736512615,0.2305525694550438,0.4345361599609835,0.3799264675561796,0.3532228305324081,0.3334934839771853,0.1569878083343306,0.1721248634642472,0.2704032107327755,0.4184236893762423,0.3464853616069063
0.6461590393832544,0.5288673687284275,0.5644345148971682,0.4713495297146763,0.3834074420726251,0.6986698245531634,0.4328256708694858,0.5571065546453954,0.6560923561390405,0.5214341479802068,0.4445769894290089,0.448625458251718,0.4276737969261327,0.5450530331812242,0.5641910341992695,0.4641729609194457,0.5445786827728375,0.497489821399488,0.6364884445029838,0.5984502000684176,0.570639069235672,0.5772175705028907,0.575261474369845,0.4973987721177426,0.4412637922024068,0.5084154308520139,0.5128614814103055,0.463926070742309,0.1168727102134277,0.1082434713719164,0.1013756265150148,0.1022627463685982,0.1146148840871804,0.0986975899504234,0.114848839240308,0.1293976690940432,0.1202421255010192,0.1035880992649951,0.1156708797832926,0.1075955268517216,0.1045135015067273,0.1060197912045739,0.1097411547666181,0.1104364910936099,0.1077451019684777,0.1106566056096908,0.1016141285227697,0.0803245104994571,0.1045659254595033,0.1190670255040154,0.107742498359359,0.1054448860835861,0.1248956270446053,0.1073380759225587,0.111218985629846,0.1008821721206045,0.1054111994252105,0.1002512892815594,0.0875674456260527,0.2193533399418812,0.2649925913876761,0.2484697087091349,0.1479710608777944,0.2164773029616845,0.218314408589712,0.1258540431467386,0.394887438204426,0.2271820789027326,0.3793408980869863,0.383987246102808,0.3544545033173254,0.4080044965852391,0.1968833176024031,0.1431775680102613,0.2613327222954853,0.3403428757380645,0.3175877539401623
0.6699901099771206,0.5271669669249623,0.5752618949938825,0.4887103118660393,0.3814855859957663,0.6731961708920893,0.4184881708804061,0.5829765953452818,0.6576942107621354,0.4655769195159399,0.4032927525471718,0.4485078383458037,0.4123048248278605,0.5661829538945737,0.5360931340853373,0.5030472198818356,0.5503344946449154,0.4677668756488049,0.6568135900471059,0.6006214534036514,0.5973164227150738,0.569599574907927,0.6155723013358603,0.4751604076722799,0.4925171036308057,0.4946593583779172,0.4744385394384877,0.5367602352820371,0.1230241550393261,0.1118063682544468,0.0873279404700387,0.0881229308581104,0.1062724099497367,0.0977007131866436,0.1091448199165211,0.1260586028302168,0.1184543652906241,0.0945716302850499,0.1196439555258557,0.0992698159793482,0.1032113774424075,0.1077195684579868,0.1189716482196129,0.1063375576359474,0.1159292870844969,0.1038213151569227,0.1059489077946692,0.0723273973180932,0.1120772389153314,0.1182585660681375,0.1086336630331386,0.104111907444706,0.1189279026456007,0.1111174626134881,0.1161224822270416,0.098518102288048,0.1119872640122371,0.1049344573061223,0.1045520553761184,0.2226223077910363,0.2656327648082416,0.1866978524701186,0.1517765204470827,0.216605823435996,0.1400357529948136,0.07030492650138,0.3882449647883648,0.1844551809170453,0.3315875408457692,0.2998437107437186,0.3205240519263032,0.3309265904749433,0.1600609422482625,0.1066736375170601,0.2275595091097685,0.3092704960627169,0.3273331597924996
0.6657395897111901,0.5203211453188671,0.5789682142014095,0.4983215378917492,0.4595679230439035,0.6936459084965547,0.3955133297993501,0.565227852208114,0.6833193344832735,0.4851080387731671,0.4202490063771171,0.5611893017104963,0.4069845587591076,0.5618743614043581,0.5737584908638789,0.497358120909147,0.5886423400229284,0.467579977064361,0.6624013739732453,0.5667358352878871,0.5850745853888983,0.5619486014075334,0.6919589454674566,0.4808422806356618,0.4716259953119249,0.4776063708634486,0.497807014153427,0.5184625031551884,0.129508984269114,0.1093519203124443,0.1026380766537496,0.1040380982699778,0.1156937011765388,0.1077078872658654,0.1144326811420361,0.1274304491760037,0.1332716024168131,0.1061465302591213,0.1144544235850281,0.1072927536428301,0.10054482304805,0.1050444923724474,0.1215882661211551,0.1131389148765054,0.1166761105793111,0.1023605645442418,0.1095459065091318,0.0928829195578576,0.1116571248261974,0.1393064479324994,0.1098020047922625,0.1100565741902495,0.1169742213606001,0.1143414583821527,0.1185078496231474,0.1008439759715462,0.114825570795792,0.108955706257993,0.0897025435589486,0.2531898783444352,0.349626193625561,0.2797770804119488,0.1576950153183245,0.217663037283705,0.2391703774766062,0.1142806103248353,0.4080934670069076,0.243007480308457,0.4281174937103642,0.3519128912176561,0.4051344737942729,0.4533930749117911,0.1749630694144538,0.177830916760465,0.2803862608367936,0.4420918980635305,0.3376583877819565
0.6703201581300857,0.5266327562657269,0.6016279382858905,0.5527885281616026,0.4445992889230513,0.6973036277268366,0.4781250166787112,0.6195641545896785,0.6311493300157456,0.5001117005454069,0.4784330999031085,0.557171803268818,0.4316984044224953,0.5567128086395997,0.5668843385711358,0.54948617373394,0.650812306683317,0.4946939018619594,0.6736347509777992,0.586349105441289,0.6099056780603261,0.6035231628673965,0.6907377095536562,0.543121741576798,0.5262654940096232,0.5473759578013224,0.4400901040921405,0.4994497968875012,0.1324937149965238,0.1234599916907434,0.1010958723588719,0.0983559363039339,0.1185408235825058,0.1030062764015624,0.1172415748511055,0.1348348076613815,0.1220412096911933,0.1100660394273018,0.1202201713848777,0.1068279410570248,0.1060392193306807,0.1114158266756734,0.122005424030662,0.1177266210543506,0.1206304581280017,0.1161048623101731,0.114877936089654,0.0786277973756277,0.1135611614538595,0.1171361469174381,0.1169529089694852,0.1064385599109644,0.1253850259163295,0.1160150919764205,0.1264154165113014,0.1029260732913314,0.1177365003807869,0.1152933816433132,0.0910857734441278,0.2168260570594437,0.2608822405842753,0.3619905737624771,0.1650023862928642,0.2258898832077813,0.2480632417639127,0.1115020421869827,0.3350136837338289,0.2661681977553746,0.3862564169019685,0.2786668023404975,0.349727326823819,0.3715669319033623,0.1436312683444055,0.2082651793631374,0.2799867401913289,0.3772245137804773,0.2836929218710533
0.6012792938021482,0.5283821586075179,0.5456005811691285,0.4842949352939339,0.3577905729049589,0.6874350615089084,0.3713413292948742,0.549123998435965,0.5978964293655449,0.4673081117767357,0.4103323318471176,0.446680599660866,0.399198198041631,0.4982058265793013,0.5473109661378417,0.4613782836438653,0.585305610836149,0.4713285047896878,0.6207470744711503,0.5660108774936614,0.5621700251082309,0.5403796905899991,0.6590696620564817,0.4585255266234636,0.4465741770998194,0.4818139857236931,0.4185515429137941,0.4436873487913847,0.1218817750892485,0.1028141594692234,0.0820254291751723,0.0854194214080113,0.1075985990761951,0.0974696364774032,0.1064597545156369,0.1224585083303321,0.1122496016178244,0.0944494762460296,0.1061316061468496,0.0913235218529606,0.0937433301667882,0.1067291746021344,0.1107077506552638,0.0987159701639261,0.1095952108812877,0.1010184598902637,0.1047502849983952,0.0769069923326519,0.0972612873257209,0.1186613466196039,0.1031298331600571,0.1001830639134959,0.1106989845313698,0.1060801265894921,0.1124011489871349,0.0934211576681241,0.109195245466911,0.1066574960230481,0.0976847675935027,0.208356274882662,0.2731963718902351,0.2204310640391677,0.1317804886565279,0.2203075563827938,0.1897858120386363,0.082258751240085,0.2878865504709,0.1871818792603071,0.4050205413492637,0.285993495177589,0.3151945682896332,0.3548933732690232,0.1871306434176958,0.1323043791433939,0.2442373511304961,0.373296764211542,0.3323014120642955
0.679864367475966,0.6065910086641467,0.6193973120425097,0.4726872979246668,0.4355482402828431,0.7322260326710985,0.4383223684706051,0.5746463285873493,0.6582950173940217,0.5428681533711672,0.498999450198172,0.4809534825272157,0.4101932427133129,0.5737046944828219,0.5400158928997674,0.5017643683355643,0.5460119942687138,0.499138089768683,0.6571285755843749,0.6137983264228882,0.6092732987784089,0.6225005144739932,0.6953161760831235,0.4907423464934656,0.4618452544151809,0.5207595346349061,0.5432499923958707,0.4542753428220748,0.1244307296324566,0.1156708367616616,0.0914958076068647,0.1081833998502138,0.1183087574749679,0.1062261675923902,0.114755995220489,0.1404745486675215,0.1229498393482613,0.1056245633022885,0.1224270166487237,0.1028192408001265,0.1076334584748788,0.1121566847217481,0.1320882021398065,0.1070451387050583,0.1173543192039378,0.1189300708783922,0.1137757271105861,0.0744826170709848,0.1179631665672183,0.1169595970747505,0.1209551319304167,0.1145173223370639,0.1302412382284397,0.1227047841338916,0.1308925738450896,0.1085029109002445,0.119852834927608,0.114219032159783,0.1003176646239835,0.2447444055223658,0.2984435097663362,0.2243859601203509,0.1946701829679671,0.2380571652003853,0.1789874589783196,0.0935848779710275,0.4269022761106887,0.2160710048028512,0.4124278517314803,0.3497141007382918,0.3690803875360568,0.4307158466715078,0.1801678616553544,0.1118426788158037,0.2551079180110434,0.3225690540822012,0.3564838613278435
0.6141616280973715,0.5415856952850635,0.5542036826359414,0.4949599889007167,0.4584390551116144,0.6735408609427385,0.4000270420298741,0.5530697174770889,0.6041301510391779,0.4755231767608745,0.410960118727832,0.5307980124142638,0.4075113390721183,0.4959053061227652,0.5429871540933517,0.4960465608699419,0.5758673178209852,0.461279985682392,0.5999764454641447,0.5625239190114468,0.5665471407059118,0.5517654203973965,0.7225593478708552,0.4353728322734524,0.4374072378253811,0.4767992681905801,0.434531890887734,0.4895231085747613,0.1137654565038923,0.0991961837155041,0.0847763102731624,0.1023198899926176,0.1058386598511949,0.1021910835355612,0.1074682212600149,0.128105441548772,0.1164350554635389,0.097931727682221,0.1111816756697083,0.0960538931984294,0.0972448764236971,0.1070752025580761,0.104797106453925,0.1002925848637157,0.1037137280449749,0.1034923612540127,0.1073185312810255,0.0781249008288231,0.1034748210632404,0.1159786349285051,0.1013716852958568,0.1045555347595451,0.1218033682588681,0.1039273567742836,0.1080619673127496,0.0939532844087099,0.1080809438534628,0.1038798183701418,0.0967188918290622,0.2206985655093174,0.2626667741307408,0.2313879090211084,0.1623908571178688,0.2205866791627311,0.197474999370679,0.1186284491504054,0.3330565995161221,0.2237484943850531,0.4172036528722805,0.3070611077080655,0.3656759739446894,0.3980723360882086,0.1510483850798909,0.0933149298256202,0.2431029886099602,0.3744941761540739,0.3681882684729222
0.6182311156274528,0.5041408659173892,0.5535072403096046,0.459802450449213,0.3970872187712153,0.6711113500584359,0.3736009979063329,0.5208492261905313,0.628394857364273,0.4582285490827954,0.4065425161632799,0.4805776429013568,0.3975974716033577,0.5011452973271028,0.4722810986445694,0.5178519879071646,0.5315630441252008,0.433926861058188,0.5934565858945018,0.5156985252998005,0.5094527906229465,0.489388213418479,0.6471693625043908,0.4281199307275086,0.4021388858931995,0.4467214505332767,0.4821656409489896,0.5064966491383055,0.1233436048192638,0.1123349108187786,0.0935480126412096,0.1054622606157331,0.1160275289038308,0.1007577110131543,0.1098997794533696,0.1297605820511767,0.1274086979993604,0.0995716099043979,0.117157077369942,0.0999154973407964,0.1061817304423507,0.1069278005009667,0.1104634757494128,0.1160859110298066,0.1210903629531907,0.1088844572410843,0.1092606657642776,0.0819801401286439,0.1095919112604681,0.1099684436247316,0.1161303322601565,0.1066773545392823,0.112822866467409,0.108309702096644,0.1161040636666181,0.1024254232996806,0.1122060725069365,0.1065767160573689,0.0969765932371589,0.2226243743987161,0.2695296695779908,0.1976235961370602,0.1359866495988816,0.2086178159273191,0.2307290868337696,0.1365438672618784,0.315639301967904,0.1946745476313375,0.3930358952014581,0.269841114192541,0.3032954617597264,0.3192899892727534,0.1672726604748855,0.1682031690502582,0.2101183948275755,0.2964906586758622,0.3166610430464118
0.6882446403006361,0.5887033006783282,0.5568797866583697,0.4881417831012735,0.3982263764420759,0.6863517783766702,0.3960194361499298,0.5729161265985938,0.6601449470835404,0.5015001983637084,0.4032157460412042,0.4191312411250923,0.4104663420269661,0.4729185007752959,0.4723377701998394,0.4525978464887223,0.4395915654655781,0.4606818980532779,0.6405478882661118,0.5802010101583821,0.6012546599919231,0.549362546124375,0.6184798645510061,0.4948004056121386,0.4753271962855506,0.4866085798672811,0.5074569212466908,0.4662572385852828,0.1302668156514156,0.1104762897311536,0.0866788869449725,0.0945791788581306,0.1137748526688189,0.0996673924072095,0.1152966005801626,0.1333664583821945,0.1169411175218882,0.0976249364824005,0.1130462233720459,0.0977148680318844,0.1049535487497438,0.1115043703144477,0.1138327865168075,0.1073975122737497,0.1087093131948804,0.1088844762798182,0.1056543240255927,0.0733036663943678,0.1033031420249211,0.1314778745772926,0.103703544153331,0.0986344784200808,0.1381752715795958,0.1120442045917392,0.1212789393921991,0.0943615741042493,0.108207229492325,0.1040486620044241,0.0876007531023864,0.2358257295499335,0.3504354577871131,0.2064355160348272,0.1271007891565152,0.2149268474131052,0.1983423447067549,0.0675956539499262,0.3506276612907513,0.2129265055708918,0.3626771828072396,0.3175224540102017,0.3069521124063996,0.4262492728052717,0.1846191303490043,0.1226801410651741,0.2048342643116694,0.3453862653278049,0.3074415256244965
0.6853894848598918,0.6090580026777286,0.640771502135437,0.494572930009137,0.3985295960803827,0.7122839241023784,0.4513201993966377,0.5973821517680405,0.6796122463142766,0.5336251879287669,0.442630562947801,0.5150313603784394,0.4240168929642217,0.5413752888952761,0.5539689419805474,0.5254817994448873,0.5642114566761898,0.4709427946283755,0.6578625039202928,0.5801534139847887,0.5862432685906069,0.5990983487553793,0.6444796919336396,0.4564525280272763,0.495934500445145,0.4804725608871371,0.4766501375112262,0.5415764701315733,0.1306418840990298,0.1230320860791272,0.1005064063298571,0.1043293554911597,0.1224580153239277,0.1095248665780813,0.1256314942261819,0.1417315624979078,0.1273917649732009,0.1104670480987638,0.1270456047739623,0.1083627316390362,0.1035729280563374,0.1175996464902698,0.133421634078397,0.1075691919475173,0.1238433762588501,0.1324854674893389,0.1223181827957946,0.0812325517625851,0.1240393655848706,0.1298155621971577,0.1265018272440384,0.1158188637050603,0.1286848604775122,0.1274368115908211,0.1343382456318075,0.1113241154186649,0.1206364487558365,0.1235117875392889,0.1037050324696055,0.2572428785630702,0.2977225625580142,0.3241666004593883,0.1717812902145724,0.2259421453890606,0.2346428650892655,0.1266362918847864,0.4591368576771644,0.2180167746704977,0.3970491491502053,0.3195787822365337,0.3252685601956078,0.3473514300044421,0.1658223022499845,0.1491418004488205,0.2557612223343716,0.404615837303541,0.3376213988878495
0.6509015300736462,0.5718540351017046,0.5776288900586535,0.4868048387913188,0.452662669814741,0.679077328726855,0.4040641706554149,0.5467886808950563,0.6228236387597351,0.5283036710155261,0.4106078738717046,0.4329635682517793,0.3954990730811609,0.4938480902833444,0.5507121813023652,0.514369789862527,0.5513123140479939,0.494717005703766,0.6521249741403342,0.5803003748956632,0.6091209025945054,0.5636944566496482,0.6709560889969854,0.5101835750140538,0.4652795978122939,0.5350362830950519,0.4191996705109092,0.4899219895971378,0.1175673322608961,0.1123036098932117,0.0837350519480085,0.0955433446284283,0.1165561413962247,0.0951035038569448,0.1119965285359036,0.1196959754126533,0.1199654346670193,0.0924716187744316,0.1133520684395343,0.0947592089641277,0.1022019592473008,0.1055578993910775,0.1086903343449567,0.1137033839444645,0.1088818949843581,0.1006327140960179,0.1006100162319162,0.0723856673488949,0.1067307800384965,0.1125418918148592,0.1097406037361422,0.1034818773714137,0.1334284428042568,0.108634889852413,0.1132103111785912,0.0990053036146689,0.1067234758308976,0.1065381893409559,0.1040975864439164,0.2061418089714363,0.2551586794112647,0.1876446559476348,0.1355462059515674,0.2222612740323089,0.1843162852178339,0.1367609232094966,0.3948405199994643,0.1747014682184446,0.3745116114981108,0.2631147058142791,0.314615650958306,0.3754409005244573,0.1476837304336103,0.1135649767669814,0.2225776987000443,0.3198950785435365,0.3736136015265798
0.6308610717373276,0.4909428991377353,0.5756506555636068,0.4763520011685604,0.3612781312802564,0.6700161462287131,0.4322861266157641,0.5459185196322272,0.6642178668374576,0.4969083903576993,0.3996679327547016,0.4744947992985968,0.4044922305007122,0.5030814216515591,0.530028114473004,0.4563886387934152,0.5861735048092587,0.4799477419447556,0.6278378219392351,0.5985370205388427,0.5693511382441654,0.5959476023129429,0.6881539395634786,0.494195695806809,0.4580736008750927,0.4869558956381745,0.454950795596395,0.4409254617089457,0.1131594010387615,0.1143394365330728,0.0902745160637005,0.0996377780903262,0.1091590701462754,0.106497684455076,0.1129869650631308,0.1265158568298165,0.1222891359996063,0.100685300722813,0.1153700688040796,0.0980888364108178,0.1017591944492711,0.1138125746623972,0.1150728254920033,0.0973235729977164,0.1130977419602632,0.1118452914028555,0.1131623837488053,0.0675922823190249,0.1124165689973736,0.1249413941764071,0.113242448189588,0.1076904590543509,0.1186419796870309,0.1224074768730597,0.1241540968632169,0.1018586125626627,0.1139136871951957,0.1106876495559407,0.1065303246643191,0.2323791492839895,0.286721655620253,0.2709801765080509,0.165876283168816,0.2181859858065007,0.2146687346379369,0.1247327889379283,0.3913571577915485,0.2130293133943499,0.4361972302571522,0.3217891871371693,0.3617696273434269,0.3949075030783812,0.168058446711964,0.1513145185942793,0.2533589712438288,0.3842440143954231,0.3397472564043807
0.6915058182747001,0.6453704328037971,0.6212517793332427,0.454354675484839,0.3594556464986116,0.691707893107266,0.4309634308997335,0.5931743441562385,0.6715502078720922,0.5190146157600714,0.3804141828321437,0.433259516995185,0.412944027473599,0.5534787701786371,0.5410577957632039,0.4747831505537284,0.5615308132676495,0.4860237900632687,0.6648907138996032,0.589819839684169,0.5624918106264641,0.5608813772626109,0.5931826845898786,0.5047991272879324,0.4811046671841227,0.5040830253812649,0.4323666436859398,0.548235477562304,0.1250802568699044,0.111540609383804,0.0971956539441664,0.0916936936734493,0.1140249263729995,0.1067759138615742,0.1124363592973123,0.1354751939454785,0.1199855222263851,0.1090660917515695,0.1321078599949722,0.1123151880946026,0.112222265314193,0.1180950349135106,0.1155359455198803,0.1025943465149785,0.1129311527017947,0.1147411769686746,0.1090043547019737,0.0867911007863557,0.1042282155306313,0.1266541679387584,0.1101453060591414,0.1164052541771994,0.1285268178040506,0.1131380707583399,0.120036454340001,0.1004525603477447,0.1142083399743666,0.1075683350505189,0.1006308631643512,0.2664141971179903,0.3666342887515942,0.3402024173165408,0.1583563357496413,0.2024666620092558,0.2376385325824739,0.095669058907805,0.3882971625463906,0.2475927553016587,0.3563895750366433,0.322903447218867,0.3405931355870368,0.3692637072159693,0.16222956288192,0.1902724647437009,0.2560305707282701,0.4278932577030147,0.3221234630749762
0.6464702727656914,0.5465948650773788,0.5705109454451882,0.4486220037885183,0.3308265708240808,0.6526709916977637,0.4122974572059711,0.5604612342964517,0.6429653764410072,0.4983443723732006,0.404767263249383,0.3967663990866099,0.4312234488605631,0.5144335079038922,0.533381357689138,0.4922230464659537,0.5520702004532765,0.4278850708788095,0.6191909606604236,0.5673978737730563,0.5756045227967233,0.5694028858755042,0.5843151392296647,0.4706930270578341,0.4631871979701674,0.4970323678135846,0.4183741083043756,0.5290846843511248,0.1154302958645619,0.1065059791711822,0.0909774722477899,0.0908744855006891,0.1056210228213022,0.0975213219387992,0.1062855769902832,0.120453778825776,0.1216316803932889,0.0971415727761182,0.1210990518290773,0.0958236737923852,0.1043859463892702,0.1093426676515609,0.1058525588494473,0.1037518977453301,0.1082618450155891,0.1060506266104216,0.1071829429475023,0.0735007130108282,0.103834281101425,0.1137180527829496,0.1082643879516215,0.1047671257697457,0.1240872752756068,0.1104574964608804,0.1116290379112042,0.0972172755497283,0.106425580557382,0.1006816555410051,0.10102200342861,0.2574387121646351,0.3093599082035935,0.1881859652506999,0.1423204724014745,0.2195819772736431,0.2216529379813229,0.1203120058691278,0.4227596541466536,0.2013126730646651,0.3742782432932109,0.3932467614225561,0.3438985256936774,0.3621269886692364,0.2079241874494722,0.1519757153616628,0.2396052476776006,0.3871391256236367,0.3347624435034428
0.6353124883016622,0.5602581650018692,0.5490639479272369,0.4616023513674736,0.4115851738096512,0.6686787669446426,0.4089164400856062,0.5358240504527851,0.6395549938732465,0.4595740237082222,0.3953817922103075,0.4189222494972014,0.3763468823093238,0.5299720763122064,0.513422099762405,0.445064181311736,0.4870582557437458,0.46607647836015,0.6232766114031262,0.5744228069205578,0.5903072911642024,0.5462458605144336,0.6705488390314018,0.4705025412936304,0.4497579120299024,0.4897336499257199,0.4325009943313614,0.4364242270463654,0.119246512929274,0.1009063240225175,0.0885709365297958,0.1000405909852039,0.116602229271133,0.1007664899981603,0.1115056549466274,0.1238805780051627,0.1249638914561176,0.1000880244288354,0.1081543454918078,0.1035275469839121,0.0966512879494441,0.1069244191067831,0.1053202186560973,0.11424444444847,0.0994978597740402,0.1025873326614249,0.1017993175021257,0.0751014816849399,0.1003591356768276,0.1157324494639377,0.1057891213442955,0.1038805296185201,0.1133459729512096,0.1058083028072637,0.1140720845190098,0.0967752086469043,0.1075981947678538,0.106703643748734,0.0835616635804361,0.2249625704341971,0.2759431790190463,0.2610797468011104,0.1510848406772619,0.215246522182353,0.1797766105427412,0.0943648773603714,0.3823790623005045,0.2535298168913732,0.3436403281293282,0.3513100028546742,0.3649950278354734,0.4541602258880933,0.1419361815082304,0.0958554244041442,0.2314769993909827,0.4039685372680451,0.3701188301046689
0.5947584633183157,0.526815698043374,0.5846420726021593,0.5000724907262952,0.3907000238885356,0.6948048557606998,0.4203946206846333,0.5398812895589387,0.6669028139205647,0.4750718697541716,0.3970517659175435,0.5102145640175906,0.4011282113719194,0.528777544586229,0.5408194690240176,0.4352509741411756,0.5256632892316894,0.4934250299136123,0.6303952136278903,0.5743990679380692,0.5831515034895485,0.5632788774521686,0.5811773062843566,0.448808994497177,0.4399209987725833,0.4968401585082937,0.4266297787884276,0.4331481720748028,0.1214141248504347,0.1154003877953528,0.0972378483219282,0.1059301663496015,0.1144468541825707,0.098447544796353,0.1118609490381617,0.1217669003721249,0.1215635944049336,0.0999358416081269,0.1246381843927983,0.1018700747548139,0.1015552558514762,0.1137736258100828,0.1104601615278963,0.1072383216022342,0.1069577025360206,0.1044701512086603,0.1046071708227814,0.0771796350981568,0.1102874594856562,0.1123574460445194,0.1116950290194826,0.102885607422427,0.1146870321859227,0.1184223768503367,0.1230347537455056,0.0969948264308137,0.1090069886403819,0.1027297619010846,0.092112913100237,0.2018655088597874,0.2741878199833559,0.3103316639019892,0.1385489497692775,0.2042469132357791,0.206439635436091,0.1084116759062136,0.4112492143398238,0.2179424672625302,0.3365643134167611,0.3331217845743484,0.299923156263214,0.2943874676194455,0.1480206392705439,0.1433281898867549,0.2542769763353616,0.3520417802811741,0.3054061891720154
0.6688830847295062,0.6008752316236496,0.6242394246936045,0.4609507828378265,0.3911856567711695,0.6904300635776649,0.4561224581187568,0.6045312477461882,0.6862318610545883,0.4906490591732152,0.4444525887206249,0.5479122717171658,0.4193298958147192,0.5688141925894844,0.593662117128043,0.5012470160791498,0.5889637930982017,0.4596388284328295,0.6555208456328107,0.5905035584908103,0.5994205444662605,0.5936597939605734,0.6095282222281634,0.4917710741118402,0.5186783572870814,0.5016961719613524,0.5230414694203525,0.5037708156358177,0.1159180875372675,0.1138640881374161,0.098959161459863,0.0973115800189534,0.1157434030870636,0.1062818580851441,0.1183452539127419,0.1300632230636616,0.1191599647506677,0.1091657240144164,0.1322743125686145,0.106402734878078,0.1081112758873408,0.1146887431301121,0.1220752179100326,0.1092033816578387,0.1153582407425653,0.1060803919622174,0.1077411549784382,0.0771908003489088,0.1107119627830953,0.1140850239179007,0.1151636950588028,0.1122641851577578,0.1269260435860309,0.1096022308938005,0.1193745307666291,0.1029000605967638,0.1112058027159902,0.1087806595456214,0.101387753149899,0.2444181526131787,0.3213048027235526,0.2939458646941975,0.1392703316088478,0.2168204730799087,0.242029192631204,0.1360177532046663,0.4422966741301395,0.2243182543665169,0.3937149829708503,0.3855167479032561,0.3588268664282363,0.3792170391202791,0.2027198344215073,0.1634905726892806,0.2569224311208182,0.3851123114884699,0.3687883158710404
0.5852197796895477,0.4490918842006902,0.5162436582731554,0.5212675438586822,0.4171085636898919,0.6622190037915695,0.3504133731525853,0.523174331211026,0.6034951783683874,0.4537919840397588,0.3948631941969068,0.5444845080859363,0.3750945895443692,0.4885285188833864,0.5549356847445106,0.4274119157439776,0.591651523222884,0.490893465412807,0.6410250987067226,0.5923113061027527,0.6077090367061053,0.5555886627002238,0.6930166201622455,0.4974570676443559,0.4249073714336016,0.5094178373152524,0.3970526337911046,0.3938099993803267,0.122905638899461,0.1056890033837505,0.098211814802609,0.1080757347658329,0.1153731748795955,0.0989763933654692,0.1048374476472496,0.1164460355875515,0.1278412781859141,0.1012438374428802,0.1073042587321232,0.0932694110585245,0.0952453044213068,0.1041601401058717,0.1087367182288358,0.1060688338378637,0.1021532694758444,0.1061143498267049,0.1066111010740126,0.0744703640196281,0.1036759790434397,0.1259516212539818,0.1010897544520427,0.1032414180828402,0.1105438182929625,0.1090097820779067,0.1065538049955208,0.09959376187848,0.1041261057780973,0.1042481477651211,0.0922801629807524,0.2248539545969213,0.2895649494526938,0.2572452824243477,0.1524292580953292,0.2187768967129167,0.223107734697913,0.0924520058971312,0.296307894730908,0.1663048926627996,0.3993644496312325,0.2866846197310541,0.371635773602654,0.3444579557313785,0.1385322621624384,0.1413550894481345,0.2409730582176782,0.403071883467159,0.3511618530500727
0.6804289988286291,0.6279151089243836,0.5713474874014723,0.4366917882473035,0.3627687987548038,0.7025051134770243,0.4539752333363204,0.5750271101641844,0.6456435341702311,0.4960794749042787,0.3728608904178652,0.4823429862335088,0.416812345639006,0.4911067415941933,0.5200189251739246,0.5058514513608319,0.5262342846336586,0.5017138233614046,0.6590585320239327,0.5802316854014761,0.5821458226565412,0.5443017465933644,0.6509742095085344,0.5120662457707339,0.4829655081333165,0.4864882146610851,0.5113411976859488,0.4481317542126036,0.1267841557731291,0.1102065242391987,0.0997186145503005,0.0986357040684496,0.121248405015481,0.107178099453559,0.1277544755118387,0.1264356207798301,0.1206580073706644,0.1064784892611257,0.1183136804438305,0.1100388412247519,0.1070287523639063,0.114419342763033,0.1165879393165192,0.1167374155627686,0.1175337654824361,0.1128407638267312,0.1104006174868251,0.0891661501024977,0.1144921784615756,0.1254140357038087,0.1134702431095989,0.1087321908564077,0.1247637577863967,0.1128135771871538,0.1179152856313114,0.1027687294333655,0.1142389028358338,0.112117153451411,0.0945252146446718,0.2219998319069564,0.2680248247266718,0.3065772503843815,0.1373366669251071,0.2188972155439639,0.2288378177798567,0.1239084395415642,0.3738049762042899,0.2368962725869526,0.3707230160418536,0.2587730383578067,0.3065889128740078,0.3947896855509178,0.2265951436944305,0.1577499871862133,0.2428252978450976,0.358627537063217,0.3455091896492356
0.6417011080963525,0.4932818284739327,0.6127429789522288,0.4520928024953313,0.3632504691095913,0.6940381985605097,0.4481426955707907,0.6013386355553223,0.6871413943152836,0.5763762644217353,0.3963510526960403,0.4673149743795021,0.4221096657375674,0.5117923482273984,0.5629992946578365,0.5223726599171028,0.5852799347827606,0.4788096196532569,0.6746743583146024,0.6197859633493753,0.6065856783749437,0.611072806091257,0.630178461260937,0.4891465290119408,0.4947535303518885,0.5265971865067041,0.4311300308141228,0.5171314305269383,0.1230686469446556,0.1092692921918896,0.0928849236330293,0.1088994386108777,0.1168288167439617,0.1025700573638754,0.1169205570145598,0.1251234425831044,0.1347475245961931,0.1026812545580115,0.1236160534947278,0.107388586542808,0.1125262370663667,0.1142608351383384,0.1158298531181815,0.111806457719359,0.1087388050025273,0.1022872193928834,0.1024528231017429,0.0761443295793656,0.1041097047212981,0.1189711414145764,0.1157625987645009,0.1086559896079078,0.1217900476827193,0.1127927404334626,0.1186582614123873,0.0978813312497071,0.1137675579456559,0.1115821786624522,0.1042220636988065,0.2205233228596301,0.2921932508753155,0.3241769804486206,0.1363626913039622,0.2194322848982726,0.2267497682008791,0.1257348646017673,0.5122903982798259,0.2120052175119434,0.3689849024567575,0.3640574370250569,0.3451184111514261,0.3981503409363025,0.1722338286625755,0.15561891387683,0.2433669769829415,0.3970136131719796,0.317579161706267
0.6633361183824146,0.5669018282776788,0.5583559221024035,0.4937456287079275,0.3979916172333,0.6587358348020451,0.4188836122851167,0.5602260313409517,0.6529119720901131,0.50679453468445,0.3996432856883778,0.4945329885874238,0.3845449306709982,0.4989472197734186,0.4978292334758625,0.4939860477218243,0.5008064306231255,0.4452806040790735,0.6227782333840177,0.5733148351017243,0.5738050690706371,0.5598640723082309,0.5503457620892669,0.4694133945676639,0.4709473101917159,0.5140525906093913,0.5031715311289449,0.490918875023534,0.1150947522993527,0.1058944326442045,0.0864028950718581,0.0858253872203613,0.1091284329767195,0.0931452887689463,0.106510603076272,0.1161797772279953,0.1191197974483085,0.0938438194939819,0.1088688443932913,0.0990802211889465,0.1033738936935434,0.1033455755428623,0.1089784068285923,0.1004321448246151,0.1016677166211555,0.0946146062764285,0.10303460477211,0.0749875273190748,0.0946113005690741,0.1181562441669012,0.0974078554107142,0.0980481556110311,0.1189288081452079,0.1076991746119535,0.1134393439979415,0.0922232928944499,0.1029286917205345,0.0988944833496753,0.0872368914306736,0.2187489993734488,0.2630951914006841,0.1622664106115208,0.1207794595118188,0.2035931750031248,0.1874155793669411,0.0881828266291823,0.3385724688750193,0.1773453037968743,0.3668741874798864,0.3469138115877617,0.3035680772843717,0.3664963205881191,0.1536339046226607,0.1323407384237483,0.1801601670715309,0.3358422026364133,0.3206174848665451
0.6336298574275787,0.4228777967393398,0.5397331518652104,0.4748058765710716,0.3854110620596228,0.6702926225016104,0.378843628072232,0.5319054255706326,0.6562872719760005,0.48238111796743,0.3989664798197305,0.5205762180255695,0.3474184548957699,0.4865554377117949,0.550687685592676,0.4109951488591812,0.5365471476205637,0.4511672878735683,0.6473449946325514,0.5412596230484752,0.5567537798904116,0.5077017181982788,0.625899922365065,0.4572969401323177,0.4359166869791067,0.4810019854875014,0.3663219712209667,0.498870767979254,0.109074459605141,0.1093553904799685,0.0808784370529015,0.1011779128940677,0.1054885228500612,0.0990165612398505,0.1110970186899115,0.1155263051294536,0.1062641165828408,0.0935896775191637,0.1092906633561307,0.0930141651840364,0.1030822572162891,0.1038585187105192,0.1103621726638401,0.1074910943708966,0.1033912107055901,0.0982417295232885,0.1039277505584339,0.0626137570617037,0.1014543949794892,0.1068972749804029,0.1010931083186986,0.0984473931586374,0.1222259043483355,0.1029445729338784,0.1093938810893407,0.095910744514835,0.1038631154983462,0.100153834359958,0.0891746662546215,0.2559303329326212,0.3380618269096737,0.2163472155061287,0.1405096106882629,0.2095602127378528,0.1873870005539133,0.0823688883600489,0.3724357524148489,0.2015424497627849,0.3796990786901352,0.3255501742596211,0.3536580232631044,0.3347503207623958,0.1195455849799629,0.1123728556948415,0.2474951572361446,0.3842579144175952,0.3450340450996217
0.6304897942220341,0.5520278538512712,0.5533616248175882,0.4713177195801716,0.3545465873001696,0.7044583696958088,0.3958644172990652,0.5806355212015115,0.6639961462563486,0.4870867570752485,0.4068229280315436,0.4960218689039572,0.4096731834037778,0.5130795998309734,0.5172552965789252,0.492577109148355,0.5154982340727183,0.4646038153465051,0.6120807465866569,0.6008670385790682,0.5944363313743553,0.5538029339186208,0.6783055028777082,0.4432116865429563,0.4323886136128915,0.4850446253575422,0.4740571848157265,0.474921950535315,0.1210915795138978,0.1025256441661914,0.0867493653426789,0.0953098351917432,0.1069214730805432,0.0981399593446827,0.1112276282389588,0.1212347765179343,0.1201856384927036,0.0989930989737347,0.1140159619734023,0.0947303902798048,0.1013656566286772,0.1075367463274511,0.1009888637123808,0.1059412567655179,0.1057411946212877,0.1122850711994097,0.1042735798720713,0.0777393586175082,0.0981220883455265,0.1198561100119398,0.1009797941098134,0.1038513770834043,0.1263502928916287,0.107311747566452,0.1147482613026157,0.0910795762675183,0.1071014493094838,0.1031160322870144,0.0985383453133346,0.2019117504070607,0.248848525242529,0.1461981671732577,0.1312968907014942,0.2407639812551212,0.17100364632732,0.0756915229269199,0.3137558835858355,0.1399469639876628,0.3900882809860431,0.2909831397348281,0.3288923185199764,0.4374887286440322,0.1884443884810957,0.1137882758165109,0.2085467967559656,0.2920208952158477,0.3046731313584599
0.6570424194403688,0.5831056021842635,0.5807794398476714,0.4710707484936355,0.4556685522508196,0.7028879326848048,0.4322117913402219,0.5795725644048717,0.6580934227641418,0.5707054212402671,0.489862594941575,0.4832887052223875,0.4003805295637315,0.5660996399753757,0.5079711335613105,0.4643878584047879,0.5395399906138367,0.4858852528768577,0.6427186966797404,0.5759082363192003,0.5741560191471504,0.5732645680942055,0.5765298132080852,0.499950757607762,0.4600154880434274,0.5103090688042238,0.5152245144383499,0.471242528513866,0.114145056631131,0.1001275841382634,0.0914570247744974,0.0916449797434477,0.1100305972453464,0.0946558587391353,0.1098318850043587,0.1154619813585638,0.1180879572508121,0.0993445876694772,0.1137445167760054,0.0974556981450553,0.1014950354742285,0.1024610247572571,0.1164184713175998,0.1168902975269843,0.1051639278855156,0.0949566946182968,0.0926972999677669,0.0750615433626767,0.1007888078633044,0.1161675210506721,0.1014786378790161,0.0986555874452319,0.1416933276513373,0.1013355570153329,0.1080757212966315,0.095983713984068,0.1012401539499775,0.1003130613821944,0.0892940280173128,0.262125972141396,0.2845275157672611,0.2733915346410293,0.1391217779162585,0.2068858473096946,0.212380174974258,0.1284780785657357,0.3384631463859835,0.2476937082985979,0.3919575530370431,0.3808429107508239,0.345705709062718,0.4050948431997588,0.163530858957933,0.1330638258917523,0.2611366348839561,0.3691957548092189,0.3600138094465611
0.5966925274318515,0.5080206464474083,0.5580951951546311,0.5087275977531612,0.3660754815078853,0.6252811758689476,0.3915862440368819,0.5419345597136727,0.6343282012230891,0.494977642809988,0.3481689163733563,0.5333279128896347,0.4063238472533053,0.4840756074507171,0.5500592080856728,0.502462888128854,0.5876001953760865,0.4516533037914678,0.640070461377914,0.528543571124652,0.5632964906702311,0.5275922554320303,0.6627864516687452,0.483444251701891,0.4364450187890992,0.5028532499612008,0.3340263340029574,0.4583739535278968,0.1110303168103275,0.1039293387986361,0.0815846756406371,0.1057855800942895,0.1051422381361301,0.0915661934051891,0.1021285479462424,0.1196935537481599,0.1137109322170923,0.0898371830939372,0.1098923532815168,0.0929354341423223,0.0913057532000939,0.1025514411060719,0.1069771072324123,0.0947840878464466,0.1057768994131294,0.1008782791954521,0.1012310243117731,0.0772366529294246,0.1019060807498373,0.1090182820535409,0.099885325275634,0.0989950960525185,0.1030748591338382,0.1008403436183322,0.1087052027019588,0.0889619566481696,0.1033190148088693,0.0993903995107711,0.0892542734169799,0.2254602633436024,0.3048584978348766,0.2117867280483472,0.1444074983533224,0.2208378720439895,0.2158751964700388,0.0684590176924278,0.3536187872421323,0.1785691890103573,0.4108618562861358,0.305722401548787,0.3950335643002911,0.4156293888491663,0.1392362501161793,0.1749941497785354,0.2300579207650401,0.3806392927722768,0.2955166785415514
0.6315555743217132,0.5501750546945147,0.5867980332139817,0.4745007977013561,0.3918256675515227,0.6870659521941391,0.4115007680594628,0.5422354042795605,0.6681237826785094,0.5057033035884113,0.4542938972039387,0.5014050990673592,0.4106027050432321,0.5610550120472908,0.5390033089169283,0.4618352076196443,0.5578045645881284,0.5021112070339282,0.68414385046092,0.5633085656271872,0.5969446117876549,0.5424857480102611,0.6510753493392911,0.5190068008884501,0.448793377412317,0.5092464677634345,0.4610848059083084,0.4443634936450592,0.123187115452938,0.1119226334491054,0.0949726870730496,0.1114802482633006,0.1101287261364331,0.1016293276987852,0.1092993843128282,0.1240867665802196,0.1138288622220492,0.0974712189527885,0.1133727013104912,0.0983266428756489,0.0935381159571694,0.1091996903694424,0.1161007285908778,0.1089668045818041,0.115864925676712,0.0987127529698538,0.109425073973927,0.0801745151247937,0.1093160544114905,0.1278948912050329,0.112530682716519,0.1080682632541706,0.1120410333083281,0.1105139917530274,0.1194195084346222,0.0992606175036514,0.1107311132805849,0.1081789831644981,0.0959724513866701,0.193366526929735,0.3046496649228705,0.218430709449903,0.1328069938850326,0.2001551804279524,0.2430246332417307,0.1104989779414608,0.3026958529738497,0.2199067834687108,0.3645109923253904,0.2765860429240597,0.3222889043616526,0.371150562332736,0.1264272684497492,0.20821099152911,0.2312405284705469,0.386347397330714,0.3334344513448779
0.6390274655984575,0.5671065281266752,0.5187280840397034,0.4738928558849126,0.3742831403097091,0.6758689557382845,0.4064715602984506,0.5601052943480587,0.6574378235229978,0.4678443399717813,0.3967381567815038,0.4580018205439828,0.3774304729842336,0.5291589312818594,0.5294317920908407,0.4411147450320204,0.5528231654910144,0.4387877878585252,0.6132940150481282,0.5707476756874778,0.5498408379738496,0.5572062858230041,0.6588660457460438,0.4611122349646539,0.4588946263940026,0.4929007055264579,0.5182836427304485,0.4498189646109338,0.11526116010204,0.1034117129167299,0.0893564575545175,0.0963602812725777,0.1096948143540432,0.1019159936804504,0.1069537535096253,0.1228538422553032,0.1181770347501139,0.0952528199882909,0.114264038902142,0.1005810081865259,0.1053520391813695,0.1073557934050964,0.1109404407869203,0.108130355627656,0.1030950096758745,0.1073316698168562,0.1001723092348124,0.0709871893025475,0.1050564759977085,0.1098930440117754,0.1053014105913192,0.101977661115754,0.1221165587675479,0.1135072824658877,0.1156947671649826,0.1006777603007462,0.1055777278403246,0.1078190665673601,0.0882916610810075,0.2101700796302792,0.2693340733839089,0.1638648171510014,0.142375339798084,0.2171748357041287,0.1510921158061703,0.0792823920605911,0.4051565079898276,0.2149987107039765,0.3474881694265855,0.2661235876036196,0.2693178692065617,0.3834163315880757,0.1522110320627689,0.1068452688594979,0.222271932998627,0.307485171338172,0.3342899963139699
0.6739283280210996,0.5379117935632183,0.6028254043235295,0.462089223460292,0.4051765062454239,0.6867466795817018,0.4618438499471566,0.587909906843004,0.6559460586080763,0.4895802552730077,0.4373777727717016,0.4534224000665625,0.405378402859461,0.559020832377148,0.5357414156166954,0.4588547174239737,0.5471865098384575,0.4856755449791858,0.6570769351986427,0.6339024604463566,0.6173930232492182,0.6180570965892402,0.6238337684883161,0.5245747242643564,0.471651789326709,0.5173747829130309,0.4689308249784341,0.4395291744834847,0.1087396004184473,0.1045239441911429,0.0872284418696152,0.0979105114640972,0.112540906664266,0.0949694750859615,0.1011198775319238,0.1258331395441289,0.1158039673301518,0.0964627589898185,0.1156397565971323,0.1042035995543556,0.0995628278996015,0.100110116444209,0.1106393434446424,0.1021011799722408,0.1039106608733459,0.0955631980881706,0.10095686397638,0.0739840618621513,0.1025037794773134,0.1069880787828484,0.1080313473593414,0.0930915400963865,0.1188334698477477,0.1040074677916604,0.1131743857639649,0.0956939289674603,0.1045775197682294,0.0993105997018788,0.0850634380150899,0.25945243648559,0.3525124185596126,0.2249950219133488,0.1270613397934871,0.2129836661339975,0.2255688080280951,0.1079731817756379,0.3948891138319265,0.2171122273369752,0.4324123901941036,0.3204848585475204,0.3425819334248459,0.3717163883977465,0.2042428619331783,0.1511415837092264,0.2443532488717969,0.4021521655695886,0.3571998255787091
0.6799704169181255,0.5232659572384496,0.57842605642843,0.4872468435382279,0.3735854635238647,0.6980119286501993,0.4576970764663598,0.5817980998288756,0.6693488004449488,0.5142678183193456,0.4606687049903345,0.4521897043023027,0.417124602912396,0.5425333169813051,0.4853682116102726,0.5311256007158831,0.5032924714931833,0.5165035368918313,0.6260749036259177,0.6336534158621039,0.6025346081358444,0.6191943425188976,0.5995150984873696,0.4877897538114063,0.4851007690860165,0.5040224580629814,0.49268117110205,0.4683368281089825,0.1165408136423024,0.1084177573240199,0.0795565888498923,0.1136799467038429,0.1132241442899152,0.0976309881788313,0.112305887209524,0.1274058729208816,0.1054902621516256,0.089316086000591,0.1219411738814671,0.0909028007230464,0.108015643717239,0.1066674038232437,0.1234592013010834,0.1102145273735274,0.1113674335190205,0.1133148300961444,0.1094414683484403,0.0753022283903172,0.1101225173126353,0.1221941932676295,0.1081764991677374,0.1044593768152858,0.1101400872975676,0.1180284005347727,0.1246363877523666,0.099053248427621,0.1123070023851038,0.1019167404946245,0.108064997231575,0.2321696048996308,0.2892405168472121,0.236367259945335,0.1488669563159913,0.2231628746171727,0.1897406480536084,0.0969178893295752,0.4100499166094739,0.1945626133611503,0.3985683508195738,0.3722376161922327,0.3860397402374517,0.3612149826117924,0.1301864262670278,0.1174994891146056,0.2255625157382617,0.3824702093550046,0.3684434700185821
0.6163556800699662,0.5753212117146109,0.5330997126265651,0.4801409486617126,0.4023147514806344,0.6599486185308723,0.4185037787413687,0.5513129760277278,0.6804384098092195,0.5118396162670322,0.4053936371537758,0.5468692204429029,0.3958689377010508,0.495592132406872,0.5513107037810057,0.5070526835092706,0.6031468748121722,0.486059089753228,0.6409551372997297,0.5725218320044346,0.581500005005456,0.565846811281469,0.6829399146875004,0.4634820736413477,0.4689104392212426,0.4941919954185025,0.3505846928381353,0.5121499923352375,0.1178448951217766,0.0999659172643478,0.0969196849061859,0.1033106244289757,0.1048272024509552,0.0942549760449546,0.1020528674956335,0.1150831971096447,0.1227119218033561,0.0926866813649652,0.1078964208725326,0.0954688833946448,0.1039422068321486,0.1066925299386805,0.1030812728838299,0.1012215250298156,0.1085984562791063,0.107510423808359,0.0979136385721076,0.0755937886275932,0.101359538399087,0.137983455607777,0.1020169342762288,0.105290254196679,0.1120691013592128,0.107307957558497,0.1126242627384999,0.0987345170824766,0.1072564996723531,0.1024112900779585,0.093847487304366,0.2025630676596345,0.3233194675549137,0.2131394366649064,0.153542261181849,0.2214773190928352,0.2058272190066929,0.0798341182681421,0.3585524206797366,0.1736580262842931,0.4111803184881344,0.3488630760482877,0.3798400166861969,0.4288725753625234,0.118534359615296,0.1626812248532795,0.2234487180899677,0.3891500133851712,0.3799406445109181
0.6277081428470749,0.6051355062976597,0.6013596876016581,0.4592338415869055,0.4026839762635819,0.6598410652282076,0.4644395697992644,0.5800196438727265,0.6712262768687182,0.5174296710269188,0.4027025320481324,0.4920613918992648,0.418525471385373,0.4938070824174833,0.5276818162941962,0.4989908175299999,0.5881459184293242,0.4789396844003499,0.6588473904250015,0.5996685435885982,0.5964941085632502,0.5842264286550599,0.7016261765823006,0.5101054464162555,0.4811708109463175,0.5466124898669127,0.420524949107567,0.4513269849708502,0.1127603849794072,0.104770823605686,0.102625974650378,0.0983792770335187,0.1170221907011298,0.0997824351955584,0.1141632925070061,0.1232869589863339,0.1126435022623056,0.1056751876024792,0.108661724367542,0.1061563290417353,0.0982313821189341,0.1088535694879226,0.1143641430629893,0.1036156829015164,0.1028597453763229,0.0951538502211719,0.0961862133474608,0.0861132574878699,0.1016666888994277,0.1214054246947572,0.1043464560951397,0.1064607270682251,0.1134872665252438,0.107489567835696,0.1130397742948976,0.1028688833323924,0.106007710230045,0.1028448022552782,0.0980206960934384,0.2355608954883057,0.2940981980374895,0.2450359139381156,0.1396110572914634,0.226150311531915,0.2249408826414568,0.1159807710806612,0.3773686058772434,0.2109769450285686,0.3982225943851184,0.3946178286338696,0.3551677718799889,0.4139528930896804,0.152308854740113,0.1469341605635626,0.2258417483857449,0.3527984773958967,0.3724848059447188
0.6356661150617332,0.6170861074830046,0.5508119521907232,0.4700458568173472,0.3988019867468688,0.6849981590938301,0.4583167451557328,0.5557171617822751,0.6527079094107726,0.4916947961099579,0.4340931216391908,0.4784681239034589,0.4084957476065842,0.5579200912433575,0.5098103926060807,0.5145239648096274,0.584382141409443,0.5034134193189715,0.6421532914893402,0.6371251995582002,0.6047377956553379,0.600648933707405,0.6601661275884119,0.4886051390956885,0.470462360343805,0.4877855366583538,0.5109330984270748,0.4879601001118619,0.120439631289236,0.1143239382739534,0.093283871663048,0.1111991371599161,0.1085477151236075,0.1015414594545294,0.1059318070868904,0.1253699542841531,0.1212387428458032,0.0980618427255519,0.1212304886002516,0.0976485885227218,0.1052280005474404,0.1102152916944369,0.119054199623908,0.1110677777828927,0.1140286560256303,0.1109854570298234,0.1101090880228675,0.0749122295297712,0.1098179517619153,0.1233640527133781,0.1086574987128128,0.1035794266629784,0.1319647175704662,0.1094053166644377,0.1193000166192215,0.0989480176850592,0.1084141764558705,0.1064043561865938,0.099629800696826,0.2306719746454921,0.2884531407079523,0.2017048596839109,0.1704660141324396,0.2166056106070589,0.1714297562333054,0.1582346503018287,0.3893949535157945,0.2166608117524707,0.426665124295558,0.2859537535971337,0.3249256132046381,0.3171222546980494,0.1253592225722968,0.1210181770528907,0.2309918805852636,0.3620519133766631,0.3439511270252287
0.619438634668155,0.5390268790981044,0.5367461288024457,0.5048054165505487,0.3961773546548878,0.6798439249287318,0.4274508132993766,0.5585042194454797,0.6390344055204475,0.4817049951476937,0.4086500999544984,0.4750654426775327,0.402248442417063,0.5269685023771128,0.5284836052625252,0.4977705883060673,0.5293626366923163,0.4686311246723158,0.6406224118932011,0.5520000554360898,0.6088341302236688,0.5603417986105728,0.6109254320704065,0.4940107259714883,0.4621510066630593,0.5079889679522749,0.4269638939442424,0.4943032141141836,0.1178431731493648,0.114286905827056,0.0898428377676397,0.0934769745974342,0.1140222110180693,0.1025281082854312,0.1083698720439136,0.1244634152421536,0.117639306331115,0.1009362386195261,0.1216657226247801,0.1007593176194994,0.1045359332460228,0.1047834036755003,0.1163946037042648,0.1130398844906659,0.1081397189000117,0.111168941506853,0.1028224526710734,0.0837219984351405,0.1063216219960343,0.1121077814367405,0.1129961131556802,0.1049945771122428,0.1248238882024531,0.1095761133257816,0.1190083911571312,0.1006238490538843,0.1041785410925787,0.1071982188891309,0.096352714250302,0.2331257973634264,0.3027796120850053,0.3746814062198003,0.135044915081433,0.2260899348344132,0.2053581426724452,0.0869203993546155,0.3780645211036799,0.2099005522922827,0.3756170072001478,0.2831347711916481,0.3203308511659637,0.37262179726173,0.1475884128216798,0.1370759203665606,0.2572334704198896,0.3881703077308355,0.3405014705799875
0.6091039942357843,0.5257016681134701,0.5457609484729072,0.4749383313214353,0.4238177282908528,0.6512568164187779,0.419395895235428,0.5444181830512799,0.6208305998086764,0.5019346494935761,0.4017005734825163,0.5061209974139427,0.4058356324446766,0.4578394685527175,0.5211340007965188,0.4295759486084802,0.5648482371542147,0.4857473701338232,0.6487458441397158,0.556438690107604,0.5841050685554214,0.5417023313000926,0.6477003388000325,0.5209510237372774,0.4553479743595815,0.5101603042390499,0.4388357899680394,0.4355851631303526,0.1132454133248498,0.1125877134627717,0.0941585921902312,0.1170555143415912,0.1216733150272691,0.1053134688552755,0.1182251434271116,0.1350475260755285,0.1242531268742259,0.1028791284963594,0.124490018885374,0.1075835154449527,0.1268852387270578,0.1109652385679238,0.1114602645372551,0.1064348947988086,0.1178955889902673,0.112173689194753,0.1037069642650738,0.0814733374346735,0.1100587306821273,0.1260202263144947,0.1113212686933655,0.1078074432282951,0.1265181255665488,0.1138852281522272,0.1170847491042547,0.1046416185688599,0.1138755209388913,0.1097824203561046,0.0933173552111831,0.2401399693466382,0.3042070936710349,0.2405075671417372,0.164091570114932,0.2248825469553214,0.2319729807001938,0.125806380118079,0.3455087583588094,0.2033052817021277,0.3567017893010908,0.2643150186945437,0.3397512180421022,0.3581915037440402,0.1331608737508455,0.1831786119377876,0.2504789779494329,0.3840928121512541,0.3524693737951988
0.5749227981890752,0.4086440615960069,0.5488899239388438,0.4892779767774341,0.426453938833753,0.6531496681032806,0.4176858510098465,0.5602990655473505,0.6518971359475043,0.5156126644567129,0.3395612728702464,0.4821760014453616,0.4148055542870645,0.4957422076422921,0.5068207060616123,0.5058672713276937,0.5573928008317741,0.4634087746702025,0.6524234850080259,0.568970985778243,0.5780122449325173,0.5561739499906018,0.609377066114497,0.4907582604004299,0.4156392819371882,0.4894700304991256,0.434146727235284,0.4812506795551119,0.1112136684237831,0.1055037579375186,0.0952905638246505,0.0947219836226485,0.1108726213665686,0.103125136406452,0.1135908383594271,0.1317831772066518,0.1182063159590098,0.1016931286029459,0.1115253915817073,0.0978597973005032,0.1005820851113892,0.1091254211600195,0.1104536738997255,0.1021105170517672,0.1077188550552558,0.1075645843128355,0.0938609488988572,0.0736429739496517,0.1000002204398399,0.1159737238135074,0.1104071143400977,0.1034677230583755,0.1100342390558407,0.1041619988849676,0.1090811801052828,0.092949944148368,0.1140005725708941,0.1025287533199487,0.0894156402842896,0.2550325987965253,0.3643093360387032,0.2494850373930401,0.1469891730254085,0.2295805287522886,0.2360802830625575,0.0992527146424565,0.3980586762509999,0.2233979868326793,0.3335624675827334,0.2746577946147738,0.3062941053160676,0.3195789538167572,0.1363389988194455,0.1678808986710814,0.2768596279527628,0.4130664904522946,0.366220691829583
0.6306120307025781,0.6116091776769478,0.5922698927893516,0.5115612103098158,0.4236758961069882,0.6725696459351919,0.4342185587642468,0.5660423093561846,0.6627567471706328,0.5076398742069718,0.4560402363547947,0.5300206137516117,0.427292743316461,0.5570100776955424,0.5452236373669629,0.5069909908097803,0.5916342241668153,0.4668088166848452,0.6430123982350178,0.566030546177847,0.6077564070947454,0.5986668952173819,0.6852316153141107,0.4959083406664013,0.4722710268073594,0.4932542911845992,0.5032840066349273,0.4786887987596648,0.1221953126450942,0.1065917677684586,0.0972178670911874,0.1048952562633077,0.1056867632470436,0.0974159438712777,0.1050954779765336,0.1213045656383054,0.1160002919979668,0.0999492860628364,0.1106515114631839,0.1043574085818408,0.0999346959890703,0.1087277489926117,0.1210232031025442,0.107658902284083,0.1122637483886087,0.1141905671416191,0.1024842405497393,0.0852071495582192,0.106461564154355,0.1173552580150885,0.1068861697945323,0.1020914091337865,0.1156074064183413,0.1098337234731375,0.117353057503636,0.0997205679479764,0.1090555022123836,0.1079748222067422,0.0894213278104797,0.2111781024868543,0.3125446894505654,0.2551423937906152,0.1448392997345054,0.2227829127314126,0.2577044929802896,0.1483685175134312,0.2974534357972539,0.2388884684674698,0.4546732386209435,0.3793937818277194,0.3898549958160429,0.4451131279979433,0.1645911484956741,0.1963001780536648,0.2898412871908867,0.4203859262591782,0.3910821164579579
0.6741607283173902,0.6171471616945976,0.600628215104165,0.4991788058877555,0.483544740115287,0.6976762045051761,0.4265554172769511,0.5484035313953608,0.6694449659728966,0.5422076404618292,0.4763023630985322,0.5071384649789116,0.4276852442289724,0.557842503435616,0.6168555462112029,0.4860988759861286,0.6171851711387679,0.5312514915309972,0.6374248213896829,0.6179251310853066,0.6071802697501236,0.5391258965070526,0.6450470859127977,0.4957637617764947,0.4457175128971408,0.523327432381268,0.5041724816034538,0.4763156862485976,0.112916504314875,0.1129233137790164,0.0888082509601908,0.0974896580955042,0.1205630368918146,0.101912404384269,0.1190361988406855,0.1243608467523666,0.1175573947427936,0.1014270751508802,0.1230919884043275,0.1011345251896353,0.0999080835772333,0.1142244843953756,0.1294000018101062,0.1059133931602668,0.1085690951796823,0.1089164177844491,0.1123490031799619,0.0738385493763731,0.1187819631515016,0.1067558556267302,0.1125161915799949,0.1027514205889024,0.1162307914876246,0.113533215073292,0.1198480180489265,0.1014495248588244,0.11256837989863,0.1060754369632339,0.0945524705817024,0.2175611400906457,0.2930307988889323,0.2602496045153765,0.1738255407372168,0.2243080844883374,0.1953674509191666,0.1306063353394468,0.391450134071253,0.2470817529559646,0.3860688005243577,0.4304776284325322,0.3420914593797463,0.3735128372133551,0.1462660941549322,0.1071859550414278,0.278992936436146,0.3790614316866936,0.3605095906366443
0.6459648613292728,0.5598693355321884,0.564159584772491,0.4946709223142166,0.3964309825882174,0.6847482215792532,0.4261823018249879,0.5257686266481707,0.6550619103599745,0.525039305023771,0.4273406719145551,0.5161034796075779,0.4275328504165552,0.5177505857803744,0.5280352246989477,0.4988387870732234,0.5651193530727365,0.4688198856590969,0.6484555761989077,0.5632112753027216,0.5853569340700999,0.5633903758263263,0.6070762427918839,0.5170422143220788,0.4633141944835078,0.5216286198965918,0.490904980921787,0.4913106181460417,0.117904572836986,0.1130262580167634,0.0959798443667031,0.0997262366272719,0.1115972834123256,0.1021634623801061,0.1109333462647382,0.1201904636709003,0.1251879669407229,0.1018551978031633,0.1184915043545259,0.1003511644963818,0.0992600689751445,0.112485518381368,0.1140007646293304,0.1056587780465443,0.1091273292529332,0.1110558417573764,0.1070648826396192,0.077201139115785,0.1102214457469883,0.1148804613197663,0.1108774229828831,0.1121268959122916,0.1114600569394983,0.1106703667794894,0.1192261052281695,0.1055874860708322,0.1092100993302898,0.1078070531020548,0.089893192900839,0.2194572930273058,0.2851846759573095,0.3093047621853065,0.1427833115428046,0.2139807316557119,0.2510452779230251,0.1089802923379465,0.3758899954062971,0.2109192153705017,0.3742565848724746,0.3295672165643837,0.3541609974943001,0.3663575608815466,0.1669816861613693,0.1826797150129425,0.2504537788411914,0.3987360367205677,0.3569436515382267
0.6181741961432935,0.5440238905100783,0.5699328798113831,0.4903464853292935,0.414373507087187,0.6909841079919252,0.4062935166556845,0.5742749206670333,0.6599213925890911,0.5026065990233012,0.4162506200492735,0.5407982542616965,0.4236688966546277,0.5455759046113343,0.5625981892716934,0.4879279398664042,0.5917771717074966,0.4859024418620367,0.6323656174659056,0.554922990999081,0.5827220135626585,0.5498769417324204,0.6653141833530937,0.4727951442726009,0.4400517505689506,0.5080568898213874,0.4460562281004252,0.4863244315881951,0.1130007091267758,0.108265380120626,0.0880402614209409,0.1093409220340235,0.1085293979151132,0.0987368284334891,0.105229755750193,0.1216967184702195,0.1152086312258274,0.1014927919142444,0.1161890115715756,0.09948443517495,0.1026590773341575,0.1080389420090505,0.1102876696278657,0.1075310207305823,0.1091162276420115,0.103842397941767,0.1094865459832175,0.075696342783195,0.1061070532775452,0.1110009693974034,0.1060323853071808,0.1013905881488921,0.1147090375002023,0.1140668792197761,0.1158684040078166,0.1006920417088595,0.109607509554438,0.1055080624140494,0.0917703493441961,0.2304921858920274,0.2793370789599758,0.3238438161998955,0.1676659450953302,0.2176209511848156,0.255877881306917,0.1747095627244561,0.3877696985843731,0.2378446929597041,0.395056075377342,0.340267321129364,0.3503430132744132,0.4035893504034008,0.1760716890088385,0.181342159909027,0.2928370745542947,0.3632211635678679,0.332338617410592
0.6444467602977677,0.5308199411642457,0.5626936241007938,0.4925025646923967,0.4186192787833348,0.6610058808813987,0.4210403807454523,0.5620675439667332,0.6840368289032382,0.5070347220079325,0.4381706964589801,0.549650279364565,0.431768464662956,0.5565118844941321,0.5648099191240243,0.4953974752640904,0.6086858807825859,0.4965933103829645,0.6610996392048266,0.5940958045201183,0.5940058007034397,0.5485573262174794,0.6943781948648393,0.4816050266358004,0.4570697139874313,0.5173750320175254,0.4863175118676855,0.492339613507221,0.1179163462234359,0.1188054899292919,0.0947831055440578,0.1140051265169616,0.1114877321353134,0.1046168273900164,0.1152790097965896,0.1240049866935711,0.1158479854256361,0.0994137992863511,0.1242495830173913,0.0981146103729169,0.1086849246580329,0.1136568476855927,0.1295975932152792,0.1155824025966334,0.1192000069531721,0.1084930792349748,0.1099265488420394,0.0734854370241169,0.1157437957488428,0.1256188715962157,0.1187795518387723,0.1043613784018906,0.1185524858278719,0.1238492899825245,0.1312368766025243,0.1013481708963672,0.114377744586596,0.1108467475722353,0.0982885793725843,0.2203589040199398,0.3073465691997792,0.3119647949077617,0.1382868241961055,0.2285954513907171,0.2470746251154921,0.1212566924126197,0.4216242060823812,0.2165554644147488,0.4296506337157445,0.3405557190189542,0.369944655703973,0.3795020663654888,0.1121969491036401,0.1760769650024711,0.240187114217795,0.4173589935291464,0.3378687920453755
0.6889638306426247,0.542275873225505,0.6443164798651179,0.4607663347900146,0.4411024432813767,0.7215782745677146,0.4529985947095678,0.561025718971584,0.6407020977580148,0.555555572586357,0.439132815047081,0.5231602743436071,0.4328186982268134,0.5359185867768834,0.5523227084637081,0.5316097497897969,0.5258254819394399,0.5084064691115732,0.6216680870708031,0.6078314770606866,0.5761138698802346,0.5784233881972538,0.6075212438617434,0.4903247522850853,0.4857231466599639,0.50099155629925,0.6096895218822498,0.5483495054021207,0.1212269809258527,0.1025207461688987,0.0964924109006384,0.0950037630458599,0.1095495112999073,0.1011783700316197,0.1127352820030623,0.1313586859931385,0.1160523955929094,0.1007396326435633,0.1157821434809836,0.1057054008429445,0.0958492562606766,0.1064676388756521,0.1126322394971279,0.1143484001969605,0.1040633833717036,0.0987777886865499,0.0998185418758273,0.0840001528783703,0.1048858231758691,0.11221878106451,0.1053081318048394,0.1064375310078316,0.1146838778917081,0.1075930734040712,0.1103779805730351,0.0970581094002637,0.1096359490353807,0.1069468370251283,0.0951680253296439,0.2525380770898996,0.3030046670323016,0.3190208349554311,0.1622928406237854,0.2196264666565565,0.2192149623089487,0.0959944448017,0.3741755677687797,0.2680274595337157,0.3714129399851907,0.3248555659568418,0.339418759423164,0.3784228853881359,0.1713645096336092,0.1480336169918621,0.2796518606077588,0.4169223404749006,0.3764606883818529
0.6569818382733289,0.5830459840050558,0.5808674808174135,0.4984952578017972,0.4546089932286246,0.6997523682898489,0.3997688352877799,0.5486263251290514,0.6618677351604618,0.5288128753214681,0.4272644361792284,0.5181218888888586,0.422559205566042,0.5611195896785843,0.5734036153382174,0.5267163210684804,0.5890963476417976,0.4710647001982545,0.6404554144159955,0.5974939175798146,0.6411395471014496,0.6087217703343554,0.6455008666548464,0.4816959497653807,0.4709397339038823,0.5303244028040308,0.4466407557218582,0.4773412108315151,0.1201994504225262,0.1127919136126223,0.1010488351213687,0.1097099573221754,0.117007068194522,0.1040376418788166,0.1125607285666883,0.1231816872768457,0.1224515113349969,0.1036492579796724,0.1194521382425692,0.1101372810839075,0.1005247847821185,0.1092340908231043,0.1152262340529699,0.1168924612837012,0.1053411609223981,0.0965906986043598,0.1070178853083168,0.0782839429469431,0.1144740216895276,0.1190416925729856,0.1112788599463657,0.1050126227191711,0.1126882341507423,0.1145665733143188,0.1166288230619738,0.1048619469781829,0.1111702582028858,0.1147095097326841,0.1047129193314889,0.2325441161696774,0.3202570905980318,0.3314685344696044,0.134657748928724,0.2007131948859011,0.2375251194015445,0.1063753683120012,0.3602623224120449,0.2442881214195502,0.3769344514056112,0.3041133431864692,0.3029101615628371,0.3325415307035048,0.1835194000353415,0.126522941488007,0.2566229055019809,0.4136033618556251,0.4073041577458111
0.6574708838441329,0.547712764451428,0.5763010148169859,0.4610724541963397,0.3816703973238745,0.6612582428595655,0.4105356513891353,0.55363819071431,0.632384872945096,0.5343055562540187,0.3826073178946436,0.4929761870572424,0.4115317465927245,0.5108252658737589,0.4874443421939406,0.4811916047724499,0.4963864420554531,0.4828666619333552,0.6280249169588593,0.5742573485372148,0.5668738430146785,0.5677920523057511,0.5648008846169845,0.5122339674964438,0.4760534564737985,0.5340984510184039,0.4443487539726126,0.5034302642568946,0.1097087275315037,0.1109475345700414,0.0905089601360337,0.0935982823707152,0.1083767577070412,0.0973530510373822,0.1089459554827899,0.1229071249073959,0.1132359881452462,0.092863880408117,0.114055185215299,0.1024901449873055,0.0989440049769077,0.1130891371966359,0.1152309117398158,0.0969491327430259,0.1142971160548734,0.1023076516039876,0.1039603486227811,0.0755478496089566,0.1101644190380309,0.1203116603806717,0.105850063828847,0.1050037451912091,0.1060157223658855,0.1083367737706215,0.111163232196827,0.0978771611379692,0.1062830708737128,0.1065331470983735,0.094848001421151,0.2201258519667367,0.3231565750438913,0.2531849100244241,0.1285854386806162,0.2007960668003738,0.2198217236784811,0.1048851952488932,0.3900206515387348,0.2016080271497289,0.35418135021575,0.3037022181237355,0.3422076922024618,0.3396728976251004,0.166518555010681,0.1506023770150465,0.232759945347403,0.3823501886241137,0.3283415833908192
0.6386536028868284,0.5072779575431788,0.5790359430019638,0.4207041432496897,0.3578626804009697,0.6790689320620505,0.4145626090935296,0.5692863228133533,0.6285245352538271,0.4830881263558638,0.3844286512504921,0.4121486367688269,0.4252311941091768,0.4889463655529324,0.5412064999359736,0.4055305445652984,0.4838975713950123,0.5149330401234509,0.6591760752410735,0.6053503464695047,0.592818524401209,0.5749979020489612,0.6228833189068456,0.4929993347479781,0.4545393665818282,0.5116521958660032,0.485165971024896,0.4045300775796286,0.1211295344852615,0.1119233801777407,0.0890476748573342,0.102925768869623,0.1094630890894724,0.0965955437777666,0.1072512471825788,0.1211438456759754,0.1161529138399811,0.0957134258901909,0.1181675149170194,0.1003094314684236,0.1040163654577729,0.1056318036035053,0.1204863406711727,0.0987023796796434,0.1098422592690984,0.1119709645004343,0.0986908836952453,0.0664729662502764,0.103208088887291,0.12028845265481,0.1062748639971882,0.1040981616902559,0.1313578747167088,0.1116903400838947,0.1179273918708482,0.0923134370491493,0.1104856374286755,0.0996846235780539,0.0837748026353104,0.2195785215917329,0.3086660813944086,0.1944928469047659,0.1509316531255056,0.2168642818158268,0.1803183699645497,0.1253842889641721,0.3652415790997053,0.2086555790445228,0.4039060544044651,0.274255745564681,0.3596846954796903,0.4030666820027611,0.1002893562739093,0.1313114906642951,0.2371021669858427,0.3856414840670257,0.3445310889942419
0.6708866940360927,0.5593806790454047,0.6359159500334755,0.4898188425541696,0.3834934628234719,0.7047098426187269,0.4627208765926798,0.602072020243225,0.654924113364443,0.5186103291053714,0.4720662591966278,0.5078597647075132,0.4282585757326784,0.5293435427489486,0.5217793816871314,0.521743723010325,0.5029972902839948,0.5085736054752534,0.6817476696076066,0.5607252002780992,0.6498712566681544,0.6084073048466724,0.6381605433348518,0.5088970229492507,0.4790118748844639,0.5425018228382823,0.3865832348782184,0.4826893900003698,0.1154857073216441,0.1041907157520317,0.0871596077864653,0.1057280970327754,0.1087386023147692,0.092572694670378,0.1036014360468237,0.1098535752957091,0.1106157785014194,0.0899896297455598,0.1122479562880147,0.0938921327416002,0.0968077902398503,0.0999603214625488,0.1025517001805425,0.103785761722075,0.1059498014022274,0.094703617636358,0.0988025769541265,0.0825593850815362,0.1051884589780088,0.127099384691506,0.1029531617237242,0.0965867502706787,0.1019312788226124,0.1091367635139771,0.1072829435176624,0.0925831003053016,0.1041136698331653,0.1005757783049269,0.0969771344609784,0.2332761758282562,0.2882491141739954,0.2039784014851104,0.1366227084080929,0.2277293356186465,0.2117411210716135,0.0948479803434262,0.3610986515723324,0.1387703554851836,0.401065741889074,0.3155086889910774,0.3859608724023456,0.4325221429268518,0.1851458734581394,0.1357980916766743,0.2156648154564512,0.3344584298607665,0.3869318075788518
0.6678921955221236,0.571356451511383,0.611368423770472,0.485996168630081,0.3513269711990614,0.6816603239744444,0.4401612331780026,0.5475687149872062,0.6573752996989233,0.4738257423940334,0.3768570276920673,0.4302764062948661,0.3813146326008669,0.4864547548518664,0.507604319120585,0.4272613445782676,0.4804927758020112,0.4871373370672849,0.6265228763529798,0.5696667897803398,0.5748407166509135,0.5526697559342622,0.581324693631236,0.5050942440658754,0.4397135649192839,0.525205536502156,0.4692623860122935,0.4624756945207831,0.1041747781749554,0.1010110746560142,0.0804844061831969,0.1045103617085472,0.1066577151870541,0.0964426524704932,0.1157199024066358,0.1169369356277553,0.1107269362956002,0.0893183578423714,0.1236719465860604,0.0980235817079551,0.1030806331356378,0.1125446379608851,0.1104471372637443,0.0957514262526108,0.1079778229132317,0.1049087943942375,0.1014965632887021,0.0799020957920276,0.1018987105849373,0.0985172976217561,0.104892579192865,0.0952681257998777,0.1193018794802058,0.1152354625675728,0.1165819083562419,0.0925603820675587,0.1074066376629095,0.1003666115522901,0.0885791904426175,0.2012872860786405,0.297163466029001,0.2775260873661913,0.1397233423353531,0.1881168848035461,0.1943427652781351,0.1482562454831268,0.3820515556418998,0.2360850241575754,0.3552969380461134,0.2908372052286456,0.3049952387079304,0.2932251477307016,0.1538139581680297,0.1219907965824592,0.2325549300492523,0.3452724915995838,0.2924165837882519
0.6717766395284587,0.5681268450183173,0.5839260207994681,0.4771719286485971,0.3538101971393726,0.6882935807942584,0.4037365070426129,0.5294357519485298,0.6435367998594086,0.5078021472155635,0.4332497624929049,0.4452952243806782,0.4120586884493719,0.5596720828178267,0.4614951461517557,0.4772589577493993,0.4421479470921002,0.4986410864506945,0.6378055117525613,0.575813206191407,0.5780683673105341,0.5571860152273388,0.5905015530709696,0.5035289850270335,0.4508062662663425,0.5188345249459663,0.4723123111096875,0.4935265850474762,0.1104695927599277,0.1054533876464846,0.0932236501484786,0.1061603104486028,0.1163046959378992,0.1025241192009854,0.1133102327722408,0.1240022581452014,0.1184760700207403,0.0990378621875077,0.1220799040179417,0.1061466363292978,0.104996957868774,0.1097068281988719,0.1145732965243749,0.1120284797059678,0.1110539572302999,0.1129762392539643,0.1046701135218536,0.0849924942695699,0.1119008190053788,0.1198776590592194,0.1126655905993378,0.1067410056048426,0.111221417636217,0.1135642575687495,0.1140448618338165,0.1033365056252828,0.1124896423556057,0.1075247729763081,0.0944796517371855,0.2295662211262686,0.3165441221014285,0.2010047779315047,0.1507118592052755,0.2078751422801418,0.1775402918771052,0.1213331699517427,0.3819789084859869,0.1954727130462601,0.3714364491817024,0.3003330047751322,0.344130101940268,0.3557049396137396,0.1746707578145322,0.105164921354498,0.2299547449491225,0.3584634843821408,0.3396242314577102
0.6635295026648528,0.5463441179153767,0.5766836113854665,0.4958679793688654,0.3887892605982409,0.6939083926488089,0.4224687121803986,0.5942644973705657,0.6485035782115223,0.5520959284700897,0.3793019362627642,0.443519410475381,0.4351353609702146,0.5254747555254957,0.5253856296558181,0.5376957909089732,0.5301534181961289,0.5396612177583022,0.6552709406539707,0.6100635461276942,0.6146824660638907,0.5969139233200945,0.6357692604753735,0.5267835391264091,0.4722696068302182,0.531865983600228,0.4960018654484126,0.5322308019509508,0.1119334459452124,0.1084881331441223,0.0907298892378961,0.089903581904092,0.1129266210726667,0.0978646215167331,0.1080247298117561,0.1151554995829645,0.1098272410709246,0.100043930369892,0.1180985837641811,0.0977721682839119,0.1053809646559584,0.1046002738721711,0.1211056424956384,0.097352683186839,0.1101215875594357,0.103959971761096,0.1022442016979196,0.0737671890647509,0.1062176755361704,0.1094261345319633,0.1096023608321802,0.1045797635359707,0.1167834064987998,0.1054878327542101,0.1111013293228352,0.0965087663128753,0.1081476229646165,0.1033456690888545,0.0915970630663398,0.2176359718795838,0.3233831383224611,0.3219013063898009,0.1387545096627468,0.2262029619234503,0.2261122387295419,0.0985604743858364,0.3386152599506968,0.2223267722516678,0.3606239767668399,0.2959105704657056,0.3399110553678069,0.3606839598128289,0.135988203542573,0.144810118365275,0.2649962913680072,0.4245961273724088,0.3586153727448453
0.6356090752839368,0.5425327979397065,0.5595535169493668,0.4924562226276847,0.3818812934482622,0.6822754322261649,0.4320410735256377,0.5256260391904263,0.6720810638676612,0.5207799714387973,0.410804618698399,0.5231159656933148,0.4209847596330646,0.5393310716412436,0.5501566281212502,0.5043703793313087,0.586657355830559,0.4807905116013533,0.6418653655547523,0.5565317479108566,0.593333289971127,0.5777508680464878,0.6557617542043737,0.4988457559015964,0.4496558669657551,0.5220612142572882,0.4726642857253115,0.5051510027067802,0.123495241218387,0.1167591210046925,0.0889162796353069,0.1091335281911957,0.1083994478557875,0.0977663372758259,0.10649408092914,0.1245610660084652,0.1235190547925454,0.0995741836949901,0.1182441322932636,0.0974671863651954,0.1011062206129315,0.112759604606245,0.1123865485121152,0.1034600923774223,0.1117610951520462,0.104968310208331,0.1038847045164212,0.0779509759840364,0.1096438936347879,0.1239529375742489,0.1112198553789112,0.1027155805309009,0.1115507224206086,0.1151871819835958,0.1204233407554015,0.0997793714404927,0.1100349970586765,0.1032207388833022,0.0954076472424431,0.2117281556435079,0.2910725141720225,0.2640454714714381,0.1452555912890298,0.2161605653880863,0.2426703152164686,0.1111792947003056,0.3428870757166861,0.1958601604329375,0.4554345435808007,0.3271326619037075,0.3643941797602635,0.4222185131019124,0.1667925885154141,0.201471832279809,0.2179639677531898,0.3930224805637153,0.3353188248130224
0.6912914724293642,0.5409832312405565,0.6148188674061195,0.4680912335239043,0.3930847798663426,0.7066422937246699,0.4695475854724877,0.5835279613718305,0.630998164966384,0.5228124286722546,0.4028866713908235,0.4363070241638965,0.4211639101234343,0.4989843480126457,0.5289122953192051,0.5257715632007682,0.5168470868656997,0.525364236225913,0.6517956645067893,0.596345074774106,0.603190538618402,0.5688529292564823,0.6552511120071807,0.5414751674219034,0.4849504446563047,0.5348567324669367,0.4229162108773986,0.4950899556060048,0.114089601129193,0.1077790336313824,0.0911402770027536,0.0945860670576697,0.1098581098986172,0.1002174323366923,0.1106623407908734,0.1205661666695881,0.1166034608086382,0.1010750439654045,0.1174186240327333,0.0973655893792521,0.107413666918389,0.1056504459736249,0.1014748366092589,0.0976044701681358,0.1121076697735287,0.1072243481199185,0.1098248235749903,0.0811934803346898,0.1084157061851683,0.1193471412856805,0.1133746024463654,0.1055786449621453,0.1158190169185666,0.1147575171406721,0.121622653807872,0.0989962125150931,0.1094985834131394,0.1071772195786077,0.1057946344431179,0.2082430108416439,0.3049065926701637,0.2599595381367591,0.1438126177085397,0.2307493525869706,0.2148718414551792,0.1652014852932142,0.3909955246008167,0.2174026210756828,0.398453729659921,0.3051539198890888,0.324671805370599,0.344082136452198,0.1288859280890651,0.1371730742662905,0.2634300232000116,0.3503587530391623,0.3375058559623561
0.5947453026984096,0.4884492092998698,0.5549645470022243,0.4494733820829166,0.3812208508469086,0.6544225698243401,0.3935762338406737,0.5301144642076909,0.6524809188870676,0.4988548964942034,0.3811270096162898,0.4463345095485123,0.409508109894959,0.4817625942028418,0.5467432677114492,0.4627733063143756,0.5386927043116343,0.4865677604268585,0.653363856585585,0.5757834702053612,0.5912515363665154,0.5410358346605431,0.6059596381407311,0.5307971788373536,0.4101245654366777,0.4998525207553281,0.4011901877842387,0.4385068653296534,0.1156926071259368,0.1043646361137419,0.0945225927590226,0.0975645761943217,0.1112643988250826,0.0935720770877484,0.1010894742404537,0.1262228568302064,0.1272039678000717,0.0944862462570354,0.1192692500693622,0.0998521539691178,0.1017009883159295,0.1047690871335904,0.1122288458126968,0.1073870398749363,0.1080015338547223,0.1101907436683492,0.1070364851705036,0.0766026762433055,0.1103860302818719,0.1128391995799197,0.103674947619008,0.1129771729178794,0.1096026441781063,0.1120306078332347,0.1172697921962123,0.096245853252121,0.1076804668409372,0.1048519647365404,0.0878614345662721,0.2252397673261619,0.3113957179462416,0.2353398452596689,0.1422479092321,0.2105312483472058,0.2257139469957678,0.1117042695032127,0.3925464009474905,0.2289171203578214,0.3680140095287511,0.2789008803665637,0.3352653584419152,0.3668502097328503,0.1266377521057923,0.1337615119086371,0.2382335100446569,0.372836178255293,0.3686624884798634
0.6347411092417904,0.4785778991079756,0.5441677611683887,0.4780988125884462,0.3988260707572887,0.6669722264550032,0.3949973591827004,0.5508627976567074,0.6426252936505482,0.502016081630003,0.4317163028542893,0.4228360498912664,0.4188098911136584,0.4955361065747851,0.5425548086971363,0.4847019028080467,0.5364883435577426,0.4408353232227618,0.639856825507529,0.570064522581824,0.5937624348993549,0.551693820930028,0.6477855782054605,0.4577013809350213,0.4347097062097307,0.4926202313854273,0.4348295189336211,0.4536934080280999,0.1213082505409251,0.1052186430225274,0.0829378142103923,0.1034084860988674,0.1068541330481681,0.1001276699456086,0.1067307474269073,0.1302580282485893,0.1223423412464678,0.0932506625021836,0.1175623025195465,0.0946093893173697,0.1044533724611973,0.106044474415323,0.1193754496658968,0.1021469426712351,0.1076682406483229,0.1011392144156018,0.1025071888619908,0.0728231612608457,0.1047255908471777,0.1191998637257839,0.1074243848666487,0.1003657247649353,0.1244805322748985,0.1123499983970826,0.1172134522534991,0.0974001935053297,0.1075778545060056,0.1045304880924364,0.0982784860258628,0.2120432880811613,0.2871753378019649,0.2177431694965621,0.1466979562994024,0.2181565509467955,0.1954369786399891,0.1489227918041421,0.4231376248196913,0.1744290699031861,0.3140880951353769,0.2681265336436194,0.3317023421473363,0.3226786555278869,0.1260120437767069,0.1356495400440207,0.251864239203686,0.3705505072842088,0.3457541063260428
0.6412960339106639,0.5877847654356373,0.5730716773743368,0.4498000042445291,0.3930200335291243,0.6879167425332573,0.4034243785568233,0.5628981801445291,0.6669317882219141,0.5229360916744552,0.3915837445496954,0.4808440520762639,0.4171540138463542,0.5505253679606678,0.5165676479570934,0.4879470015739215,0.5526897078307731,0.4846693851572713,0.6352720251397757,0.5742979687776533,0.5944475500887325,0.5728950050697164,0.6166645103520537,0.4872064495391881,0.443188443404103,0.5028293353444049,0.5441847223405689,0.4651040644266389,0.123512790861333,0.1117640366203928,0.0935522398787416,0.1011701721010588,0.117916366559528,0.0990289401625467,0.1114045326710929,0.1261417126491581,0.1295561560345916,0.0985733487075361,0.1132513597608474,0.1073516583351097,0.1000834032205462,0.1078360511956072,0.1196291935915072,0.1226585838629347,0.1090942283589566,0.0995449776777825,0.1037702492831575,0.0854644173922537,0.1081295194175206,0.1173411767055458,0.1136960394274384,0.1092321947274766,0.1128517095549285,0.1082631915477305,0.1157170471690441,0.0996624555215067,0.1116509218508535,0.1083495021102305,0.10301792472155,0.2223333601773406,0.3039983369431286,0.261966636799849,0.149803254633576,0.2116933333032329,0.2049122170741332,0.1170369588459531,0.3555559641114933,0.2508931808297832,0.4229496394904951,0.3646301632945076,0.3685821151032167,0.4195790022375091,0.1723898384863367,0.1270751599412487,0.2715130441061067,0.3807527795316383,0.3617082077533444
0.6727012354074692,0.5819669612183058,0.616369396294659,0.4421591039203357,0.4314387039114267,0.686363600038192,0.431586476312321,0.5469738673675625,0.648490698664881,0.5189979475333533,0.4409328602340716,0.458544172215416,0.4276576627057982,0.5057165859124367,0.4776367149871932,0.4654090047809899,0.5208930526502868,0.4715874470473975,0.6434668220535318,0.6022886764589395,0.578306510164221,0.5741062203384498,0.6131700188539693,0.4811254633663641,0.4284858844453612,0.4961468558190384,0.5084101573080286,0.4617864904003211,0.1130223386911121,0.1098120889530537,0.0843855134400871,0.1014652930970929,0.1111587776918134,0.0996438440217186,0.1060956616098174,0.1268987504256902,0.114692640501318,0.0925354587398365,0.1135928721330177,0.0934086384567599,0.107127901779818,0.1059843562635857,0.1229171372089728,0.1052846300333427,0.1121476115195657,0.1020357035838273,0.1076012116532023,0.0675198868631101,0.1065754624807393,0.1289116022909762,0.1066537150155905,0.0993360731348479,0.1114722351305552,0.1143138932323077,0.1207811898709739,0.0921577626439411,0.1087836150423076,0.1040277223027309,0.0943832912011429,0.2288456445029786,0.3271985514255033,0.2513628735286848,0.1292720687214967,0.2047870114872368,0.2646996764284847,0.1593933308168369,0.3370189207990269,0.2414193849313792,0.3940089757207972,0.3139994130461122,0.3360441818491637,0.3457509390181965,0.1443249234330973,0.2183885375037789,0.240092750412375,0.394103692032042,0.3684429935624481
0.6608238365685828,0.6118793971836567,0.6001554954674024,0.4895927010530016,0.4019009748923367,0.6846238590386232,0.4620497650009232,0.5811475335322098,0.6854073967071914,0.5476718592945828,0.4466354565988195,0.5405032960614767,0.4021244784661901,0.5427689161199581,0.5566493090329223,0.4943336418991714,0.5596078454769561,0.4903930221249011,0.660940679986401,0.6089115416441131,0.5925810711380881,0.6080671999119275,0.664529033157788,0.4891376938700602,0.4844897653147652,0.5018786326227183,0.5010232219713278,0.4520118891038746,0.1127913962548885,0.1086939900080213,0.0943564009026864,0.09927065362031,0.1118638401631426,0.1027335196234308,0.1089735442957864,0.1206865061656988,0.1144438833590419,0.1022179225140001,0.1146738510253712,0.1046433590725785,0.1059995048854151,0.1118088317347349,0.1098199443978074,0.1025683119473143,0.1126828282186191,0.1090934452413145,0.1036749493584211,0.0743550270900016,0.102739642170358,0.1215637193390353,0.1096077331768946,0.1065978747276533,0.1184209596530276,0.1113391770845856,0.1162182785589598,0.1006326231274502,0.1052479571831557,0.105195607478672,0.0895549302779842,0.2047059411360642,0.2674125095050988,0.197289884785811,0.1375217220759059,0.2099570598550371,0.1986107007490335,0.0912537566687473,0.4198394320536773,0.2231609253924997,0.3923029048574388,0.3295622935450341,0.3605124429505095,0.3863693895853228,0.156589336730916,0.1270041331238118,0.2227653722384621,0.3543844844950047,0.3895895344374531
0.6494618833443573,0.6080214695065422,0.5514919484999562,0.4581641913996472,0.3614305232085433,0.6806711834858737,0.3815144232071303,0.5619150142011556,0.631166786160785,0.4726761089492316,0.4379117645188051,0.3812513921422175,0.3953711864759155,0.5186894501747803,0.5173361239760637,0.4884202627883486,0.4588672606104385,0.5045802138736845,0.6258760723423509,0.6020545932134609,0.5976180721835644,0.5583938966316957,0.6164192522247995,0.4815905829300274,0.4318796370598102,0.4824613237768383,0.5333329342383741,0.4664435989518717,0.1250886735185432,0.1009700242618142,0.0903703337826244,0.1014732765840322,0.1126856177250394,0.101407460928265,0.1125588735685768,0.1305847404638234,0.1190990533428887,0.0962504008454453,0.1092080026032685,0.1042868745360382,0.0958307638540067,0.1099359073726078,0.111908138554382,0.1080888922947001,0.1063545500267091,0.1074878654714637,0.094164012928164,0.0773330380798276,0.1051200671067262,0.1203475837835283,0.1037312561617292,0.1045028796988973,0.127600527491311,0.104841727658013,0.1072419199527401,0.0940872613796246,0.1162646822332188,0.1099392054439293,0.115320988715456,0.2215068066754794,0.2723139773821458,0.2315436065463083,0.1232122357210702,0.2085856720823947,0.1665039421111398,0.0960544436786542,0.3473244295972916,0.2148695938912975,0.3214179965575318,0.2361514863271014,0.2732028907702427,0.3390024115538431,0.1582025429233908,0.1175447090937749,0.2524525290021733,0.3997269278704789,0.3748556443746539
0.6923960044645192,0.612142110367616,0.6340481178142344,0.4556491828013655,0.3964611225362335,0.7283958083416465,0.4575937610487599,0.6100177467495187,0.6783825071667824,0.5440433770982995,0.469915433360434,0.436723839555419,0.4385590119233455,0.5531971584404473,0.5293383438594537,0.5134967985925023,0.5511004259741876,0.5219469549524668,0.6535000866025907,0.6411276175032816,0.6324971946994948,0.6259279340951388,0.574384836126026,0.5118969050086297,0.4885272226805219,0.5478173417169746,0.5351871098929166,0.5182387205127071,0.130818670212834,0.1158053101764708,0.0884531610069773,0.0990893990443601,0.1190646414324378,0.1029284160909091,0.1142129636994425,0.1337688026696453,0.1199361289699534,0.0993444199827689,0.1276468182090885,0.1013987512341714,0.1055713008399211,0.115091179325034,0.1232833664001279,0.1112012073931246,0.1140345563362265,0.1049379449356452,0.1037963525241336,0.0851040148166289,0.1137978651266459,0.1156193161274396,0.118906189439567,0.1076172053218427,0.1349978054084702,0.1186112050212227,0.1229925477277834,0.1030206962684329,0.112790901172259,0.1122781480580177,0.1038514104036084,0.2316164254690661,0.3009161227495606,0.279685640166844,0.1420105161583598,0.2110333903096228,0.2489298403743177,0.132943880263912,0.4237764466795775,0.2303787806102479,0.3707915686313318,0.321086915901729,0.2964522286362591,0.3365324421061409,0.1267920789506398,0.1425247469488734,0.2728869052729884,0.4076526934357394,0.3592655068459147
0.6217829082755797,0.5502408812443416,0.504068037491677,0.4598482461199907,0.3871403665943715,0.6584893326182389,0.3786259385835187,0.5120770999102415,0.6567017247912319,0.4628347382569091,0.4106420572507032,0.4436398921233992,0.3952932263065662,0.5076055248454213,0.5084887592716745,0.4328144579313535,0.4864872413795716,0.4625776109750092,0.6360385690977963,0.5614706789223849,0.5792909899934965,0.5462180267283281,0.553918416496009,0.4941638402831455,0.4255635563282347,0.4882833270973046,0.4606741731480834,0.4191286057930062,0.1145918051437589,0.1046280331005063,0.0850219840403325,0.1030771943942369,0.110567646659296,0.0962628711209862,0.1149844581654638,0.1173064627913283,0.1068427516175154,0.0916736624106171,0.1277964560982314,0.0962684008888947,0.1106132125566172,0.1108966592825869,0.108344068777556,0.1042134574917171,0.1099982773302403,0.1033488407528531,0.1028603816111317,0.0722693509575254,0.1002062102324568,0.1123276765588674,0.1021354749036714,0.0941968598081587,0.1395857470052467,0.1057787982118554,0.1108767686816889,0.0910017908831858,0.1083561961899967,0.1025964036031564,0.0911848061995163,0.2198736269758197,0.2684181794888776,0.1700136628303978,0.1652411307587667,0.2112656365651986,0.1538753993165703,0.1073569079861044,0.3852485110500634,0.1713221386270719,0.3029096535766673,0.2843632628105921,0.322011683995907,0.2889065487044198,0.1149282050911675,0.1105353148338356,0.2243660965980144,0.3297727488843655,0.3302174639026485
0.5504654654830035,0.3383418469110856,0.4703793773320417,0.4669557965885908,0.3605364137792967,0.6385231427680785,0.3688779758772983,0.5540275624021401,0.6338356695989482,0.431726390754925,0.3658745081352906,0.5271007479440781,0.4007116136548903,0.4485497497734212,0.5727491237397939,0.4935851223022134,0.5805090490154781,0.4539948769189409,0.6512680725104723,0.5374763538567664,0.5685393212605674,0.527800013239506,0.6484725317059427,0.4662313278724489,0.4198551137763235,0.4535048088395877,0.3991219915896355,0.5121823248241886,0.1197356650657063,0.0998894610133362,0.0851822572528355,0.0984062022857033,0.0957440782973187,0.0897331854034706,0.0991932091797572,0.1069913017012591,0.1085574815148874,0.0919380319811405,0.1116406690368889,0.0906316127199857,0.100921835449759,0.1014874502228345,0.105711359912498,0.0872090267830698,0.1073257809679237,0.1000299903192446,0.1003670542302383,0.0801037562463209,0.0982122333693956,0.1232622326928474,0.0944998851021474,0.095483288913207,0.1141472524120382,0.1111647665695476,0.110801374873596,0.0901588685153568,0.1015821456525619,0.1037811883522317,0.0801065504880052,0.2768520746160502,0.391662972158399,0.3526678271591663,0.1632557679451267,0.2566611613833124,0.2130167528793758,0.0761354570868122,0.396495117927375,0.2213905656410023,0.4199291724647239,0.3184211855246261,0.3774449560377332,0.3625571079777948,0.1321084278946121,0.1820557909086346,0.2624470729913426,0.3916291721382392,0.2965073585453017
0.6462575356747017,0.5442115457057953,0.5571841549767486,0.4636424085408367,0.3729834697982098,0.6679398015348521,0.4336274926343136,0.5538845103124126,0.6396098663754152,0.5159718527936938,0.4245412847640503,0.4521757496068053,0.3941802200797039,0.5354446791527896,0.5562998170768658,0.4789882320316496,0.5588967583351674,0.4880166433713496,0.6382408334039466,0.5545827499189648,0.5771393882836084,0.5288569259627405,0.6077729418600859,0.5011343873200653,0.444288707390032,0.5232761457171992,0.4098480786196887,0.4848261895122662,0.1140231289541683,0.1104402854940015,0.1043018813573609,0.0980824664946582,0.1071758692632644,0.0985624355026829,0.1106242998611513,0.1203313111624107,0.1301260968512456,0.0963244288836972,0.1171158634378677,0.0991054646016572,0.1070440381652939,0.1086781356244022,0.117315335435165,0.1044071301580233,0.1072860575373685,0.1019903069547532,0.1031173716428287,0.0808513993704226,0.1057171842935995,0.1139285228229509,0.1041449758706822,0.1076777998493544,0.1171760581442604,0.1057969713205642,0.114824756664454,0.1007286572217358,0.1090738276826324,0.1029830963099866,0.0839694712821766,0.2325010549572864,0.3089071919847789,0.1612779785425234,0.1255925725222935,0.2137559772456834,0.1923218617036587,0.1007710991220341,0.3755441344883683,0.2064209926465024,0.354276177370475,0.2791950983699501,0.3161696023293323,0.3695310755736298,0.1279243798783191,0.1577481232801644,0.2108654147730423,0.3208374394528698,0.3595028345751588
0.6394868061410944,0.6136735112239153,0.537024124949995,0.4757990613833093,0.3656185717502637,0.666437629033285,0.3910584933128245,0.5036314611577593,0.6465846861691524,0.525670730322964,0.4213042305272203,0.3666667199893478,0.388296680961235,0.5262266846813345,0.5309363334786659,0.4365680975645122,0.4959449406517179,0.4682357322993139,0.6107761954726243,0.5590042688501053,0.5818851841625647,0.554805116048467,0.6583658283143233,0.4425509510021104,0.3805645066130364,0.4706882728995022,0.4799475329742708,0.4080514394851963,0.1189232627545827,0.1067053686286423,0.0885444720928885,0.1013593132817405,0.1165536276567644,0.1041171424906773,0.1136457729541179,0.1298114544156065,0.126579838072244,0.1053168735514168,0.1191831243373743,0.108291169547681,0.100609462638423,0.1114857720233713,0.1364881324278038,0.1199761768739645,0.1080022533094689,0.1049597503888587,0.1056458596461564,0.0909086045410146,0.1135118413285505,0.1152452038726761,0.1153316085238456,0.1074809765141739,0.1204960875040328,0.11247756446805,0.1205613952615397,0.0982780865647001,0.1159369568625689,0.1074904162136383,0.1014787122074696,0.2270337667032229,0.301455154209669,0.1855094507657761,0.2157045161114936,0.2071665882867911,0.1737848280588227,0.0895511025581696,0.359253370824852,0.2259616059662526,0.411626424387855,0.3516388871396581,0.355423241558056,0.4337598072667407,0.1411004479043185,0.1235492902747075,0.2433926643762323,0.3685228518323238,0.3876798313909343
0.6891871172637423,0.5267592265193624,0.6153133077538602,0.4789681986315171,0.3685864735733379,0.7097625528190422,0.4648975753688068,0.5906216957604962,0.680702172673187,0.507281679239614,0.428472710884104,0.5036420001645359,0.4136164511127946,0.537260027121205,0.5262605886903454,0.5162799768753361,0.5375456834478038,0.4905643942258127,0.6581448312078015,0.6097874568067589,0.6155689752716041,0.5918756167392984,0.5563208532987338,0.4938089053882731,0.4767972643160246,0.5107886910673038,0.5058876440278064,0.4831353229333642,0.1190912094008018,0.1128031515017639,0.0903921173038669,0.1111737150689079,0.1195506457625755,0.1000843410425649,0.1135130908207484,0.1276892937681726,0.1218658308510396,0.1005236101037318,0.1239577161866774,0.1065335547346101,0.1075052066091574,0.1069174284216903,0.1214645300452005,0.1050215883392663,0.1130877648268635,0.1161929800419012,0.1039409571342181,0.091383106727911,0.1084133844187095,0.122150308579639,0.116796881077694,0.1044014206573198,0.1174412839476931,0.1115595413688871,0.1167076267749269,0.0988667661298858,0.1126627614995134,0.1029482299881247,0.0990305261423778,0.2471341955611613,0.3117294688174065,0.2225928030394274,0.142842012202101,0.2101931461235925,0.2772404594782393,0.1360111367267866,0.4381030716820422,0.2532164582462851,0.3781868072707423,0.415584762265204,0.3488465441785978,0.3782887268397543,0.1862252987921238,0.18512046663594,0.2572827937863859,0.4104857868791327,0.3437673527854078
0.6520135673361087,0.5416761798964392,0.5637752812248393,0.4713581191511262,0.3833987013947579,0.6612709393038918,0.4212698692395676,0.5722070537606124,0.6250938531641547,0.4802916834588374,0.3858587796259427,0.4822475555937175,0.3915626279654279,0.5129952418721384,0.4649370656416109,0.4706436435256016,0.516291770530571,0.4739056734976884,0.6371512310547283,0.562586371937285,0.578216722567575,0.5464122379550319,0.5716515179954993,0.4722533919965094,0.4561168695073667,0.4994438343667443,0.4612150179037484,0.4653168890530659,0.1062514024435648,0.1026246706749151,0.0890168224921115,0.0912256969777887,0.106217587265624,0.096035288574725,0.1104924216917618,0.1151170981800998,0.113363188785702,0.0971645651929963,0.1222307306691318,0.0980927156697888,0.1027247928149057,0.1030025902421842,0.1158038803917236,0.0954110370170811,0.1026692223794404,0.1014230441742567,0.1003209104519184,0.0707352159249177,0.1012370981586993,0.1200243198223524,0.1068335967097148,0.0986601403614783,0.1258502761096841,0.1113661877174863,0.1079758410576611,0.0949075808803723,0.1062975536971157,0.0992410819617222,0.090460049352186,0.2302399912431176,0.3008223776833593,0.2708709034724396,0.135769201742988,0.1990929998877163,0.1955109915103209,0.1073385862864894,0.3369366487765565,0.2181435121699821,0.3709024650503009,0.2802248877074037,0.3040196891869167,0.4164431167693881,0.1304830024950206,0.1481943434519836,0.225582459219677,0.3454642406761153,0.2908802958658713
0.6125181529731039,0.5362347062411053,0.5550392027416964,0.5020202300118778,0.3997703742306187,0.6862883976667425,0.3953402155053922,0.5521177615344612,0.6383385478540564,0.5103027932406295,0.4278750609336775,0.4580360544809108,0.4088565570887179,0.4934445863813504,0.527833444631618,0.47967238757587,0.5402460813317143,0.4670138940730413,0.6409341261030086,0.5355968528190655,0.6060038280226601,0.5636852927179659,0.6438418769647648,0.4882794256569179,0.4565145015684185,0.5285141412865615,0.3639726367797227,0.4432496820668598,0.1347870790963983,0.1175999504362872,0.0909075686178031,0.1109354109962337,0.1101027678297732,0.1049017232516893,0.1120732666015991,0.129149844726621,0.1245132129235365,0.1037710577265564,0.1176506510001281,0.099077892878162,0.095146342036103,0.1107409351104966,0.1203591370801585,0.1140476618541912,0.118049615383509,0.104545763156549,0.1064095996548994,0.083364298523607,0.1131313819956807,0.144179332312189,0.1088564207450181,0.106094644002451,0.1214506429436054,0.1203192572855651,0.1216024039996536,0.1033551749927542,0.1169572552989843,0.1100146402629811,0.1038444249409581,0.2419593826906612,0.2644741251061157,0.1717913909633825,0.1523820024605588,0.2536411010851868,0.1589916680723241,0.0924799017269502,0.4007504233935742,0.1822766000833518,0.3626226462204666,0.2848637989902195,0.3070489530505672,0.3745753505787291,0.1555663552135228,0.1128759742226628,0.2361749667000832,0.3174145593330627,0.3717352196727568
0.5265365099723645,0.380470567732118,0.4565604607965943,0.4440656442665317,0.3650090770831533,0.5633169832272402,0.3729149207966196,0.4785906052820698,0.6209544595906824,0.462150071450606,0.2937517149174319,0.5216572147156855,0.3832651391981354,0.4241374670486927,0.4759521137117256,0.4380613160033824,0.5222724707547204,0.4450682885252034,0.5935029578754525,0.4911667723257167,0.515862094136649,0.4556867594237512,0.5910125925779739,0.5060931847394083,0.4104672364780419,0.4573858507427153,0.3868192871919801,0.4209708773464745,0.1234245837261211,0.1193503054071655,0.0924774341910774,0.1035959739578098,0.1099148449454548,0.1003714408146802,0.1091641357048431,0.1156366878294981,0.1272779014045613,0.0966119432615272,0.1142443214207262,0.0975781928634809,0.1044216460950544,0.1123894162739275,0.1236099890025229,0.1016790879916154,0.1067554261915485,0.1182832551342318,0.1159752085634939,0.1073256629061528,0.1194946299998586,0.1272789988597776,0.1129259303442294,0.1157883691200951,0.1131885712661728,0.1225848749439957,0.1173380118807387,0.1035852189532789,0.1076086259684054,0.1105392381319885,0.0927976912669812,0.248990758342837,0.2855058008327819,0.1859294786339714,0.1452901698853615,0.2317909065998536,0.2404503544514864,0.1381884231232106,0.3401956655541244,0.1870652712110815,0.3903044818404626,0.3276673950722827,0.3810177853702007,0.4235511448453454,0.1882875117863345,0.1367331388678584,0.1828071842742964,0.2753572771778155,0.3144443003342501
0.5871961367288141,0.5471708010265369,0.5389859560397592,0.5165098734180749,0.4098737985376389,0.6525420793732559,0.3860541402939286,0.544617162495413,0.6772124157477426,0.4866960417648143,0.4448575365345704,0.5110130661258998,0.4071957041421152,0.5190016189202855,0.5438685304609245,0.4925009887447952,0.5733290364880961,0.5091388055497168,0.6635941296306944,0.5949916914427116,0.5955939240088862,0.5731371152095646,0.6200331134692274,0.5186566623866689,0.4335244188964109,0.5071508743687253,0.4031608185377365,0.4847591167530062,0.1103507653710263,0.110654662396303,0.0878470615177633,0.0983933438955912,0.1110972682674736,0.1026787102161093,0.1082909027367773,0.1199883587141609,0.1178095047980018,0.0985280641841411,0.1172354352193893,0.0990136247356274,0.1021386685051466,0.1077990188791195,0.1220354640325259,0.1077266811526352,0.113782737243956,0.1013464281919034,0.109416912186923,0.0667279323729969,0.1114297127346811,0.1058763952050961,0.1114615687105238,0.1028679973245288,0.118614440273216,0.1087525566704727,0.1161787081364509,0.1035218089447251,0.1107981132465348,0.1110907863026786,0.090536264867613,0.2365248527325139,0.28325830992817,0.2486871617471242,0.1260282327571691,0.2183066530849904,0.2189415925882057,0.0927194643300026,0.4384940667323702,0.1913884286436118,0.354136187448559,0.3231039020964285,0.3869189504817215,0.4143597547394725,0.1660792374221438,0.1263065218390281,0.2315605954993032,0.3650280821471935,0.3370804195363934
0.6748074652073726,0.4760789904655434,0.6206631137622914,0.489793949869898,0.4330497817230611,0.6794022778286263,0.4557147144458814,0.5846559638713352,0.6717712910688338,0.5612504520421631,0.4224590478534269,0.5225481655623858,0.4086826799123768,0.5362330387070222,0.505076497567887,0.5097584647316864,0.5329593727738944,0.4608498542097188,0.6431541168901191,0.6075840278647469,0.5959102951543287,0.5906235459548324,0.6021129308097688,0.4806585706463983,0.4962180726926064,0.5022994849716127,0.4412172816386509,0.501778422004781,0.1196184345466958,0.1116577445246054,0.0976505311234511,0.1075407054398396,0.1185703636171893,0.1084016871499306,0.113680143997782,0.1226585964581514,0.1319150794981703,0.1039622061483543,0.1181463974763075,0.1104165916871795,0.1050859109251227,0.1118253588190407,0.1301347899983201,0.1121995375465838,0.1157030743377883,0.1084062343811065,0.1143078433189613,0.0741855439261915,0.1186339659741023,0.1306839444882452,0.1170021374901611,0.1109612908348133,0.1185672372758536,0.123585214147547,0.1273463339409275,0.1044822873055445,0.1131054107448324,0.1118105556083296,0.0900543450573777,0.2454210887176158,0.3203067257766021,0.2872596582254538,0.1463734304039355,0.2033525413863427,0.2158546393940802,0.0963239199132658,0.3964393906153383,0.1814661343495339,0.3667893951540329,0.3469092048266354,0.3589224479028156,0.3421168735420161,0.1861918379242221,0.1322437679128986,0.208244484882283,0.3636738803403602,0.3337934440743102
0.6485834148342399,0.5033350162806788,0.4999929364546434,0.5160680359504615,0.4524299262348049,0.7014757585073256,0.3699460694862689,0.5072271326652087,0.6798367418513414,0.4993221150146858,0.3659025490551352,0.5131524615009938,0.350407056308216,0.5468016980568247,0.5722484181473406,0.4145551036989943,0.6179685552906334,0.470804979386536,0.6425950968380396,0.5996077723802469,0.5937172998056732,0.5733837017459884,0.6271454590415986,0.4578106909614539,0.4496026634524831,0.5056534472813701,0.5099471180126505,0.4189208453629818,0.1112404902925258,0.1112968501925508,0.0885581475280057,0.1055096823158383,0.1065920496074421,0.1056706449042051,0.1132380344500042,0.1230054910199463,0.1241399078746988,0.0980711583098217,0.1021205395544252,0.0947884261506435,0.0952206058388412,0.1063214505716713,0.1204706116862306,0.1134805634436559,0.1044187033911896,0.095056928978267,0.1021981708549745,0.0708333763684746,0.1128830259730086,0.114623426864772,0.1051038732673338,0.1099391305014416,0.111932125999397,0.1053442959827777,0.108927261737123,0.1078584224737448,0.1072208070843694,0.1045692746471175,0.0920916345280236,0.1849941695867478,0.2652262386318159,0.2599469406593345,0.1453463652630168,0.1867901801953518,0.2027108486611326,0.1715849341800142,0.4479112537100471,0.2545889351958743,0.3887360097668316,0.3064363115641297,0.2964309929037194,0.3514840573789601,0.1685727376904752,0.1250811093126232,0.2552309025266102,0.3583745959586659,0.3072589395983778
0.6310119082157735,0.5011733836110901,0.5812357601674485,0.4600339242989615,0.3436754727363586,0.6599186353622816,0.4129258789908346,0.5585578136656487,0.676924448169972,0.4547611392724252,0.3809088067510383,0.4901395047231659,0.4175641477266555,0.5013004437357822,0.5464630142958584,0.4901080446568959,0.575183443481804,0.4966488975846918,0.6465362176306881,0.6165175757701234,0.5962216590492396,0.5742952141075948,0.5854400088512011,0.4839192057673015,0.4444889445183473,0.5178837510550456,0.5026949368240832,0.4890782556314791,0.1253932209061226,0.1108196703095212,0.0883032167946009,0.1083572049718359,0.1137265529760057,0.1045009096404866,0.1190441789223248,0.1308069641424475,0.1177501698133581,0.1019210669353468,0.1313163671818324,0.1045740780172597,0.1082790069557756,0.1183709744992597,0.126775284921662,0.1063901487181619,0.1125413398983836,0.118239483398787,0.1052252876377478,0.0742387867905921,0.1115400251549829,0.1177514286500216,0.119882289086301,0.1110755202551705,0.1205731297946084,0.1178582383231115,0.1226049106412027,0.1032059637887635,0.1148571409330113,0.1093999107709013,0.094674036627057,0.2281261472171905,0.3421943667047487,0.3827294742808356,0.1392442925137083,0.1994445127322059,0.2292526424417225,0.160099688252168,0.4010056533850145,0.253956348464584,0.3642636990690521,0.3872629933303605,0.3447832211785326,0.3615778622718957,0.1571725169196724,0.1550495143021855,0.2796188583820405,0.4068467291717644,0.3220541378331016
0.6689368516700157,0.6055413988374528,0.5455203084306666,0.4825444055058934,0.4769455643084945,0.6950664224345999,0.408651072135933,0.5537503970365246,0.6668773870306159,0.4962812540132134,0.4495281965764461,0.4499491781026212,0.418370120718477,0.567696810376342,0.5350445778603663,0.4919787723273597,0.5551547780081078,0.4835429361018875,0.6243914123285962,0.5932839945788551,0.5918589625410958,0.5714682468967562,0.6186310179089052,0.4793312793139489,0.4510528452226093,0.5086842119153139,0.5092845094286348,0.4739329001283822,0.1094195387373698,0.1065625908582439,0.0856581011739132,0.1106563127321822,0.1131084290199566,0.096022760611911,0.1132280997575244,0.1311771499064188,0.1134028405194597,0.0995963675214757,0.124080094099094,0.1015795166047953,0.1040256793655791,0.1082567606685959,0.1140601867430015,0.1171816196150881,0.1053948629926993,0.1074310468184248,0.1027540770040545,0.0804628166488586,0.1076307734568425,0.1085209620640587,0.1067438208700148,0.0957940180832761,0.1191173062924585,0.1144263017438041,0.1177591463538191,0.0960826102944316,0.107188473625046,0.1005107046765657,0.1036879231493719,0.2269217128313979,0.2978897473227118,0.1619737576821754,0.1450275259347938,0.2129385481282277,0.1656120523920911,0.1252884172280531,0.4242398508551508,0.1854598976716044,0.382389146329719,0.3466601679683964,0.3886783665932884,0.3742260581680706,0.1649383025100598,0.1037275253949662,0.2165474865833918,0.3230355847163089,0.3863783314754934
0.706918441171072,0.5719395602916504,0.6308186873411129,0.4609593897503579,0.3713132003798102,0.6995715174535254,0.4740044061563754,0.6105707280488821,0.6784208968921788,0.5750365899746465,0.4730576727408588,0.4644317887243745,0.4341385897226398,0.565289555879262,0.5593662092670741,0.5077809211758835,0.5839349861062682,0.4915458471041336,0.6509373916847035,0.6209579129509378,0.6117850279750356,0.5985600276230459,0.6509717298639115,0.498856013829337,0.504371651221643,0.5205660410816357,0.5177859048392575,0.5451788261153525,0.1179537909578388,0.1160210517613021,0.1008888230380664,0.1093358346035841,0.1161862709896432,0.1100965413382724,0.1159015275124094,0.1309577788784861,0.1289167434218924,0.0997104497681015,0.1253174905708666,0.105233872041967,0.1071929224573205,0.1154872700175203,0.1252791461359572,0.1093192425019507,0.1126383199489531,0.114725974000149,0.1136349431169779,0.0747726595137949,0.1086454861337506,0.1214155733592186,0.1230619659925099,0.1149372510787044,0.1127907282575095,0.1206333782624353,0.1219527723961824,0.1095694061703625,0.1150266379742138,0.1120805996986499,0.0989719450352575,0.2375922707029852,0.3043299811101864,0.2060257622883433,0.162219426339766,0.2156655154047392,0.2280368905665532,0.1996788185508174,0.4461936409311402,0.2715920727177682,0.3812379527364398,0.3883124585248648,0.3746227124853739,0.3484925738875828,0.1583572840318083,0.1442593066348579,0.2339645734299211,0.3795095352064661,0.3711878162678531
0.5728147487627522,0.4440293212041811,0.5181737261364359,0.4883684224055158,0.4377752172238216,0.6277691816692629,0.3808189682484202,0.5213998724652549,0.6204486201382707,0.4909152975036438,0.4554499307306312,0.5084140913265139,0.3933963934198752,0.5311777456731036,0.5063736706358545,0.4999548346510989,0.5617054256445155,0.4468187545963611,0.6053480090484247,0.5184588264172448,0.5750277869327204,0.5531521094105939,0.6418636896047989,0.4560797711895281,0.4021939193323052,0.4793750741142979,0.3921198443381102,0.4563562297724924,0.1166695215324185,0.1025551666955908,0.0915674317125528,0.1018989537442498,0.1111764031161119,0.0962079595211808,0.1058042288608973,0.1115725626247429,0.1162192990508703,0.097607622853881,0.1129435138518674,0.0948663812530251,0.0943583614542127,0.1080596011269739,0.1196844671112497,0.1092482922287481,0.1048766965180025,0.1034565240778198,0.1007599148466732,0.0730538015546796,0.1055116750010249,0.1157540447549842,0.1054918445021178,0.0974261555975865,0.1033898857389689,0.1086989756208795,0.1141051754883921,0.0950225642644493,0.1049326273460009,0.1015167582397646,0.0968383801800911,0.2289695060029369,0.2613210114340613,0.2625114681945505,0.1518413996807432,0.2222032748788421,0.2166159271295751,0.1320140710100531,0.3641578450435545,0.194129531595447,0.3758499222900825,0.3905770187181505,0.351620482257187,0.4162157018269811,0.1770186753121095,0.1360366746224254,0.2524879676070211,0.3700665934682673,0.3909072429957715
0.6172328873546702,0.454874424245751,0.5504887624605977,0.4801697852741178,0.3456293069051974,0.6661779082880742,0.3789692529298903,0.5457698479190832,0.6077101422299265,0.4753472071053554,0.3684537749844171,0.4084143633495365,0.3684165569073735,0.4445349071044171,0.5172980521366174,0.435916007744225,0.5024858747643453,0.4222943405765124,0.6021263632639304,0.5514743881215157,0.5547315359803704,0.5239459838344043,0.5882972362464414,0.4377048807452612,0.4276373314280663,0.4624588002243122,0.4116886586735123,0.4205871720060512,0.1109113348829477,0.1064054263869249,0.0850020970145552,0.0886049483844873,0.1029964044021136,0.0946424081881625,0.1042071182812617,0.1177005036084743,0.1054943828762021,0.092672685254047,0.1117164860134942,0.0928803340001827,0.0930954996959405,0.1071786626054386,0.1097408784609379,0.1006365550422228,0.097173260931228,0.0984172240115651,0.0986454901738266,0.0894873882876996,0.0980316600017574,0.1163310461293327,0.1026261803195289,0.0947578219977619,0.1248411866794738,0.1021428717650529,0.1062238804279654,0.088847090130838,0.1018702887443618,0.1024145380933397,0.088632011493821,0.2112717801266533,0.2891467401604923,0.2580972376287492,0.1349683323529723,0.1990224767983705,0.1941900750638729,0.0838839325677746,0.2815304624322706,0.1655636119257126,0.3513175341229564,0.2436306828304248,0.2790499133989215,0.2882514976792865,0.1381581545892086,0.1711916991642543,0.2524375272481428,0.3978399101919497,0.3572078243643045
0.6612447592188748,0.5033861612496169,0.6330839561748883,0.5070493576108831,0.4124500981747767,0.6892003410804128,0.4708808235221863,0.5888665900098886,0.6316502426591897,0.5654387732935349,0.4304909391683034,0.4803199096026583,0.4256722398802099,0.5183621243903994,0.535555930401981,0.528683431219929,0.5353469175951822,0.5016594985851189,0.6426675565839672,0.6108999896189791,0.581620241049829,0.5757894161431342,0.6832569131000157,0.5095660493262455,0.4865857027244232,0.5206593767826693,0.4605536925018746,0.5247839947946744,0.1227752500706782,0.1130576159631785,0.0918451553188418,0.1067343665656617,0.1255182549640385,0.1037248648712216,0.1175141976050462,0.1282687450252734,0.1249754061230475,0.1039626246585261,0.1192059255891589,0.1015661809799217,0.1100302846082879,0.1092642097952993,0.1180656014132146,0.1164491452579749,0.1158041667328984,0.1207506579174836,0.1123272870197323,0.0713684066198127,0.107378809360786,0.116566135087579,0.1146584645029086,0.1039191849566608,0.116502859280156,0.111967782222983,0.1184137310537411,0.100887636123251,0.1159419627133923,0.1111866252186491,0.0886710073895116,0.2377330149551193,0.312939814715942,0.3290704935638894,0.195826126961336,0.2206266529303669,0.2494360017858875,0.1149331299278899,0.3128047937370816,0.1955132118304786,0.376804387462075,0.2761443099693248,0.3411732404320328,0.3956811098115784,0.1787028353322635,0.1992665636225234,0.209360616137677,0.3706725512586888,0.3159514222395165
0.6213452149084977,0.3645501727138767,0.5525007757162684,0.459292404742859,0.3643682375966504,0.679586843785958,0.4027832129695087,0.5388868035247019,0.6308142188299326,0.4469634869995461,0.3538418291553672,0.4229186952223594,0.3893844932917987,0.544961244175214,0.5102596584622764,0.4631374471513115,0.4991628658158559,0.4585189179189775,0.626127226282589,0.6177227120095753,0.5517703072122226,0.5588190483635131,0.5997223457516168,0.4499540771293494,0.462833708400227,0.4964524245583818,0.4802356011169545,0.4783170877710333,0.1059931570914748,0.098736810231739,0.0832471238142617,0.0948420889097496,0.1065648462694522,0.0992776046278182,0.1061871327206221,0.1198753208996533,0.1192862548500518,0.1009644056948152,0.1245036564926287,0.1010441793327902,0.0972655535749272,0.1086453585039222,0.1100793344881169,0.100267756865279,0.1024824491382162,0.1033637847426021,0.102527152370514,0.086256293565985,0.1039116525106784,0.1107059445236361,0.1042418940817942,0.1012203076174024,0.1050920243201281,0.1115282116950655,0.1099943944054899,0.0954115316726764,0.1049779454827913,0.0989771108207737,0.0877269279067405,0.2230019903323072,0.2998762203900784,0.169430963215277,0.1319776472564273,0.191299906394999,0.1794097981717467,0.1086291268101018,0.4300661428484978,0.1936622584281381,0.35224268401598,0.33745028071299,0.3331059731270481,0.3715591404173109,0.1793932365683408,0.1168778680928564,0.2174171550233753,0.3332439183566573,0.347231441450801
0.6065291649220037,0.4700856499265933,0.534400451604865,0.4811821047293403,0.3841748018570936,0.6939018725166521,0.4268614972854698,0.5524585509867773,0.6494275694094567,0.4993239645990757,0.3885456348850541,0.4410773760737304,0.4340185624577261,0.4929582622526176,0.5042415409659017,0.5112920462510171,0.4769897782944498,0.5268414684777201,0.6537338507720096,0.6118476296004087,0.6014418428108563,0.6030202812429699,0.655868573353442,0.5198196104886861,0.4677213562043032,0.5186512436134981,0.4743415926860912,0.530424701283718,0.1217058065504423,0.1014259711746753,0.0790065205376827,0.093878060042859,0.1048782153138634,0.0937336221791031,0.1053353910608178,0.1174224531076405,0.1251396201810855,0.0949327943567529,0.1108995178851471,0.091476067589108,0.0959697728599839,0.1053662645171057,0.1116766536321525,0.0977701730161235,0.1010282035297563,0.106238046814289,0.1007221922430248,0.0709960345984649,0.0958425687820861,0.1326760312348628,0.1034396759953963,0.1020479117426371,0.1074999338422143,0.1068625867927961,0.1097587140920883,0.0928007157517581,0.104572770630237,0.1008005419512391,0.104654232408957,0.2280950665520602,0.297985100611843,0.2797658869484439,0.1822614587949582,0.2260936396302141,0.210928734278496,0.1044077190104871,0.3866518386060817,0.2063259945964401,0.4065147664646308,0.3153853676301684,0.3769576879675196,0.4211432879621332,0.1588002335280179,0.1290475843879275,0.2386615086141247,0.3805408677490205,0.3405217277367824
0.6715704318549898,0.571795237606222,0.5861309397796742,0.46007191312965,0.4433638394507089,0.6690008339880206,0.4613856283378423,0.5770391974617736,0.6677465325328795,0.5212087885458662,0.3963811167918404,0.5163797273510597,0.4080994310322186,0.5214340712137153,0.5791600749060787,0.496338110339719,0.5974896211964604,0.4618849911436689,0.622647343027283,0.5709714329019688,0.5781548946062229,0.5677726128114307,0.6112102871349547,0.4982581360508566,0.5084693702940617,0.5204359515600117,0.542465281051894,0.4915354571695185,0.1167929768309225,0.1118951290056368,0.0945571890214501,0.0966905078042342,0.1199337959255089,0.1022010050546761,0.1080778698472821,0.1260519194836963,0.1166858387611534,0.1054074899745216,0.1183242433576885,0.0988145348719363,0.1051756174762834,0.1052742620949515,0.1216853291389356,0.1163444356124143,0.1113679356702844,0.1011525450200075,0.1066631330376378,0.0801518693025912,0.1037051162595852,0.1192066209404188,0.1080882589329902,0.1031492018136817,0.1216913591852315,0.113340356772754,0.1197354723562517,0.1008346828852969,0.1106186394239556,0.1083463992300711,0.1013735255504387,0.2358009710840197,0.3171232043544874,0.263784912035421,0.1360599301514,0.2121398477389352,0.20765233884711,0.1304052324293363,0.4501697091376723,0.2262733199680403,0.4490450616407653,0.4493160748684948,0.3636938648712418,0.4184401771509564,0.1785250605704883,0.1235595260218762,0.2279666725167031,0.3846070458212148,0.3542255154396924
0.6558095159770042,0.5725169184415236,0.5540797364878819,0.4591434595721435,0.4206080579045993,0.691225966522316,0.4494376703082174,0.5667907454265408,0.6503092732445751,0.4972475553713769,0.4216779638314563,0.4900756423096131,0.420540594857144,0.528043139437802,0.5373970964326726,0.4949550031000492,0.5617854006353531,0.4516604588091564,0.6182105485489846,0.5799044353728218,0.588290560683322,0.5910825366646977,0.6834669206285771,0.460312762999634,0.4780704748865516,0.5068769363344144,0.4387830627638721,0.4848183381962186,0.1249535806994936,0.1199808232851468,0.0977724812183594,0.0950118712769523,0.1230932192331602,0.102532047381857,0.1152013073227009,0.1259175385266939,0.1233639550638208,0.1078688976145644,0.1214898003211218,0.1070412347280878,0.1083766182040629,0.1141698540634582,0.1308095274930757,0.1057959927472221,0.1154729029698167,0.1127869116553605,0.1081876956438262,0.0775905760863841,0.1215138150291108,0.1209892778855146,0.1170618358813404,0.1149492327889841,0.1302715929189996,0.1284384097828119,0.1301627822881977,0.105959554718609,0.116083439892711,0.1158067501740216,0.1007079008816423,0.2351951127117379,0.296778365839403,0.240906896898095,0.1434616201188424,0.2208542650454276,0.2271068131836484,0.1131305169188102,0.4036256800203379,0.2094406943593031,0.4170308948732629,0.2794188018805597,0.332300212322956,0.3921728199203685,0.1645835774640242,0.1540924833063762,0.28053852132791,0.4329126380020701,0.3717212044989697
0.7106471925166724,0.5435574617403657,0.5931188355383444,0.455164768167225,0.4165630774375019,0.7206166789254647,0.4522715805406649,0.5826894807704626,0.642876807518254,0.55467656917124,0.4131625475543751,0.4727417943757018,0.4218534982477058,0.5181454934172846,0.5389512593156836,0.4822111882648398,0.5524671924253892,0.4866643696720817,0.6281289088405922,0.6199439062989615,0.5979740695606355,0.5714177564175159,0.597591977823041,0.4875627891634311,0.4879975223787386,0.5143495240927034,0.5779088314066434,0.4886571520939469,0.1193642080808274,0.1154583735675553,0.0982051286422266,0.1036636138006722,0.1143414707031026,0.1060681404444991,0.1125856033008732,0.1363690110310305,0.1279065243051053,0.1047574739730476,0.1259834519012589,0.1097072737580822,0.1110989518810319,0.1179456263995005,0.1251944980043908,0.1164550162400709,0.1221146092398995,0.1116514569073689,0.1052265356617758,0.0845480640023268,0.1092868468662629,0.1179602394298978,0.1124947644707797,0.1113746093034224,0.1428058851139469,0.1113307942316714,0.1222080793105762,0.1044759702223628,0.1131499559159401,0.1098319814602628,0.1091438918445336,0.2441547597552379,0.3241780498108505,0.2603774559597864,0.1457416114162073,0.222531146963555,0.2423459669871389,0.144957424662052,0.374392839041741,0.2428228137078895,0.4042276819749792,0.3515492129887194,0.3490356955846012,0.3748735739539067,0.1554374008016152,0.1835628696165855,0.2673811380941017,0.3921028490788314,0.3500017977322793
0.6292522015914004,0.5503255754472718,0.5324759075074059,0.4601537041667541,0.3295977534178425,0.659632444778671,0.4114253260690442,0.5644368459135775,0.6405897238364848,0.5043116091227766,0.362590719490554,0.4405751445388993,0.3907750698179381,0.5201936635345368,0.5221550955471774,0.48668880751482,0.5336175962361378,0.4834447987283696,0.6400982862056873,0.564460986426067,0.5677164928257041,0.5548143879796809,0.6189661143083836,0.4905611687138798,0.4696190151157499,0.5289340295968965,0.4649485408164394,0.4822195642567299,0.1195957025611244,0.1093137385694996,0.0882946110328734,0.0975653002253778,0.1007271707275453,0.0948791297742813,0.1043635900333136,0.1212498989698096,0.098242044441446,0.0891706113079263,0.1246404088300769,0.0905043287268968,0.1059533019623437,0.0973762472861971,0.1133221891095006,0.0947513522144621,0.1030443301736093,0.1001181485657383,0.0965206384317695,0.0747499100215129,0.103309233053201,0.1067774991133448,0.1032484399557728,0.0981787013658635,0.1303465612684722,0.1056542879783089,0.111550039391302,0.0908809336534267,0.1066513847370622,0.096848548857353,0.0767501227666528,0.2281099086842284,0.31782412939653,0.179669409050662,0.1307500178704763,0.2004280612494917,0.1835832453492221,0.0811675068301459,0.3070639621685532,0.1837364971128783,0.3664233351050445,0.2642137078379375,0.2978647866215401,0.3152395505044195,0.1424916737845965,0.1291041758306549,0.2259508504340614,0.3275265079446671,0.3286538878745809
0.67098648403738,0.5850965238430283,0.592997093806835,0.5170833299400541,0.4187158171374064,0.7129392275668842,0.4319684823008635,0.5677675490002392,0.6628147367954379,0.4924847048529838,0.3892087091857122,0.5168998139058609,0.4097232137920106,0.5548400544726313,0.5056730788415433,0.5190384030825579,0.5404158234767305,0.4997451617002462,0.6567853091079834,0.6218469219744305,0.5986451795868014,0.5655705318834323,0.626712638932851,0.5271222484519191,0.4870946685794072,0.5151933540367465,0.5396862212810507,0.520714434982074,0.119179941580896,0.1144869313023373,0.0930125619675722,0.1094393061121395,0.1094969687427807,0.1034650005635031,0.1134900168560782,0.1329637348655376,0.1367826315590103,0.09753854526176,0.1254664267218133,0.1000035909954029,0.1062057607940722,0.1138416670149402,0.1210435611012393,0.1069957952632251,0.1127679174079931,0.1098153585898736,0.1055153210593349,0.07328044851995,0.1119409415418713,0.120324620958337,0.1151897973767755,0.1146932386276673,0.1202143662966049,0.112006055387364,0.1190129222310969,0.1085298682107971,0.1135956490844605,0.1109454941759026,0.0937583739257499,0.2332348758930769,0.3208621669681031,0.2263227617754364,0.1704183292050799,0.2004517214819496,0.1688338067651615,0.1105468481779098,0.4234409606108417,0.2257474108597197,0.378960206545747,0.3493069869398928,0.3306134312741308,0.301108198532579,0.1691104300320148,0.1285869881481296,0.2720640588882896,0.3466935099891195,0.3090617116246033
0.6339943148650787,0.5370495722249702,0.5297379485403273,0.4737837512082711,0.3620597870655395,0.6870815492954301,0.4231003495701645,0.537966016320919,0.6590551238230624,0.4870946841559558,0.4042976423832223,0.4787356602949736,0.399718493677596,0.4801485192959655,0.5424837519782388,0.4858460897021672,0.532001348426596,0.475345664604854,0.6187908974932368,0.5593920529064624,0.5484084089624196,0.5467325894326294,0.643233145766315,0.5113325016288528,0.4676341686054985,0.4977344812846363,0.4200892606560786,0.4854160039950155,0.1234187063173168,0.1066450139003656,0.0907927208370122,0.1074607374808072,0.1102243189555391,0.1026076824421122,0.1100115035288956,0.1210411163028957,0.121620377112145,0.1038137899171194,0.115137748789676,0.1003308066871351,0.0996995000016713,0.1042761194886211,0.1196300707334185,0.1017260154321131,0.1135919076874571,0.108753686192087,0.1095639809311723,0.0846957843661232,0.1023450376311766,0.1271472742041927,0.1060932139296557,0.108316981890106,0.1214652601870839,0.1100386418798343,0.1130036324707808,0.100767000543826,0.108249891889161,0.1090614918958567,0.0850957642662627,0.2302187990075856,0.3245548060806812,0.3017615106042629,0.1394585287226933,0.2089487034128211,0.2421931728631136,0.0796848365105687,0.3239171404964648,0.2163398819806452,0.4227218394386604,0.3104971628197852,0.3559335949050413,0.4330613152547315,0.1484032510055435,0.1810029059828355,0.2430196727047661,0.4248985392382332,0.3207264729819836
0.6231423580641714,0.5938301448794928,0.5576536670802296,0.4577133991846123,0.3901937197881056,0.6690276560792254,0.3873505250670507,0.5457439440834324,0.6255190407527796,0.4578398445917816,0.3880625113212831,0.4432661638535554,0.3929041507601425,0.4945168110683382,0.5130049637232211,0.4867617775756914,0.5255505896466612,0.436121923639912,0.6188051805898835,0.5527974924021803,0.575511673111988,0.5795492296924831,0.588348542917114,0.4513888947959416,0.4322562130028412,0.4927950911818289,0.4083560936249527,0.4390056112452464,0.1176734052837022,0.1055928157427514,0.0914696838959093,0.1006132222166573,0.1072782794546681,0.094963082443618,0.1066577113961022,0.1273886850705995,0.1239034104514497,0.0943281892969546,0.1136816298176423,0.1032459612442971,0.1027973939836837,0.0999656187213582,0.1111499174004318,0.1006307603829077,0.1046851545112935,0.0978887371155728,0.1024641858285022,0.0751910322272146,0.1024677692381502,0.1157675195437587,0.1044851160550341,0.1033166257562438,0.1175115845084409,0.1040580095890147,0.1123632479335854,0.0955854801351367,0.1046507952082676,0.103950073286193,0.0931712431398401,0.2385396993465691,0.3476860725628528,0.2589681088760658,0.1414626351800625,0.2067007316649025,0.2059019837552886,0.0914586171921756,0.3892856508662754,0.2108967384808808,0.3655926849257158,0.3407825798517748,0.3437672119784036,0.3812144623769746,0.157423422302282,0.1198170046199752,0.2371976496026379,0.3993290294285701,0.3319461986703692
0.6083673625333954,0.5020731391012668,0.5401558184275056,0.5003091607905248,0.3963815084538863,0.6576766962745748,0.392270834299828,0.5667436363867714,0.5905945655643885,0.4945874259485318,0.3744541267849897,0.4620609040731459,0.4022686768924951,0.4750858173809117,0.5135031896162496,0.5171482612343675,0.5509687150889784,0.4467939437107675,0.5871718477691488,0.5519089422207346,0.5635258943101435,0.5383049812760905,0.6538037562754399,0.4526989097511213,0.4369464365563305,0.5022118742364675,0.4191284242159625,0.4801570285450328,0.1118192524099664,0.1069656267928066,0.0800017948259941,0.093593373267077,0.1133112353456894,0.1007488998333486,0.115414280435867,0.1165663105210607,0.1101985429027506,0.0970043120623808,0.1199811979551418,0.1027486482454902,0.1085629681598917,0.109122895669324,0.1101242600794541,0.1152363565896128,0.1107322115618723,0.1014960916982109,0.1002419179480912,0.0807973305738244,0.102494645730787,0.1122184078078535,0.1044654870361255,0.0995111555012799,0.1163283738269045,0.1149629350715639,0.1132380797776529,0.0969729364761854,0.1048853540435751,0.1041650992243958,0.0844035473983622,0.2541153635573406,0.2887636074384019,0.2921127559754499,0.159549775858534,0.2247849266049982,0.2299996276451058,0.0855490326408355,0.3285633115436542,0.1744697021828455,0.3381090457644131,0.2455837538476341,0.3065193539083588,0.4265994156722899,0.2057214794172482,0.1614663456149753,0.2539214031977785,0.3928088061539767,0.3368896451290873
0.6575117393139157,0.6273837752582491,0.5788056296375558,0.4838447338721852,0.4356702661899559,0.6715944425523254,0.4442909710769055,0.5426352424886991,0.6773634771187214,0.4840085069998263,0.3997778312346385,0.4982232033919472,0.4065589180343028,0.542276083160313,0.5464362871201445,0.4638709576580943,0.5594995878173545,0.5212474339181212,0.6271488628181044,0.5990026754666211,0.5707220148970629,0.5696123768005845,0.5887031824616071,0.5024291999387152,0.4527630871188003,0.5156340946633888,0.4892148120609628,0.4592313334883693,0.1227742922606794,0.1132465234599777,0.0975096316714674,0.1054374808436465,0.1141229576710006,0.1052207995163675,0.1199178946077419,0.1356084841726316,0.1187370791573871,0.0995150304957226,0.1182557854654248,0.1008155386524179,0.1029939599650008,0.1119864752716341,0.1205392001171571,0.1144256640441147,0.1127780812647983,0.112070311299101,0.1101262961956777,0.0732607789398397,0.1134537588441466,0.1172033645741504,0.1085860298582788,0.1079668012243121,0.1063824081450452,0.1206707187344004,0.1271376725540249,0.1123135356393059,0.1136819222762815,0.1048562502058435,0.1026324929857222,0.2348855443565769,0.3276769113740917,0.1815442261488541,0.1368635833821929,0.2102067619778542,0.270919882682698,0.1446253856170981,0.4297467788681387,0.2252620063398195,0.3800235422687572,0.3885731350512328,0.3431566626303367,0.3969516427471087,0.1733560707420109,0.181711131797379,0.2320378289702606,0.4004353461295128,0.3334536032630252
0.6281438949114261,0.577970654730286,0.6019857815241415,0.4772969881686948,0.3875615869959195,0.6934291772810389,0.4396425060645842,0.5647455585532097,0.6358273325407704,0.5461573698325155,0.422304038333865,0.4473994781204092,0.4037058955452344,0.5358684840857091,0.5186728828214645,0.4730319793132913,0.5390808076089408,0.5096061212044912,0.6133777123710172,0.5801949078302148,0.5840922858921391,0.5306309453734366,0.6140356171935957,0.4964258138375567,0.4693845695889653,0.51253250953636,0.5250241343597442,0.4880636139893953,0.1243999688602439,0.114390828991297,0.100784691546077,0.1061905651141661,0.1156201817199542,0.1036004903913375,0.1150101276831724,0.1359831906484055,0.1294263928025895,0.1041625697008244,0.1258101866592261,0.1082991230685333,0.1071101987796044,0.1130059865791894,0.1194234583573408,0.1148316508172894,0.1162703248480227,0.113535867248095,0.1077032956553724,0.0814322105843296,0.1103304382587468,0.1214130478007322,0.1179858185330556,0.1122774394319337,0.1224980872056127,0.1102898615351912,0.1229152766258946,0.1014903292537556,0.1186568424475147,0.1116079333202376,0.110884934260199,0.2386821839991251,0.3043918991226714,0.2723527795084718,0.1616518241335979,0.2344083063849048,0.2402923646012506,0.1026749508968992,0.3650799201402281,0.2186552007676251,0.3905384711554198,0.3343054597668612,0.3339255133892943,0.3769118438164393,0.1483362406492233,0.1709587203418991,0.2314976789818884,0.3915163116773925,0.3233574196409721
0.6702255208358712,0.6324120383736089,0.6011385586165454,0.4487356521910626,0.3714790912670689,0.6944168275779056,0.4600537980791039,0.5717696662047768,0.6769641101822756,0.5142705810694499,0.458853035247207,0.5148441306434705,0.4134187831604761,0.5617252446629479,0.5604286163469163,0.5203880348743031,0.5845397325894264,0.5199151736823024,0.6409321407598652,0.5937029992874417,0.6288925592345767,0.5599266646230565,0.6090825250705127,0.5124915507555345,0.5031809008094779,0.5075101148268202,0.5127265973305198,0.5024156981138832,0.1216578050890591,0.1159857284126815,0.1007106882127364,0.1042616184463244,0.1150891288735122,0.1052276716109281,0.1108776030698102,0.1350842466716332,0.130137875839105,0.1020556582287955,0.1122402537755931,0.1075803250808402,0.0979029054927565,0.1103048522871785,0.1234891665494493,0.1076499347781018,0.1100121850041486,0.1002326431907713,0.1040653523872389,0.0842621188202462,0.1105342473071543,0.1206396775028516,0.1179480284658024,0.1117362736041897,0.1175406588205649,0.1105073225346539,0.1209268406575438,0.1057320140063109,0.1141447033147258,0.113987242218083,0.1097850879473999,0.2332032197591557,0.3102872968290301,0.2275804937993542,0.151466283549965,0.2074678252944031,0.2122901698546308,0.1823998067170532,0.4017368821057339,0.2423114686865698,0.3830719015205901,0.3631471868073506,0.3536900584199669,0.3663287712704567,0.1778047428362899,0.1344387552704022,0.2511122309380188,0.3514399376322753,0.3397680038895726
0.6759880178967329,0.6010700748302042,0.616224652647379,0.4479091110683623,0.3378060537462051,0.6904741380538291,0.4322604032445797,0.5586474758456442,0.6458690012015842,0.5444667609075076,0.4427368371770921,0.4146977854481608,0.4429364531362779,0.5356049792234969,0.5401302207980708,0.5581077879292046,0.4886560132014902,0.5072333170789733,0.6511749563358631,0.5707943193718735,0.6046190469364934,0.5563244231760613,0.6131083651042878,0.5067075319923202,0.4581944932351592,0.5474434359355044,0.4979736497169528,0.5517467583573201,0.1158892083735343,0.1155018771982646,0.0909731645229191,0.100028259278905,0.1157785143377216,0.1037077036535267,0.1139546758487182,0.1255336468952226,0.1246938351263303,0.1012262724083577,0.1141866270944416,0.1041632708192072,0.107589297402303,0.1131683193128082,0.1133775873677309,0.106921271486046,0.1113589672703141,0.1084562751500052,0.1033498822172296,0.0757329088194499,0.111808257759492,0.1147621688396842,0.114553560470227,0.1054283098317857,0.1278372684510497,0.1062662268437072,0.1190461173323726,0.1040376690541391,0.1147506659689648,0.1114916418044223,0.0998856188751914,0.247886775486925,0.3333658441382495,0.3720342338085174,0.1332869226498292,0.2257061016539938,0.2171265042293488,0.1655936963903177,0.3020592717897323,0.2916255309283437,0.3584706813039614,0.2825091324098732,0.3184954362939084,0.3698889898611049,0.1280316960598741,0.1613970112109529,0.2810469355665046,0.4324024822259847,0.357838282228326
0.5014628170310188,0.4109415625343504,0.4984950929317834,0.4718180912838911,0.3147724319916929,0.5855601632998538,0.3744668029977663,0.5037506226063229,0.6244622657135577,0.4507111611991795,0.4163844496011734,0.4386975827568502,0.3723267695723889,0.467247650554791,0.5137063734217864,0.4646832543571856,0.5002223419673956,0.4666770095965906,0.6139978433948557,0.5583344873343095,0.5549673862083206,0.5165773475477753,0.6427102487719663,0.4756927071496966,0.4248502823853245,0.4830231841029286,0.3528663768050287,0.4432590977536476,0.1192263296439297,0.1038617987466557,0.0923165026131282,0.084465449936129,0.1036815223307635,0.0945095431914655,0.1019304026035676,0.1209878731807999,0.1187968062173787,0.0935950722204492,0.1072491529191527,0.0921470786435257,0.0987194531030385,0.1012723085079921,0.1017473815498811,0.1080760178577728,0.1072292154773854,0.097617772627017,0.0984952931812202,0.0727553309271855,0.0974188550374183,0.1124079655083108,0.0973469178681342,0.100381919196104,0.1157456243027491,0.1017508518733077,0.1090222119232973,0.0932958551957913,0.0994217658215453,0.1016420023818529,0.0831917789661201,0.2071669680632591,0.2748582037795387,0.2071825260816332,0.1264690448286552,0.2266761262864832,0.2064826794195215,0.0783591916602031,0.3324685255086028,0.1546325839692814,0.3348835562581058,0.306962890829891,0.3459071587059397,0.4135597914457321,0.1195904978861411,0.1136377786663738,0.203479239825062,0.3367266181733097,0.3309387249229866
0.6101412452108855,0.5300716624934544,0.5484017862168321,0.4808114606477742,0.3912597669007109,0.6253527336811625,0.4012132048166108,0.5606147606685518,0.6620113672416341,0.5036215389137427,0.3598974371227564,0.5194942830676647,0.3940462756297905,0.4724365327308975,0.5100005746633512,0.4718152457138748,0.517254948341031,0.4719875556343621,0.6637442999971339,0.6127404253760143,0.5983810779097606,0.5622399785696743,0.6642320611154349,0.5067616691373987,0.461492589710479,0.5141425697052187,0.3553525173988631,0.4364135198221562,0.117440776356529,0.1085525207796794,0.0872508950493336,0.0937398335894166,0.1088086024016373,0.1035377060574871,0.1109559073635401,0.124740371621806,0.1233173708653803,0.0939867728904289,0.1055597741691457,0.0926113340932698,0.0931681472391675,0.1082895843234624,0.1113588059555769,0.1058927491289064,0.1102680696057746,0.0928022795696337,0.1055251917794126,0.073148294015645,0.1042899923933808,0.1128163557852878,0.104063002284823,0.1064497862315696,0.1112708287375159,0.1062738722725352,0.1102640976964202,0.0991303897241373,0.1082533023094539,0.1092325583970525,0.0861104234889011,0.2021236292038781,0.278885309738439,0.291684583781939,0.1591031535813384,0.2200913233287731,0.2338768911458072,0.0954031776969454,0.3508278077675236,0.198858393520555,0.3917143265632297,0.3175483302804928,0.3664003245571933,0.392703740298748,0.1556164338846098,0.1567661525513416,0.2581849731552303,0.396120845575268,0.3553160507712633
0.6670633490918592,0.5912978123358594,0.6099627399739034,0.4647193592542472,0.4053577105204264,0.7110453528943779,0.4122611092325329,0.5515497525307265,0.6657593026418238,0.5135526900201891,0.3613074331841844,0.4934789635949091,0.404597965571425,0.5064248254600954,0.5121010546798521,0.4824971014463054,0.5534581173095869,0.4630374805452965,0.6341346277737872,0.5846852035347864,0.582433868200662,0.5705986611196243,0.5824525914897467,0.469155111919611,0.4435716642660093,0.5108695835628626,0.4432435955309599,0.4451574552898304,0.1176825260736901,0.1074634569791516,0.0965472979312771,0.1030115516480438,0.107362192904585,0.0998914694910764,0.1044479546522247,0.1232033993958547,0.1174560107559032,0.0962074679248211,0.1026185484326216,0.1003276968530381,0.0958899278891693,0.1057606380586106,0.117338155820964,0.0960870219648811,0.1049535271882273,0.091497433787413,0.0975959015610191,0.0774746052533038,0.1003976853909615,0.1249702780881139,0.1101926593364922,0.1054537123435715,0.1107496148758962,0.1021543945997483,0.1125262863147454,0.0959970272525106,0.1075903560479342,0.1058469418549012,0.0924045142158947,0.2242299573305703,0.2979049434887494,0.2030344239835227,0.1294609979264626,0.194784821289931,0.233559555508674,0.1111400734241071,0.3974632215423461,0.1913502784274261,0.3945391964465237,0.4000955487571416,0.3461679918895881,0.4179792492133047,0.1697356522911124,0.1276714608491379,0.2054803420991281,0.3731209668252855,0.3295877364774544
0.6230840881215531,0.5149692732641715,0.6064206236248533,0.4841591401910074,0.3582996302843094,0.7110023191956724,0.4516029555122198,0.6080635170599741,0.6932492604453081,0.5215559805920247,0.410127765126686,0.558361375625372,0.4324952692904014,0.4800746300251199,0.5695667982118127,0.5354437867081994,0.5717813966400038,0.4794184989168309,0.6800011910920221,0.5848350478495878,0.608661509685311,0.5675583823401673,0.6445638482243969,0.4944454358718675,0.4755166957649374,0.5584257029685076,0.4614839613116392,0.5436490289323391,0.1139190419727837,0.1084306435707526,0.0976586312734188,0.0962972844541875,0.102730467761132,0.1016247651884019,0.103543236863164,0.1145423671608523,0.1250666091271091,0.0975744755392546,0.1078466727313959,0.1026502287033226,0.0986320242039589,0.1051313587069682,0.114890484602685,0.1056033823992998,0.1129575863471704,0.0970905634543102,0.1045951145619125,0.0677704806602416,0.1124529090943205,0.1143825467573439,0.1058528558960703,0.1032124072652667,0.1087702993428742,0.1113822002613648,0.1169266548847625,0.0983278695215572,0.1068792708199724,0.1074720861612771,0.0802147719092983,0.2785273606147376,0.340535502580385,0.2262278266928412,0.1406107107905957,0.2283910591596058,0.2045993318130698,0.1107906644123003,0.3981972116992828,0.2327924174997879,0.404825089078246,0.3077828855129579,0.3494861070744016,0.429285885559188,0.143395799677819,0.1306177044898868,0.2561743583648803,0.3375582957601848,0.3218394598391438
0.6718104172372672,0.5934297176661776,0.6115788943180512,0.5299257247680349,0.424275982697479,0.6779192442639445,0.4508426403099044,0.5865000597465403,0.6756702484271779,0.5609858504434203,0.4365115650190904,0.5328684687382215,0.4282432482808578,0.5510365299396534,0.5210311476287413,0.5333779471607721,0.5578667879090149,0.4914606489749036,0.6268112455731799,0.5948440761968767,0.6109574946907228,0.5943251909097819,0.6459929217854409,0.5111743306045038,0.4914560923124373,0.5327612325389643,0.5005460270062477,0.5516640013314995,0.1136883999748741,0.1178712123592099,0.0942363185729595,0.1061645677250479,0.1174835858016826,0.1047112115012066,0.1165407383058381,0.1337572548922414,0.1202337003027406,0.101889928900917,0.1208644000065685,0.1036296869407344,0.1025120235367119,0.1176685782972773,0.1289674612764713,0.1110778908393764,0.1219355636596296,0.1099434363044422,0.1123544558479993,0.0886559951220678,0.1198991256280355,0.1091625657428766,0.119097565169649,0.1048824566236548,0.1217519215972643,0.1164697776253401,0.1287547958727452,0.1030612480939361,0.1207412425453036,0.113910269235445,0.1000393095429172,0.2631824149724405,0.3427911352528697,0.3891563668019241,0.1584805200157382,0.219287678761637,0.2615062228693684,0.1393720245920121,0.3909670601925485,0.2375636498798571,0.3973022143162261,0.3727323449884937,0.356613266454419,0.3454740509054714,0.2022972675040364,0.2092946764881825,0.2663735683319005,0.4365911142497558,0.3770910852888067
0.654832873493433,0.5927211458866413,0.6083191519170795,0.4712428757730219,0.4319824128834461,0.7023373260635863,0.4194385624134926,0.551590360482817,0.641914645434236,0.5241295884664743,0.3877901295038382,0.5039097050268985,0.4107816415515308,0.521342180028872,0.5473556550931377,0.5240356335920389,0.5518578985449663,0.4796148791353813,0.628192392988584,0.6132914543450558,0.5806376218505261,0.5936864869143592,0.6105587134869626,0.4942539695999081,0.4505660835161523,0.4944233464884756,0.5618851072248565,0.5267054000923741,0.120075888647271,0.1061130361048145,0.0852379857154924,0.0946105669250348,0.1054423908670504,0.0986786124636299,0.1010070681214438,0.1193424575555822,0.1145299049423538,0.0933209527573948,0.1032303463306962,0.0988053749088893,0.0889962367806412,0.1016776603302773,0.117489524231084,0.1121111358025959,0.1092225083700852,0.0978842727429373,0.0997677429010278,0.0809074483665376,0.1065532978318985,0.1082377374000511,0.1047764489827498,0.1031401484237137,0.1160522556809523,0.0974305512561941,0.1100235395711934,0.0985039442697867,0.1051753544290225,0.1034226360547738,0.0930333121229951,0.234027935731994,0.3090250451255214,0.2531407336635446,0.1410550517375382,0.2142237202703389,0.2086947906318403,0.0989252051521165,0.3263147295718746,0.2450965665788813,0.3766541174435605,0.314291273130779,0.3118783878444722,0.3733182716019013,0.1438333454231421,0.1390443653495652,0.2579049211280266,0.3830910417084108,0.3487417400764846
0.6093711522478047,0.55669916901633,0.5590145061961284,0.5065911510676402,0.4180229899637839,0.6569534686032048,0.4346899141891686,0.5714442955042456,0.6579678170853994,0.4311503869814153,0.3983615293471794,0.4797848486247907,0.3936769949762166,0.5273349181022771,0.5598553999794629,0.4793452008886741,0.5454409755633476,0.4498612394383705,0.6239011994215875,0.5964462678394226,0.5747430764019328,0.5870599836254655,0.6277850765358011,0.4577956470776955,0.458740713365268,0.4899968348225422,0.4324558436549245,0.4505883122492279,0.121023741499439,0.112559539282744,0.0887733652274309,0.0994705143060691,0.1093927851790771,0.1004649081921723,0.1037062272099799,0.1257141659526729,0.125406426391186,0.0964153366935774,0.1123980077887334,0.1028724024710225,0.0981436417678262,0.1077203907521382,0.1147685733596039,0.1145210229451492,0.1077732331601747,0.107324393619557,0.0990275264029338,0.0741376324355067,0.1123317180944404,0.1134045505197852,0.106834741817732,0.1016827589522651,0.1149728685182736,0.105554328287112,0.1178316361777344,0.1004731425023813,0.113351797320493,0.1099948974073177,0.1035612607406464,0.2343734818652664,0.2977200558611736,0.272311133737194,0.1422884633657373,0.2155459816347361,0.2495622472236593,0.1326376828584162,0.3876538476691796,0.1971051308971184,0.3498389019646558,0.3362712656103429,0.3285789792736371,0.3688677628835042,0.144189505941338,0.1528542323343815,0.2684770224453962,0.4304416617212568,0.3217643307404692
0.6716484309162861,0.5389590676753752,0.5814956336548209,0.4962791932229681,0.4289134461618341,0.6896846884452152,0.4274811737440543,0.5676265388170365,0.6587410891975347,0.5002913048669416,0.3946940861657267,0.5068814256039147,0.4173464750395143,0.5424837991337208,0.485798118453322,0.5039300463953924,0.5006388059339008,0.473073331751217,0.6429948739004614,0.5884351173930372,0.5616406353127126,0.5868698624224106,0.6082653421684876,0.489007933343292,0.4477754514357228,0.48711466713907,0.5364452585307482,0.5127754883936566,0.1197257529100976,0.1116463893602347,0.0984451825786831,0.0991261588975409,0.1135177779491449,0.1041148752527738,0.1149291682488771,0.1341300846075956,0.1154797633989469,0.0966542376154381,0.1128914131779064,0.1018746853614619,0.1027656138574047,0.1113111607083488,0.1191805913160702,0.1113733069912175,0.1160457025369774,0.1013739220915859,0.1079290671257916,0.0746714105350959,0.1080513358454364,0.1207973165413631,0.1094621309290355,0.1036967162551702,0.1316128925703697,0.1072947250342719,0.1157277761724918,0.0998461900163493,0.1103487632857903,0.1066742799241297,0.1020017180294103,0.2233670936521077,0.3044403839215184,0.1702871509801803,0.1257257028134783,0.2137730398534497,0.2024961786516704,0.1141059201521177,0.3808366398454881,0.2298439676432232,0.3375402488141924,0.3124673676148459,0.330554706072717,0.3736939386210658,0.1720831807798299,0.1429488826907385,0.2387239418752881,0.3540598508954211,0.3397392780968435
0.6639134236420334,0.5744772436166251,0.5901291716692044,0.4551835341902163,0.3695734467999688,0.7176458828781496,0.4123989222270189,0.5626722594786707,0.6585934067323742,0.5021771345161148,0.453423635579679,0.3944503959006438,0.3954364935505127,0.5338827764529965,0.5321144523104273,0.4928356564805999,0.4690567006036628,0.4961286824004423,0.6814354486315622,0.5939727112862052,0.5909546032576953,0.571371376793927,0.6022410115806547,0.5148107501679406,0.4493347477130488,0.5068468917497717,0.4616148939044197,0.5207680034619497,0.1355257845497803,0.1056668919685923,0.0919278160234047,0.0891016641386316,0.1001305543653834,0.0967282470726706,0.1110576210557591,0.1164708214235589,0.1139771500306688,0.0865281094681018,0.1015400897857244,0.092619291577125,0.098735975922205,0.1021031130540372,0.1231374145306987,0.0995306137953241,0.1027071736407965,0.091902538103703,0.0961580106843348,0.0793008276213018,0.1069343662316303,0.1335155154169037,0.1016744023012299,0.1037756561048513,0.1256421611691548,0.099018549677569,0.1083469013225884,0.0892636824985524,0.1049650414794627,0.1019484700360887,0.09945430343711,0.2258295039756492,0.3016177629089386,0.2241518875211477,0.1515556108359764,0.1950868066745251,0.1646391876775497,0.0857674507819341,0.4163412739238683,0.2106299642723737,0.3659877649195527,0.319051086589221,0.3550891292591889,0.3547199033200741,0.1662031626090025,0.1440208630527638,0.2306323800047364,0.3620779647919572,0.3367294929378149
0.6235754792774488,0.5927524317394604,0.5378435930190495,0.4268853068604975,0.3460015915598429,0.679814658598374,0.4050814437984551,0.5429001861153648,0.6475879835365468,0.4860038454549856,0.3927611619019539,0.3903323380148815,0.3734301287877569,0.4857723929658968,0.4674370945103324,0.4876429499184463,0.4036474322396461,0.4782887287434227,0.6233784016715181,0.5986468549620656,0.5906668749595552,0.581826285848587,0.5550044639871174,0.4687607175464522,0.4733084172769821,0.5080286845772134,0.4184710320047888,0.4350372183937252,0.1278276175042058,0.1046583541857736,0.0927190810025882,0.0936368514441411,0.1111582762104664,0.0973575106530711,0.1130155099085533,0.1248926592915964,0.1276442465897931,0.0952266611570525,0.1085349524179825,0.104432817471892,0.0953873085095782,0.1079656146273824,0.1101840404732196,0.104996359369557,0.1091625368203733,0.0995155795997395,0.1011525311031373,0.0875885881280818,0.1026020614778858,0.1264875758010135,0.1049795343352963,0.1045021583038839,0.1227693188613024,0.1022996175844915,0.1111728528147153,0.09252199365439,0.1050737345827547,0.1004960224436196,0.1062202433844162,0.2040513106050611,0.3006103950850866,0.1565619925725696,0.1240306859574863,0.204149710740622,0.2007718703402269,0.0729562191292643,0.3611039138029492,0.2087844242427927,0.3725529990708283,0.325451906124597,0.3698231075491224,0.4263699514170487,0.1699285274371504,0.1225382899570162,0.2178190773888231,0.3722262944158782,0.3520290586357679
0.599508303568364,0.4733437528664415,0.6170983123753605,0.4467486891720199,0.3706840744181987,0.6420671596643653,0.3931098041638188,0.5532209673134737,0.6194084409513441,0.4950767105442677,0.4110691798014727,0.487796389615023,0.3830245907177967,0.4997718679936698,0.5217359415404872,0.4260526265779319,0.5451737706350861,0.4778009908934897,0.6254025635731432,0.5349795776330071,0.5709305486799974,0.541952841104807,0.6462540641703025,0.4683656714562588,0.4328712871307616,0.5197608410279057,0.3148906152851316,0.4282896160605589,0.1287410096264783,0.1038163804996435,0.0909093757212417,0.0986552768176361,0.1011683967614078,0.0941166018135404,0.1060406146226156,0.1204542062711829,0.1132686698906123,0.0910893796772726,0.1145764220485953,0.0922620264522222,0.1023896636702797,0.0987990374505274,0.1107536736673211,0.0899454649519659,0.1084831342773669,0.1003225113553182,0.1022985205255591,0.0761125259670651,0.1077538321694897,0.1100239743247151,0.1032976080249395,0.1056244329179036,0.1113390732680108,0.1075884415430416,0.112312441548079,0.0955644823886711,0.1084414008841475,0.1058433032065627,0.0966748313367142,0.2414197588468783,0.2956724952474607,0.2536364191103424,0.1621741835188708,0.2361286876645117,0.21157783955417,0.0872176886249929,0.3571060078805834,0.1927708408879963,0.4073797428333295,0.3002772948369678,0.3660382892343554,0.3583589475601911,0.1513217069829503,0.1123652901345242,0.2192237322117642,0.3629500078658262,0.341555766940972
0.6506118240627855,0.5687179274128792,0.568955167498387,0.5119595555618206,0.4322454959790154,0.6678855874642884,0.4199431858892065,0.578945072922739,0.6880580109384731,0.5268289234781444,0.4737638528392848,0.5207280818598817,0.4198068261793497,0.5567432288668097,0.583721880343207,0.4828655797720048,0.5979199601511243,0.4844165522881036,0.6694807558982796,0.6086376008142886,0.6022616154687247,0.5983467215004771,0.6617895023544796,0.527089971641931,0.4722291616149354,0.5000587634437695,0.486677888315171,0.4696703880265277,0.1261608663830546,0.1196568031819833,0.0887774314262604,0.1189909316919173,0.1206963715824242,0.1089350582277482,0.1182671389504537,0.134386468724352,0.1246166691872504,0.1035176998317568,0.1179501961748032,0.1015210704518147,0.0986786657553652,0.1131117018240181,0.1188763504737973,0.1162619510736809,0.1199624532286626,0.1095210773602517,0.1099524842706781,0.0756957449327894,0.1149770628356743,0.1314634139764464,0.1182470301773859,0.1085502439400439,0.122770471483234,0.1103975243477854,0.122476192589036,0.106179779356929,0.1174262779222451,0.1161181984691009,0.1031193335534462,0.2250325563097926,0.2779672606173794,0.3512665745813664,0.1424485178309333,0.2051412670023997,0.2438852467887185,0.1889214273118837,0.4324381050698104,0.2536651850503462,0.421005116407702,0.3053669234116871,0.3264187235536789,0.3578888970826352,0.169080594399323,0.178420527137093,0.27871611509187,0.3789484339183372,0.350025506434013
0.6523223191019405,0.5085248233650932,0.6185638356742429,0.4749776908659741,0.3934337727982422,0.6871088043598269,0.457871167238671,0.6022137736717423,0.6611260286751506,0.549383466060843,0.3415020972539676,0.4603018997368056,0.4585704117219933,0.5290731534117536,0.593693342409016,0.5869258243929587,0.5376089657598495,0.5098218268321657,0.6774758181099153,0.6183666571700701,0.6107781405499206,0.621293130961357,0.6155289909033667,0.50150671716596,0.4832281403567731,0.5554341612085523,0.4255539779899061,0.5836181425199973,0.1139145295212201,0.1037662212364615,0.0886985159493602,0.1069442019598117,0.1075641202169655,0.0954639988062208,0.1103636675490823,0.120390797128167,0.1071041626660504,0.0923999246412376,0.1190797441867528,0.0996665428905388,0.1087126999776207,0.1045444002641972,0.1166736971627353,0.1052436499622354,0.1064317464009664,0.1018998413260693,0.0960263558444598,0.0695645861226784,0.0996962604135644,0.1051644663746902,0.0987577573507004,0.0965091140689629,0.1314906788226529,0.1031632589584818,0.1080322810986215,0.0907016885284706,0.1049738161194787,0.0999534726302883,0.083676170971312,0.2439385089046303,0.3137717269270158,0.1942586237387287,0.1696142808838335,0.2252343859414128,0.2188235138037753,0.1178655951283871,0.4967296592780903,0.2440185188945476,0.3543678569532584,0.3325966953408232,0.3611622833392837,0.4095291794143257,0.1233827375637536,0.1463346616305276,0.2668775081860296,0.3565758915397998,0.3388359974722414
0.659238655618522,0.588938111884404,0.573466899968795,0.4635813707690676,0.3768242290834101,0.6996900324518931,0.3914205417656575,0.5300813424563383,0.6594291562879948,0.5317604512671124,0.4382183430548747,0.4835325220748453,0.4243500868608322,0.5176272963752219,0.5563306845563462,0.5531102010000946,0.566914308290247,0.4756127015787215,0.6458337587150149,0.5868631350336286,0.5994442684240257,0.599990438126945,0.6807318004755146,0.4818020182554314,0.4462370523788519,0.5102236990483913,0.5177290893125209,0.4937637561327633,0.1263769994075254,0.118709824336968,0.1008624580832387,0.0997094888246047,0.1140515031873377,0.1029057084210472,0.1050080403859471,0.1282806446514015,0.1262069418914424,0.1041027673960301,0.1110676129908623,0.1022431869946991,0.1095169707090915,0.1074876924282549,0.120705533430647,0.1123851785035046,0.1115338084381629,0.1050657904839778,0.1030171855425613,0.0791971051469757,0.1047238878808896,0.1209948753505208,0.1127189335207739,0.1147044583690026,0.1466848030179063,0.1061065779347531,0.1165736228562605,0.1086434626383087,0.1111776010764998,0.109620356927498,0.0931946407717456,0.2138335937417894,0.2707931167262996,0.1921998097355622,0.1251168837180462,0.235148271118873,0.205520687781525,0.1232132270400013,0.3721068202343118,0.1952770660980876,0.3776016765217932,0.3218477970077877,0.3514149229768868,0.3962720097014398,0.167798933159146,0.1135028274546034,0.2404879590357981,0.3811605639684513,0.3787419042725871
0.6774152440207821,0.6072162243312803,0.6042690039336406,0.4830579294424255,0.388548355174157,0.7039959010874995,0.410817796512662,0.5512597024497903,0.674852820020337,0.5234197795746498,0.4509856348154778,0.4922612246549329,0.434306353528001,0.51586218956444,0.5518435214398685,0.5173098094770576,0.5701226896655602,0.473451959308295,0.6365170208727056,0.5538727428825336,0.5638011298142374,0.5468085923160924,0.6638339114161171,0.4877303074041058,0.4467769720111832,0.4751006997339086,0.4754505858893621,0.531375952545607,0.1242819464982133,0.1109536446522371,0.091152050099314,0.094651267467845,0.1174389914204103,0.1015793204950073,0.114552303570782,0.1371526515182844,0.1162903163233484,0.1006063484898334,0.1071966961991205,0.100480532695565,0.0963865387961853,0.1098681969101704,0.1182781942235055,0.1058266493334876,0.1141677683607385,0.1011391671452258,0.1097879529490138,0.0798436137524014,0.1024871973713791,0.1223994816324691,0.1072445595524514,0.1044442180019438,0.1241020121170352,0.1069601544504838,0.1170051066030695,0.0974085447936679,0.1104038333250864,0.1134951685762981,0.0980744207564343,0.190922672660093,0.2903897225602257,0.2196503863442779,0.1562380776712034,0.2165464439550702,0.23349607364585,0.1025821169026386,0.4047350285916912,0.2162254987611689,0.4044494595672068,0.2857290037904249,0.3197989035042978,0.3562740141171074,0.1485041375271976,0.1296176253389271,0.1965835744090894,0.3836008940930905,0.3453583605214952
0.6912330633744805,0.5912190146984593,0.6643430921254848,0.4869235157015314,0.4102378857564436,0.7119838305812983,0.4502605226048162,0.5661437577470786,0.6598298169359612,0.5385593079778527,0.4321011244434465,0.4846940256309371,0.4083012452121418,0.5377623455457445,0.551273598636821,0.4777488519172546,0.5563125020165276,0.4831014551589672,0.6579403588427832,0.5965382271321316,0.5918367801557375,0.5833312406690334,0.6078569945997763,0.5235948841583236,0.46062499861855,0.5189684252730338,0.5077234217046303,0.5010092464336631,0.112819343199803,0.113588968563186,0.0920433658456479,0.1038685385845376,0.114423330775252,0.1056325404648229,0.116279284351846,0.1263351089578905,0.1145146648705911,0.0998772264311008,0.1208456023168789,0.1003099685266151,0.0989432127310107,0.1139671349284562,0.117143614852268,0.1090276666771049,0.1181961659273097,0.1040174683678332,0.1122011239928572,0.0727499165759706,0.1119959388216476,0.1194235510624091,0.1133428627069928,0.1030851323552805,0.1141241387997291,0.1101691898873501,0.1176908604522183,0.1017372465278149,0.1174270758566633,0.1130863453568593,0.0990493791337306,0.2238051306753687,0.28206244778344,0.2280051752717958,0.1281653857658555,0.2025286549485997,0.2183077362737199,0.0944802702404558,0.4311325765080037,0.1969299448223534,0.3469188155532844,0.2535790169522876,0.291858500165204,0.2862815912335347,0.1358750376563805,0.1426809169116772,0.2269683713893657,0.3442033658009052,0.279565263417412
0.6440186888762195,0.6384100848045505,0.5766926340981205,0.4595570916274034,0.4310218073214803,0.6657680609795262,0.4164816752034757,0.5653370498610278,0.6871025074681059,0.522567063618998,0.4316463615783232,0.4958656280233913,0.3988668219329861,0.5780490898567159,0.5001177677420849,0.4716627884287586,0.536668110122095,0.456581481094529,0.6430106429583551,0.5706568459963597,0.5913619849174889,0.5664067923695433,0.6559305736256511,0.4551652349748504,0.4891180461255403,0.486864853310744,0.4720702972513796,0.4306116205108338,0.1154747099260129,0.1089227722456299,0.0849058716755778,0.0976664766620642,0.1141815615083003,0.0992525911393113,0.1203780998510501,0.1268791378151622,0.1128282084877942,0.0898658635475227,0.1233642841711169,0.0994970769517696,0.1102172487296216,0.1056643994416555,0.1199356777773629,0.1167075667357683,0.1103607839185913,0.0946292413193859,0.1021169615443885,0.0744704884991299,0.1038010512334849,0.1152687737919765,0.1074314353522422,0.1071945388351127,0.1296408610631685,0.1121521526383187,0.11695115377091,0.1013902642863369,0.1065406155144706,0.1028215974406748,0.0968438228037754,0.2337312953197279,0.2748910049993296,0.208230626864884,0.1785891268676186,0.2175251364287953,0.1748088895384267,0.091657511724366,0.418131636807488,0.2123989791525118,0.4168277353669206,0.3225384397940202,0.322015292632463,0.3901302802384409,0.1595401676992575,0.107403110846859,0.2520599230632902,0.3144158564357444,0.4001582574913821
0.6805178885522641,0.5704206653823287,0.6354985217290784,0.4646993983555225,0.4361939112695698,0.7089715849132018,0.4519955385480418,0.5590087189260529,0.6837225399424449,0.5359472316125917,0.4343645437227215,0.4663519486379538,0.417750888792036,0.5332943508075414,0.5315830863303347,0.5003740621988316,0.5284637410926437,0.4935499213663133,0.641279679693531,0.6148939278902442,0.5958309444341254,0.5986483594262534,0.6475329190704294,0.4849165151975007,0.4643133220638484,0.5008752162788587,0.5142369982804738,0.477001021521819,0.1241857257838648,0.1081604978768957,0.105591414495907,0.0938572399800759,0.1260149529142681,0.1114915953645235,0.1177944990417441,0.1404494776955353,0.130864441937905,0.1120236139400938,0.1180050673720579,0.1149650716029408,0.1029562788272008,0.1142127820799883,0.1224351116077853,0.1177182832477254,0.1182905795371951,0.1069548421256933,0.1090831346863066,0.0971689153359909,0.1053199677155985,0.1150313026787476,0.1176064198838071,0.112432835818441,0.1226369344911522,0.1094189805844055,0.1174860959709686,0.1062440493944701,0.1178445377365927,0.1137767883626095,0.1065413095748444,0.2166238909696831,0.3108964471284999,0.2604231752980596,0.1868843041791953,0.2075924419777858,0.2596162684469683,0.1118454995135274,0.401136977852159,0.2236898225763432,0.4283288429970994,0.3158401741287658,0.3263027888369358,0.3767768265558527,0.1626294387711418,0.1821927994196475,0.2661602169188142,0.4018741860351663,0.3644656121054432
0.6213477156977474,0.5662307448356467,0.5783104510659185,0.4710442347496307,0.3931273443978808,0.6692858323012189,0.4296569028200934,0.5973565773909686,0.6699795085011155,0.5455084936449175,0.4312791547497712,0.4362302032230817,0.4265786607312752,0.5161337059584361,0.5272427877981294,0.5356101902201772,0.5618026572105101,0.4819694729356795,0.6601369456197861,0.5945545234111438,0.5904538839171498,0.590813966084584,0.6256628393062523,0.4994383144051794,0.5046003704503221,0.5113345456043328,0.4597402639164152,0.5220983217442212,0.121199151957381,0.1057414598639895,0.091774348450563,0.1000113655182348,0.1144767709827037,0.1045639584702415,0.1147308184505219,0.1242229997439773,0.1190076134508603,0.1014356994508724,0.1176677155167781,0.1012327704115902,0.1016287152430645,0.1117438587729451,0.1162541435686142,0.1035913174554269,0.1038766529375013,0.1054663669530307,0.106466860823236,0.0669307031886197,0.1085009434600552,0.1131695073810825,0.1114411945569299,0.107081835287332,0.1327489253874076,0.1096447334712939,0.1179454286828608,0.0992404539354436,0.1142152713158221,0.1105282831161595,0.0983474796852335,0.2453825703553957,0.3204194058791666,0.3822038747370243,0.1493469578381449,0.2289855077952811,0.2173366592030152,0.1386058942234816,0.391065400496917,0.2942098286837133,0.4030221928888901,0.3430756665285212,0.3686718453453587,0.4267707575451244,0.1381968385539948,0.1663117236544281,0.245994061943208,0.4453819512861783,0.351782921973699
0.6194023506697003,0.6074306213337443,0.5657909620504765,0.4797144421443791,0.4038701249280836,0.6408364877398693,0.4026740513525,0.5509504704675479,0.6442330703040208,0.4773321429719825,0.4082640544482789,0.4684347636316732,0.4045771230181297,0.5320151929846568,0.5197889720544322,0.4581706182550014,0.5315636628302554,0.4606513947957875,0.6285033728445524,0.5721602611466465,0.5609811192909909,0.5607978567406591,0.6147008448333338,0.4850296495019623,0.4511243938065048,0.5023654611720693,0.4476605508638465,0.4956169407495795,0.1201006707885053,0.1120834757736365,0.0873202552423058,0.1019381801688326,0.1142883962145062,0.103719793778597,0.1120554410550188,0.1261346082722442,0.1164890548768504,0.0959271051441409,0.1158969345324696,0.1045126531280153,0.1045914479095972,0.1136204634045464,0.1189072790000963,0.1031947765727443,0.1122963112753625,0.1002106774652164,0.1007062890755469,0.0741773558043351,0.1118186531882222,0.1150351768650805,0.1089793404744938,0.1009133912853533,0.113061983883279,0.1069963204213653,0.1156738677639103,0.0981100221794944,0.1065472804962247,0.107766489743457,0.0911686431624065,0.2133619302257563,0.2977970409926825,0.2615480419504579,0.1494853409474963,0.2068804033442601,0.2199907639836759,0.113078050986154,0.3919553472957712,0.2303924042672146,0.3428314596258069,0.2929671481641119,0.3282518288711222,0.3908958372731621,0.1505498053772109,0.1318351007327176,0.2711686591232098,0.4157031006230921,0.3472103525592823
0.6937098340890243,0.5833348037218148,0.6200510878851505,0.4814915192146876,0.4421206193727893,0.7214054449211817,0.4422363559276089,0.5541644179469816,0.6387706938442901,0.5592507976883218,0.4623920943373818,0.5525675087122921,0.4186061272969438,0.557048429369803,0.595670051512674,0.4785822652547447,0.6212902485581999,0.5135086931047508,0.6460214392456305,0.6147995552183292,0.6339036019710012,0.6236288719306519,0.7165578440015379,0.5177904174806834,0.4534264974179745,0.5426361536358173,0.5239692091587045,0.5062387268789994,0.1192495590452308,0.1138359139354124,0.0932558292734861,0.1107286404843161,0.1150645521770775,0.1023876335299834,0.1159437492385434,0.1336850210396435,0.1260541621568832,0.104391248628628,0.1198074959374208,0.1051074532928755,0.1067510183891834,0.1141294438560794,0.114463902384848,0.1027829522375487,0.1161903242783273,0.1061982896054928,0.1074254663290891,0.0801245818776472,0.117298519315228,0.1268361581054075,0.1144858366848191,0.1089348155189144,0.1381241745918422,0.1130973001976127,0.1201727770809509,0.1039325491987046,0.112588831298783,0.1130770759905578,0.0965353005155119,0.2243690122563716,0.3120659428025434,0.3912499550651257,0.1431337202726408,0.2155989029145244,0.2421986934568641,0.1252605854223171,0.3851831971579009,0.2492815053429115,0.3877791577431716,0.304880712705925,0.3534919081732284,0.3583317193465355,0.1642034008929675,0.1658483715114059,0.2659931152388625,0.4046483327812864,0.3368208531998384
0.6892720035048155,0.5834267284692258,0.6522182801661128,0.5002742599982166,0.4069830236001138,0.7284161999613417,0.4884754965659992,0.5886663798325922,0.6725946614050355,0.5489042922510261,0.4683391289444654,0.5383039408848822,0.4379049139817477,0.5438723447052143,0.5590489039134252,0.4727594637397639,0.5969226999791881,0.5323439759906369,0.6673523735366775,0.6233590054994201,0.6038665393946904,0.5887412102056474,0.6448649298870315,0.5275752968216744,0.5112586127169891,0.5301514867362234,0.494092898423684,0.532706711682736,0.1321824989031113,0.1189479668425557,0.1063416888156633,0.1113973451790288,0.1171136617934932,0.1092427329151042,0.1196793501764343,0.1358012382312218,0.1309984908811431,0.1109136711796117,0.1229018393215627,0.1058436069965127,0.1036706041344494,0.1174428591624961,0.1294089830751757,0.1034197317738206,0.1234108882905644,0.1129896976933824,0.1199710297000846,0.0893796608973162,0.1179143522711096,0.1274208854748852,0.1217281776129129,0.1183853820449058,0.119873611738274,0.1197499585751599,0.1306895462297937,0.1064887413934778,0.1212938652126573,0.1195833659999282,0.103236001933308,0.2104542595859086,0.2504840597272021,0.3376261614085662,0.1539332676633017,0.2147503701329811,0.2642213731857599,0.1761626904564244,0.4631483099535083,0.2616236772802141,0.3972353824153795,0.2774765856564045,0.3074568639897225,0.3493030967288895,0.1827985835261642,0.2118878568375581,0.2670530781752758,0.3858966770947244,0.3333034567105082
0.598017602471106,0.5383752990852703,0.5941049080887219,0.4749680716326041,0.3625638845005949,0.649752682865095,0.4551833675577414,0.58186449953581,0.613767596816511,0.4707882249861277,0.3404629773433719,0.3668837062112652,0.3941041995582434,0.4561885480270002,0.5080764651026708,0.4673016744997459,0.5069079527533886,0.4535195089237623,0.6371109457426474,0.5878877283334599,0.5442839497351879,0.5684491591704958,0.6280749520599744,0.4845719987662482,0.4641478495138839,0.4734768820534326,0.4497840616115455,0.4899731713657577,0.1227167823816973,0.1094871588956266,0.0858388453563547,0.089215009890275,0.1100929563641323,0.0942831362940999,0.1046462542846445,0.1290548212948322,0.1116183098005898,0.0941563024000761,0.1102321556101727,0.1022913813911336,0.0983896032807119,0.1002059306351494,0.1094821910738346,0.1056400156531549,0.1082490179418574,0.0977430563457656,0.0930870344343235,0.0806866857308513,0.0949966514783196,0.114572951831039,0.1018130892388098,0.0995948942371248,0.127222787436264,0.0993487503167439,0.1139104444022276,0.0913524982737595,0.1002806129457836,0.0978201399003326,0.0918444233136269,0.2439181836555563,0.3046680092117146,0.2656643043120956,0.1259430922978257,0.2088564387208425,0.2312651612810864,0.091853541139114,0.3643236029148101,0.2428111502206479,0.3904018928607304,0.3422659474009565,0.3361865868853888,0.3646656072292572,0.1409680828866031,0.1742689258344712,0.2534315536763121,0.3920583246707706,0.3217529763053807
0.6186577388953137,0.5627471500694161,0.5965599835994662,0.4977706048509018,0.3867400211162407,0.6649521930527388,0.4409525268337615,0.58043553240497,0.612964797706551,0.4932014864923478,0.4006326396974985,0.4902453420470045,0.3872063898893105,0.4939799177945635,0.5267964163098205,0.4448837382504877,0.5656935261983941,0.5011583124666278,0.6404951737510737,0.5844784541922338,0.5653611265283658,0.5086714840851646,0.6450808662936889,0.5036429537078404,0.4701626370455952,0.5054008423566032,0.4462369623586051,0.4344000017531721,0.1104171977693581,0.1041490549857158,0.0850491454072155,0.0973091253805933,0.1105949460543525,0.0948799157526682,0.1062336361096071,0.1154726451681218,0.1226526050882516,0.0923915162277356,0.1117193166767054,0.1010295538177153,0.0991591874436684,0.1062449707582485,0.1125756220918152,0.0987482517534548,0.1126796732489621,0.0993367142813742,0.1051316218185419,0.0728306149867165,0.1020898075874261,0.1232006499617681,0.1061010760647145,0.1031676297899595,0.1141067190153909,0.1040876268366718,0.1113984005785346,0.0930063350634729,0.105947204724607,0.1024042875861935,0.0936536696037093,0.2436117936361869,0.2975328096523348,0.2781431183176136,0.1370727438836548,0.2192766530907341,0.2495674502637915,0.1402627827928346,0.3948981939333496,0.2294170317240059,0.3793925290492341,0.2898776346019336,0.3214513157768284,0.3720991951413452,0.164306590715662,0.1987848094519641,0.2563529930310323,0.3661417356292139,0.2911059572706016
0.672610034684712,0.5988209657712814,0.5765457941844153,0.4942458329511408,0.3701507314676192,0.7182911159619557,0.4654765286932755,0.62331028553058,0.647172123484111,0.5240827228268493,0.4189177797880501,0.4548962165916782,0.4120732823216905,0.5609934566204124,0.5051261019576077,0.5070397843021985,0.4988699622173729,0.5116104548857731,0.6388310538949447,0.5997088480390267,0.6109157943703281,0.6262951872539461,0.6356737830823771,0.4865177248197985,0.5197857231603122,0.5432690456042812,0.4555676194412649,0.4850883129531386,0.1197997258268881,0.1000816089410941,0.0795381244143607,0.1004820018973768,0.1084893107941633,0.0965245800810833,0.1114687009653844,0.1299329926263491,0.1142890276393086,0.0963387927728555,0.1120331098722724,0.093220624442972,0.1004996125435472,0.1073283335564021,0.103974446776504,0.1053797463727114,0.1044083905670407,0.1038433430455775,0.101436254501151,0.0653932969210993,0.1019636546483533,0.1300178923127033,0.0995934369271211,0.1006820310435099,0.1315401326530909,0.1031398245857456,0.1092490134159971,0.0902684808111252,0.1102869619162323,0.1008947369221225,0.0837306188329289,0.2147619421306601,0.2589801852815943,0.1627907365148113,0.1193145394340396,0.2147247930288486,0.1885679675444184,0.1212777046797176,0.3733344202240308,0.2146441792129996,0.4105883891961506,0.3552259666853786,0.3873788026325843,0.459429362645516,0.1476779429242014,0.1208886821436616,0.2141182208363293,0.3171490088928339,0.3637420182737211
0.6046756498370149,0.4584648437399901,0.5112371766605979,0.4513379337569923,0.3674031911195551,0.6453650094347683,0.359390764973198,0.5271415109743353,0.6351773033039518,0.4635667344794386,0.4014996283278595,0.4848364335488813,0.4095018299730198,0.4916684724645048,0.4962360886036613,0.4551169229838459,0.530194212902349,0.4300649188182931,0.6205365952239759,0.5396249943464665,0.5522748605138453,0.523680592557821,0.677927796660077,0.4739581604715119,0.4386899001104781,0.4846798901577748,0.4361300157345198,0.464547009500671,0.1174567941295847,0.1087837384173927,0.0952847179653301,0.1047246750579133,0.1079056896709089,0.1014711903097559,0.1076098356421458,0.1313961753153048,0.1276641554144914,0.0985020267234473,0.1091607723368615,0.0957993721082787,0.0955247893728194,0.1066405862113425,0.1146355365988868,0.103928440456471,0.1048414741364508,0.0997298126405688,0.0980534842428518,0.0738196724573247,0.1018680899174239,0.1116541568123587,0.1055454312128917,0.1041222018084741,0.112659831217232,0.1103332973073387,0.1169699065329117,0.0974068874044308,0.1091003972969276,0.1058845352494417,0.0986412472782104,0.2084662533981734,0.2764719499168991,0.3592685867566615,0.1506168067374306,0.233574273318964,0.2244820274034633,0.0851309168895687,0.3527670177102491,0.218982584934031,0.3958158208961375,0.3092403572777079,0.3753414196396096,0.3714912046988804,0.1215579031301396,0.1987481693841813,0.2483112192725061,0.4239885800336668,0.331462959633336
0.6210788629952002,0.5507472968763776,0.5639351756611002,0.4883777666146356,0.3786044991269535,0.6832470047415259,0.3926821865673213,0.5902446149617624,0.6664802751334788,0.5156769919035668,0.4204505358146326,0.4660953086499347,0.4111885666943472,0.5336264757354696,0.524107707285157,0.5062517614081021,0.4998067512220144,0.4774882206219086,0.6375309943443155,0.604485715858875,0.5896935785912396,0.5675313193801693,0.6515178538334909,0.4596094924014203,0.4390061128116898,0.5043058426999489,0.411941296371295,0.5224014334986037,0.1104955601632186,0.1048411938075111,0.0850731253465019,0.0946801755805046,0.1138807165106098,0.099451265233952,0.1081261879331082,0.1210725788295739,0.1220479849122451,0.0949730490492617,0.1139489760994103,0.0944665318657862,0.0977041725400574,0.1105554573384169,0.1113656909490672,0.1059702878059261,0.1074085190338499,0.1046271651717247,0.1028346135564763,0.0757503235597222,0.1054535619989017,0.1170873193889677,0.1012788955480364,0.1048043185608905,0.1240472451234378,0.1089560240543884,0.1158018109911062,0.0938565219233402,0.1088336109853012,0.1054633298992032,0.0971614976268577,0.2211357536337838,0.2945785205606576,0.2469126755050544,0.1212979464817417,0.2144191728263385,0.2262128461169217,0.1052690269277682,0.3628728047029895,0.2083421455981339,0.4051469030641559,0.3263017914383798,0.3465633485877352,0.3669459402561187,0.1559013382635182,0.1867879335233727,0.2813520626773765,0.4034806109311287,0.3602546989296873
0.6459732633478501,0.5580554956363307,0.6024055673512902,0.4846249986565354,0.4499931625629726,0.660900455726459,0.4449483926687497,0.536447918682901,0.6350575806152922,0.5259852156401881,0.3820546249777031,0.4470446738993793,0.4310369381442182,0.5304882933851749,0.5229164811624539,0.5038031742044593,0.5458783629790758,0.4564878156829833,0.6330792014157068,0.5835648061668872,0.5826554186116935,0.5697622196059611,0.6108939423187799,0.492684280462049,0.4418315253219019,0.496864113361591,0.3933998728999393,0.4968275487217367,0.1209674739322516,0.1096623719829966,0.0961764192005005,0.1083547531833071,0.1095761868350935,0.1030875631254739,0.1106717394694211,0.1286862668975537,0.1188797705878396,0.1039354510365573,0.1182301335271892,0.0971783603066201,0.104822229671639,0.1096186022771307,0.1205842609288058,0.1061591488581509,0.1148236804295031,0.1072706741638708,0.1011246495553053,0.0854995478604557,0.1070272542209093,0.1237695825932496,0.1144591294982484,0.1064091060346422,0.1142174354859403,0.100778821295342,0.1136709069865296,0.1005542518786338,0.1136859384259188,0.1072734876663798,0.103023592556135,0.2239151748112983,0.2923868479327884,0.2443615632708069,0.1536125265992414,0.2247552549727252,0.218914508707422,0.120104316444624,0.3892030374146998,0.1961088354023081,0.3715494912026859,0.2771634993757656,0.3233612454521495,0.3530599362738839,0.1628282528657179,0.1344637656878311,0.2265604083592114,0.3623003023731139,0.3509749972785161
0.6481578242911987,0.4846873806332642,0.5846649841306631,0.4403830538245279,0.3903965357363418,0.6355941260732946,0.4139383826309289,0.5620778177194254,0.6190903109276764,0.4923079199053911,0.3729523007334175,0.4541879536952034,0.4243909861537294,0.4969849381526723,0.510154393574886,0.4778059297370629,0.5835411929780447,0.4718596663067668,0.6366445809647565,0.5255323850312607,0.5587248560419315,0.5080234105705602,0.6765088090733934,0.5077369430585082,0.4663038217070852,0.4868554250257016,0.4144031129419057,0.4559808754737962,0.1224712249631323,0.1104147286345469,0.0869573567785239,0.1048050510455412,0.107439481577153,0.1007731256660283,0.1090093573013336,0.1211737865388618,0.106333810999148,0.0971799883211218,0.1142028691316553,0.0951520418674985,0.0966986995085355,0.1108904132022539,0.1102507518329434,0.1116447799448334,0.1103389385409813,0.1091307371171649,0.0975201484142796,0.0701601722350379,0.1109868455358201,0.1061123419342046,0.1107891201897981,0.1033521362415326,0.1100846376850835,0.1117764742108271,0.1211432480803191,0.1022158227753712,0.1140944649701951,0.1112215834274634,0.1156240789351711,0.2119919846217273,0.2651647327867137,0.2851499429061299,0.1408516710653581,0.2176968513502395,0.2014644048734835,0.1422903324574135,0.3998028502084206,0.2115911424230291,0.3637549818244198,0.2650505360804881,0.3330746588833404,0.3775720088964416,0.1859091378748416,0.1784643584166716,0.2486983970985158,0.3864823859721005,0.3095376245609242
0.6507351055106374,0.5128202156888114,0.6368765824614956,0.4562538251799292,0.3833512306348536,0.6869515142176573,0.3944926573352912,0.555815886298062,0.6436574679207991,0.4849717406771785,0.3927503443322085,0.4897639572840064,0.3748755733945454,0.5043059275776738,0.5380574986788036,0.4679893287357253,0.5240442027845558,0.4654628486133517,0.6050564974201715,0.5493833111351165,0.5516733108567446,0.5445063549902542,0.6045688759301092,0.4418772543879768,0.4251402066050586,0.5098671093290629,0.438230455015391,0.4596311240880326,0.1129187979783112,0.1093374540741913,0.0930481906296914,0.1020964683068963,0.1078226717828278,0.096535657813711,0.1104023149448727,0.1245562994894062,0.1292779309400125,0.0990400292097754,0.1067742313058926,0.1020147300471072,0.0990856573995729,0.1087052268783178,0.1050025801386006,0.1025476462611962,0.1065467997610929,0.1090769615132997,0.1063048558072358,0.0754920105161406,0.1033886628094455,0.1252756175405903,0.1043847540940671,0.102944710553112,0.1104656176163353,0.107207580855425,0.1174666314776438,0.0937393349049937,0.1085314311768182,0.1080395996216573,0.0820531923089792,0.218750787438091,0.2726179312795854,0.2060841458614951,0.1563732756904982,0.2037080150955018,0.1759197898218832,0.1160468921686211,0.3828716859014497,0.1914222151917759,0.3531887890564071,0.2757624479856715,0.3077093424659873,0.3534054668620228,0.1526485384397563,0.1107271959296136,0.2067886946374898,0.3355990553704591,0.3274835572339767
0.6517763030481051,0.5521033343709545,0.611893139030966,0.5287330796291764,0.4414860120909736,0.6960155969901142,0.4269808614907749,0.5621817878021499,0.6097998997646193,0.5424540736322849,0.408809985637711,0.4738949475532625,0.4040540665102562,0.4887546056315623,0.5113171340989989,0.4753691886527337,0.5433480369703407,0.4784103313437188,0.6242719769643209,0.6010104147692971,0.5904576141546267,0.5509557747856608,0.6508495303664852,0.5020327642293411,0.4312846089848379,0.5316370286564094,0.4726010287704663,0.4870557022946221,0.1133009724212042,0.1051817996017659,0.0934793135152138,0.106585378155579,0.1108709562322264,0.1002834779866989,0.1106918863002877,0.1207281182201034,0.1137994401070681,0.102886042741416,0.1109850069932337,0.1021680696307578,0.1074532651417275,0.1080570150626556,0.100875507939968,0.1102511518425508,0.106968947069409,0.102944452255947,0.1006025594771087,0.076017782140491,0.1018473662711994,0.1220420195560613,0.1054948914800736,0.1022970305825888,0.1229704752312645,0.1043232838685636,0.111735305068161,0.0983264972521419,0.1095545909825987,0.1056744359259841,0.0935813848360865,0.2968045884372794,0.2939578973067431,0.3002252886092091,0.161162268896252,0.2177166178530971,0.2493117409404373,0.080248746369034,0.2959376808050505,0.2181563087670988,0.3751466840890974,0.3220784137598597,0.3476681099445731,0.403354999423027,0.1685328900814056,0.2182069398824344,0.2567281196505092,0.4072621494265872,0.3430625959379332
0.6304481028818065,0.5221469109808957,0.5894696691064607,0.503852107938577,0.4290203495302062,0.6680383570215226,0.4759311303313912,0.5651963482255546,0.6331785812756027,0.4653508199276428,0.3857614966539643,0.5023939202601875,0.4015639050509279,0.4995807556986533,0.5666282359614578,0.4955297127488025,0.5720335013507044,0.4736293833365385,0.6239462822336272,0.5584749908423514,0.5791382549041588,0.5280888642992634,0.6553836135804971,0.5101555591836595,0.4683358206024337,0.5122872499825977,0.4717548078313739,0.4839352825401092,0.1162790887561263,0.1114019675923529,0.0928880559281758,0.0913535243924984,0.1077838685366422,0.1043786158007116,0.1068384116727482,0.1223064373509553,0.1184382276597306,0.1002529844609791,0.1070830891963445,0.1035884111161413,0.0885711080084185,0.1050362866408554,0.1155743081527433,0.1094039540222954,0.1080812502389708,0.1057173288032305,0.0970327878554388,0.0763690806492109,0.1077730565768847,0.1115542782450704,0.1073896544936343,0.1078050223528139,0.1248725990981413,0.1042692046766731,0.1146654255240166,0.103041688189066,0.1092746141648549,0.1081903472321822,0.0966348434184713,0.2268923500771908,0.2246365714681781,0.1891955563426017,0.1310345542176464,0.2158556159963552,0.2008386630264031,0.1293299550544998,0.3567560120211102,0.2006835543663589,0.3280528799172431,0.2416842091030308,0.276518220742568,0.3698752150616862,0.1307197736265758,0.1394312904120709,0.2459736051323323,0.3231970585788352,0.3277645905135729
0.6749401651830949,0.5683019092679024,0.5907822042861353,0.4772793859029861,0.3685730340681514,0.6983760716727531,0.3939029506513114,0.5691076671243579,0.6362013065840444,0.4822405925541798,0.3864887135584602,0.4366365956286741,0.3998747608704566,0.5230191483047717,0.5343036140979025,0.4824749365342136,0.5086447055152064,0.4644424033479651,0.6378521750911804,0.5690843680846158,0.5558949824278983,0.5601255081517574,0.6231962530898179,0.4593979501796164,0.4618104540569134,0.4829427755448484,0.516399635659297,0.5117959567966561,0.1226173800835428,0.1125130222711064,0.0915580678813569,0.0934198678812761,0.1118523807952684,0.1054759357719965,0.1125209365944419,0.1302408314774499,0.1174495984334398,0.1030487554709793,0.120286350469131,0.1037977287482753,0.1032958637024376,0.1110784479078707,0.1204434431642581,0.1033585635701927,0.118583626429026,0.1047958531842161,0.1092049108987676,0.0807846339447918,0.1055112644930587,0.1257484751605962,0.1121199251356845,0.1038328787054617,0.1325515435981465,0.1139263638537968,0.1180918066333858,0.0989861369230931,0.1089316662548892,0.1081135464524702,0.0928551695975587,0.2250517329216455,0.2878070168907658,0.2684523186608071,0.1569659746275468,0.2059965111974171,0.2058855370506501,0.0929570478683972,0.3656424994834444,0.2237592186897046,0.393744545706281,0.2748732334078569,0.3043048789813405,0.3637522573272387,0.1899955073992411,0.1590845112404171,0.2677867564045646,0.4119760833341966,0.3426214605293891
0.6778008346626919,0.5690666948660061,0.5668916165903071,0.4523134683138163,0.4181941295432489,0.6813747615875752,0.4232931766289165,0.5435460616983034,0.6631285264763467,0.4624600610690851,0.4091519541268659,0.5434488188809362,0.3916488401137703,0.5553355326658915,0.5446533136257472,0.4212904453019458,0.5855629886596828,0.4782464487058906,0.6646268727420959,0.5692926873703985,0.5739398150382888,0.5406942037174114,0.6066454144060733,0.4931878821262014,0.4638520989088496,0.4769031644159809,0.5151836739882307,0.4824809906955397,0.1228365232804119,0.1098658737829206,0.093974749640368,0.104853511012827,0.1155075948390193,0.104874638223418,0.1147570942390838,0.1337424064407016,0.1223332290602626,0.1016829738016663,0.1179531502998214,0.101070933180493,0.1003743993459244,0.1107490771213429,0.123146697604055,0.1057551231298055,0.1134699757278282,0.1095015492059137,0.1101089738954076,0.082014763896646,0.1092380052485388,0.1171412542047985,0.113873649776,0.1062505310988556,0.1161334689690201,0.1115025113711501,0.1136589724807319,0.0984745576011897,0.1143965562062759,0.1099869487038215,0.1015526755299762,0.2213055958118709,0.3238250314516211,0.2271900230247263,0.1525970438134941,0.2014472344287123,0.2195024610965213,0.1026867518884054,0.4563811376569717,0.2165336535124318,0.3900363126887034,0.3396087818581498,0.3400937300061852,0.3170767188072204,0.1514704456337942,0.1422479136983456,0.2314383951129346,0.3501680882661444,0.3327499068695339
0.6450835197056093,0.5114552742033674,0.5494449314176845,0.5259971757331201,0.3945712810346835,0.7156783142885842,0.3919646213723964,0.5660465346525421,0.6637805402409855,0.5402513353512876,0.3927260208045682,0.4809964596371863,0.4163392918015514,0.4850000259350937,0.5228450121672219,0.4631493214200641,0.5786204743182578,0.4650926105866184,0.6629206080575716,0.5796363722493612,0.5831246499614204,0.5414142636004704,0.6856042095927515,0.4742158973325081,0.4334079166001698,0.4935257707281116,0.4319125170527834,0.4447612148967195,0.1219544123520539,0.10343024776982,0.0848683380516397,0.0996007019080673,0.101389158876139,0.0919140609262762,0.1010026364473322,0.1175907285295115,0.1118245580296899,0.097171701324887,0.1097091746696011,0.087772629703802,0.1056751033735767,0.1050403640680042,0.1067552334332174,0.093657923271654,0.1062392771380812,0.1155695469458307,0.1069892735831902,0.0702511381313186,0.098286914363509,0.1312637116525916,0.0967265785347446,0.0999809563393962,0.1212061508379099,0.117077146738829,0.1172899745465409,0.0931552732762578,0.1050759316207345,0.104327942710067,0.0983136784766177,0.2361824055287966,0.3237887635509866,0.316926845424361,0.1527598260226286,0.2322969919081398,0.2325820321246156,0.0920018337090455,0.4095331084506467,0.1813259099191729,0.3704051913379074,0.2716213843127708,0.3269533641733765,0.3729119884116308,0.152247072744464,0.177068333471827,0.2445931869726654,0.4242611909476228,0.3362110440631529
0.6861963310734214,0.5202592587521097,0.6351500263591048,0.4764259586298437,0.4375758700985081,0.7314912516278926,0.4435316399134184,0.5580633266403521,0.6786241706299887,0.502272012862391,0.4707432874674627,0.5328846156287546,0.4192523831846312,0.5853480704475775,0.5427039008513077,0.5524286210374264,0.5737965261328759,0.5181937235178454,0.6436968592660162,0.6204621152299026,0.5882974014624169,0.6050800919891717,0.6498591042829902,0.4820799854732154,0.4589297588032243,0.5298795033762608,0.5116679518824789,0.5219641056501453,0.1128036278798738,0.110677177180176,0.0903205145320216,0.1054947625105855,0.1124388040815541,0.0935313211414929,0.1153353114968243,0.1313227672629109,0.1226662340141116,0.0975257764396651,0.1162098365725654,0.0982018721795381,0.0941454138983865,0.1090971347784503,0.1215016278199393,0.098658810314881,0.1129013245678308,0.1036237987813442,0.1037811343306293,0.0750402113656537,0.1134376759776748,0.1096452306137315,0.1103067752891692,0.0994705025262251,0.1080778447557511,0.1032873628124595,0.1176773537043369,0.0959720164218762,0.1059606898621847,0.1014186764296779,0.1014662998369079,0.2242994205030442,0.3094008696724583,0.2777391158182312,0.1521416639688807,0.2129075981536531,0.2180910256954711,0.1589662527750714,0.4543941680614541,0.2198456191590853,0.4731383442888373,0.3443870455139514,0.3947097096683049,0.3834021762981043,0.1865109351153175,0.1418070166548287,0.2617410397171,0.3848278276034091,0.33162981492439
0.6533148302768892,0.5477643726714726,0.5880568678152371,0.4866591727947397,0.4342415668669238,0.6727130061880515,0.4236800742735704,0.5412996744798708,0.6663423467838996,0.5389108650450831,0.3886483634206599,0.4616737704695802,0.4286687652582972,0.5080613939319285,0.5325072919734467,0.5147791308798889,0.5093668196704269,0.4949514916780219,0.6490267493368511,0.5890676513926256,0.6039414156652286,0.5813351393498547,0.6444430280143965,0.4780064713934333,0.4223869982334239,0.5092919345781715,0.4317483533367904,0.5093930054162377,0.1099300084293779,0.1097821291213632,0.0894330700695314,0.1112348727707996,0.1090136147688136,0.1027542682984564,0.1150313737171112,0.1309687732447272,0.1222087208584796,0.0933166693296823,0.1243618780159593,0.0925310799117721,0.1171602086194512,0.1157578531049554,0.126498512524158,0.107384804322324,0.1116467167487235,0.1075750722969588,0.1024544343075837,0.067753760158361,0.1112916855482491,0.1032889853509742,0.1099781327008759,0.1072861857518645,0.1345648409345315,0.1139747987143136,0.1222126376308368,0.0976842039122725,0.1189579165808366,0.1076848674324672,0.0946897220655104,0.2365013312506103,0.2579049180837565,0.2068170910835452,0.215974532545377,0.2443555129566833,0.170105142632416,0.1278074162504861,0.3825944753147403,0.1905041216895533,0.3924267858856786,0.3290652743965184,0.3709347558134694,0.4135013293304475,0.1429221131838857,0.1263095525240427,0.2290285897129642,0.2814701180050679,0.3683911530598803
0.6734007025546933,0.5898864464627371,0.5869531591026589,0.4450331261876185,0.3831770685501396,0.6756049208445574,0.4551369386062784,0.6217154210507443,0.655244787707737,0.5154590286369215,0.387042818444344,0.4512414552813362,0.4034101072038503,0.458991554070759,0.5606871787275994,0.5180508628496339,0.545982177725217,0.4833597711135986,0.6445373934787368,0.568365452842326,0.5619960563605035,0.5281973830077189,0.6481546227217372,0.5174796378370827,0.5096326346881765,0.508918348472949,0.5127524059066505,0.5283433130345587,0.1193297179295002,0.1099105905371376,0.0905836594871388,0.0975174691713351,0.1109957046478828,0.1051312734633174,0.1059949157693712,0.1323565887194629,0.1201246873884286,0.0943827932328524,0.111784652091944,0.1005906907107349,0.1030713722899721,0.1083968814359397,0.1123445670110232,0.1072902387956505,0.1146807544137765,0.1053523038679137,0.1037307782372682,0.0717336622311566,0.1015360395316012,0.122630359070159,0.1063743445126688,0.1015765862882306,0.1342095009632049,0.1006212353990524,0.11556762857585,0.0968503720205733,0.1068318136616553,0.1064738854902726,0.0976445617948225,0.2612335320710551,0.2788127761953148,0.241573579959256,0.1342332099139483,0.2300539917811044,0.2178703766583495,0.1295713509898632,0.433498338162899,0.2273986235820316,0.3479304685140455,0.3127520442143217,0.3147355858995094,0.4392821107591901,0.1983404550287458,0.1411502920836209,0.2569064552324409,0.3317660823455218,0.3283090096274371
0.659302875303224,0.5029506189258475,0.5902271228165877,0.4828595842073063,0.3921710845963198,0.6651903985121712,0.4521058456072379,0.5446422927280532,0.6237591722697923,0.4520914253813111,0.3979191508270639,0.4871390627454843,0.4081805154352943,0.4739722277081866,0.5162503777536979,0.4972295226673829,0.5135943491086277,0.4883289171104044,0.6353364327147137,0.6026366117380458,0.5928370289472022,0.5732165610815885,0.5846837790300831,0.4958237073934661,0.4818963048231057,0.4875758933930095,0.468701987843609,0.4597846861908574,0.1178203778763825,0.1186063633516718,0.0923144213755095,0.1120529333541984,0.1066064691032292,0.1080641668318847,0.1079882696514551,0.1294833556132215,0.1213937902690931,0.1082462753386994,0.1134388498242606,0.0984365990797174,0.1018053090303173,0.1087985393675962,0.1113287740660532,0.0954697510025338,0.1221267595692811,0.1077348665765363,0.1013536974817001,0.0711944792709416,0.1169596446826782,0.1196294588426623,0.1171308424189564,0.1053225919722053,0.1121177422611132,0.1166240783562682,0.1261577609815292,0.1061185098474131,0.1128272839232393,0.109835394061368,0.1047360798765686,0.2922530887785602,0.3119973540256922,0.2559855595530792,0.1378151185530178,0.208047030118938,0.2343160595223531,0.103015587828122,0.3176311462287076,0.1595342735909825,0.3390334591918597,0.1907771455449244,0.2622702916036074,0.3626333694708974,0.1771377387146155,0.1808814366836365,0.2489368622388265,0.3646908410910507,0.2575773960814628
0.6104113184630248,0.4769590158354152,0.5394402648544028,0.4833127531060658,0.3831735662438653,0.6872680752187805,0.393435201542188,0.5427450944024161,0.6108441755604108,0.4804828368177334,0.3907081285112945,0.4470174116280637,0.4059075585145536,0.4798560660032148,0.5199779745411134,0.5002000853844752,0.5359676400534414,0.4342345366011293,0.6325669532835965,0.5664952539272773,0.5708106828027519,0.5224433995565696,0.6390173471163783,0.4689545110306329,0.4214760456035472,0.4857778365804401,0.4613353766624245,0.5251861240620874,0.1232725230294952,0.1083719050232672,0.0884653413115992,0.0948861364957669,0.1123230923050843,0.0991533018659367,0.1102027365143975,0.130320301400288,0.122235735575751,0.1011088232945533,0.1161785939367262,0.0974003578586396,0.1089710612973185,0.1058355489476873,0.1126300654758254,0.1100789172671111,0.1198155037063553,0.1077895979232181,0.104415615172047,0.0712045868759967,0.1000456312512252,0.1192257811743253,0.1048579856451923,0.1037031602192071,0.1323834452056191,0.109664236520197,0.1181187089149582,0.0920179666797628,0.111046465988132,0.105127806365571,0.0968416221188128,0.2041357785962737,0.2755095048965003,0.2497254617650199,0.1497454049751428,0.2324745741936214,0.1948600575330483,0.0858107342456395,0.37372841358717,0.1787107471110565,0.3309929724196967,0.3414365463801638,0.3732111031810442,0.4149730590482552,0.1167367882494415,0.1157570721012436,0.2190064452325616,0.3890990107453295,0.3201737187817873
0.6414530831658551,0.3632955092005431,0.5118666851829757,0.4571238508586822,0.3570932968171881,0.6918882675646618,0.3870287823948366,0.5400809192762048,0.6312168943344388,0.486139314105628,0.3380195628594564,0.3891399730875788,0.386645600338213,0.4895994710570124,0.4512072527555331,0.4092377809868774,0.4092085693476008,0.4540419358657896,0.5829147233952282,0.577030539343083,0.5687581056757994,0.5601323755667207,0.5856869011022676,0.4661017618631355,0.4521788674898035,0.5013817327997657,0.4059593548188872,0.3833066402919264,0.1319872027982539,0.1065240326689328,0.0871233811734285,0.0987778528870244,0.1136967609497867,0.1022871906535478,0.1170106848706198,0.1381907387601415,0.1364787994231684,0.0952291013804713,0.1154597695800303,0.0992109223167082,0.0994221614986015,0.1138772812869802,0.1213466135389673,0.0997621006373806,0.1151483834207848,0.1002930636263439,0.1001603063540554,0.0713290557832232,0.1012684022420652,0.1214493031219964,0.1079537315599903,0.1075609007437077,0.1367939787041898,0.1053501926134936,0.1190249724080323,0.0908105495921653,0.1115087966408223,0.0981963762484597,0.1030533799080286,0.2093503351357614,0.287065619310098,0.2182787892415181,0.1606905055294104,0.2227113902997775,0.1527185077993376,0.1094397780926603,0.3559048776316674,0.1923233478819616,0.3855987748503684,0.258711630385966,0.3044992958764648,0.3450744043142474,0.2067478419366207,0.1049153785686648,0.2122690664216681,0.3565152769890716,0.3079467098542466
0.6292946030329999,0.5160045094454466,0.5620038837194443,0.4953042606945816,0.4285639002134925,0.6621069653538282,0.4073723874873405,0.5518971354759459,0.6565228454192386,0.5000136043052691,0.4775004984006444,0.527736083162881,0.4287459181918593,0.5133061801937402,0.5643350747093391,0.4780664738599419,0.5665186587053049,0.5363981253789238,0.6433993946565341,0.6041191611866628,0.5964980285134924,0.5587038098400021,0.6930516099898982,0.5118084189825404,0.4421142362458229,0.5150676620486065,0.4759594690499465,0.4617684668905678,0.1293470105642,0.1115605619437976,0.1064975823534538,0.1145695561027948,0.1202333534573643,0.1093454038779264,0.1122068807632963,0.1294217808037259,0.1228598524728192,0.1070245528209554,0.1152581399058462,0.1164012616279017,0.0990938138750168,0.1119443677545302,0.1142480385473453,0.1279589283085333,0.11079775499392,0.1173729609942259,0.1104037700880749,0.0893630260602543,0.1091176769513907,0.1272080621704246,0.1129962841776721,0.1171549380238645,0.1245557985239225,0.1157971934617761,0.121211483524388,0.1054435415935339,0.1138919369597346,0.1159945221583588,0.0998818259262644,0.2243124989519733,0.2926931802110147,0.2848374801546786,0.1627868286490552,0.2437059261191925,0.281793379996577,0.2085485997420728,0.3802241611190967,0.2082090844229167,0.4466612093537658,0.3252766675744685,0.3883063948938045,0.4168379533858526,0.1136105379089712,0.2076426818513144,0.2542680016348755,0.3946850770060389,0.34607774293586
0.6745707730829985,0.5999638663955255,0.6055976032466582,0.4691579509056484,0.4041018199037622,0.7187616167030161,0.4455290561589782,0.5433980888970609,0.6784606146210208,0.4468284234443689,0.4268884321804913,0.5104144961689938,0.4329103101338184,0.5556563309479223,0.5561907862889975,0.5018017320163078,0.5787055979716855,0.518704159767308,0.640576435701593,0.5897706594733237,0.6232006403483275,0.6132438417407147,0.673383913688364,0.4983572417160457,0.4508371289164755,0.522591691979156,0.5186990830953672,0.4954851161727506,0.1106675867286185,0.1045861651402066,0.084995229381089,0.098727039150588,0.1085351703451361,0.0986941935648732,0.1105292524855227,0.1193767817592975,0.1200652182378113,0.0953201523544281,0.1053106470586645,0.1023717844199501,0.1044442902390664,0.1010506647390002,0.1123936583990061,0.1062991939130394,0.1053089406006902,0.1012038288596183,0.0972040683082987,0.0786487251513403,0.1029672307448676,0.1252943133795306,0.105276238581726,0.103359589435452,0.1326033605307112,0.1083869898481239,0.1152793987902364,0.1008341997784492,0.1016505356458276,0.1069237642839939,0.0857802505324837,0.2285254438618107,0.2636248906260821,0.2086798646906144,0.1782260994116465,0.2171079003070092,0.203938878678403,0.166097541572526,0.3948682647287136,0.1770274814985254,0.4085601406674536,0.3215589096775879,0.3713209043010412,0.4297006204724312,0.1720392769202589,0.097747800234247,0.2219449069506933,0.3599519627549955,0.3790460150773906
0.7085768565489377,0.5989905877546831,0.6372807013329468,0.4958748699325432,0.3983063729185807,0.7222516002378404,0.478132380986368,0.5679297293818116,0.6639977683449225,0.5197072313441666,0.4301545766480689,0.5350723197080333,0.4351374262770831,0.5315712712439208,0.5659927194748255,0.5208386472291886,0.6039504954631236,0.5141550907967334,0.6605576124060764,0.6209096439432991,0.6089022256810752,0.6191093454331006,0.6043308208605636,0.5004395048188124,0.4973293028033641,0.52240922293772,0.449053514947584,0.5168971822295731,0.1198477285044245,0.1131613454269466,0.0975334792048951,0.1065336750179409,0.112269107332611,0.104067598460011,0.109144551775785,0.1298951599738261,0.1214510747248855,0.1057841682612966,0.1154414118819697,0.1070835569456205,0.1007562549289842,0.1104708349372257,0.1192379643987273,0.105240436602897,0.1182010127971726,0.1129118118860963,0.1071584299286454,0.0859820910376642,0.1095859801371504,0.1252219233647672,0.1123383156344513,0.1052142917953427,0.1229307419376354,0.1058737498980296,0.1190852151394797,0.1018393080275456,0.1146466918542947,0.106867731177445,0.1018219905243845,0.2216227402549594,0.3156629546331372,0.2398649020386593,0.1362314952721526,0.2027233226423492,0.2414719054708333,0.1148371618395124,0.351874554444851,0.2431631381937529,0.38119544402157,0.3156868025056413,0.3077780904350699,0.3112343606172185,0.1395437151193618,0.1754148958007926,0.2558157299313213,0.3866917352393257,0.367619579996054
0.6055246722066631,0.4746987711415331,0.5044393318937161,0.4671923482167758,0.3828188673563275,0.6639902930768713,0.3286931618563187,0.5081645443143379,0.5968809651794157,0.4312506026126881,0.3741379940660307,0.4687467349089354,0.3832352769675268,0.491751914570029,0.4959174219256294,0.4609188639699305,0.511660505213589,0.4233565267218016,0.6222413377165494,0.4993962832296771,0.5508110565521864,0.5145034840165985,0.6028142720214855,0.4449184006094479,0.3955057062356188,0.431353698028769,0.3652961930571682,0.4538143431771599,0.1140396302445733,0.100891219074723,0.0941028428670818,0.0935939519293904,0.1075800349024037,0.1009908830828143,0.1072593268563754,0.1180516926880736,0.1192659948088949,0.0997054898531235,0.1105136047372346,0.1032530989215158,0.0987231837648973,0.1001459512623229,0.1233434459022668,0.1009807292913795,0.1044013202544931,0.0957611879018159,0.0937839485768183,0.0918662863255209,0.0997283588872986,0.119756284293458,0.1012874830119908,0.1073345071942666,0.1206902446923647,0.099551199623188,0.1071150487768708,0.1004512904750841,0.1044576579128971,0.1010769183344123,0.0929988909002759,0.2096369119935924,0.2968695590160254,0.2738413013793803,0.1572602354102737,0.2068288979206934,0.2073541637162481,0.0724647599068192,0.2864992869967612,0.171485562593891,0.3595114426370406,0.2474822979952607,0.3089050143731363,0.3853180688761529,0.1243923760329683,0.1697132399798754,0.2483421867345597,0.3643421424133926,0.3509287202148384
0.6224429192375954,0.5023265427185429,0.5882537780358363,0.5162917377535442,0.4364245162110462,0.7070156563702342,0.4182326292741127,0.5803555799380633,0.6734394855506814,0.5195940884751613,0.3901273556355081,0.5292588316981629,0.4031879167298635,0.4834794735628431,0.5524204626866857,0.5064666506608091,0.574149113435214,0.4636564250764454,0.6579976496282274,0.5365496462692714,0.5931318622483484,0.5477083118747764,0.675922097220715,0.4950552005471728,0.4915531710982322,0.499502636164893,0.4096999146628001,0.49646809226993,0.1248573727115604,0.0990041259946759,0.0860949375587349,0.0863102185354414,0.1068553902035233,0.0953952901917075,0.1014428589086684,0.1057780160234412,0.1166382388286202,0.0949876476131404,0.102107386944944,0.0899721095055646,0.0956971104516436,0.0978188476750048,0.1028464062291903,0.0934658843563812,0.0954653187704467,0.0964429683558027,0.0992696485819738,0.0817127053438299,0.0952611324134698,0.132457283416879,0.0980395692670659,0.0958562627878275,0.1127544125770076,0.1070421687671555,0.1188997117923037,0.0901011455874782,0.1003003586119381,0.0987617586467179,0.0904594721954006,0.232345812883996,0.3126792732319302,0.2842727417747179,0.1458347613523373,0.2294298416810776,0.2379784227196366,0.100101677428087,0.404764004999941,0.1900068496281353,0.4423527975619097,0.3071980851285975,0.3513997719806229,0.3772899927023578,0.1381004727445542,0.162249643725749,0.2775019792710533,0.4203515021156759,0.3645616277076658
0.6677229466114134,0.5613135368919667,0.6048344425770633,0.5018491169925838,0.4159516534306529,0.6853489158816548,0.4398678182726303,0.5512483317460312,0.640625274857394,0.5501432588957872,0.4451010072939108,0.4865367585646529,0.4435587707911674,0.5249769159061151,0.5488193392095263,0.5467497153829064,0.5230091399879062,0.4803024769436463,0.6367274515885621,0.5919280577041593,0.6022788342473846,0.5931543583932153,0.6170036831045034,0.4770953660099459,0.4678012540955457,0.4967162012286013,0.504555503289633,0.5446890495880915,0.1167482499441173,0.1085695742962008,0.0976200287441986,0.0973988801746443,0.1184316874257904,0.1021810312897819,0.1140239924495445,0.1299223465391908,0.133447006617626,0.1039884170852284,0.1234312815091017,0.1087996012526858,0.1066983259674841,0.1062279791751757,0.1205525939676492,0.1193392582153126,0.117301260595527,0.1127927340450959,0.1102856584655105,0.0845354052886722,0.1079735411363249,0.1146539156044895,0.1112210606804044,0.107424439165857,0.1246230039660787,0.1143171171487573,0.1142238403244166,0.1013856460202112,0.115398958749401,0.1030107761901042,0.1029220927465916,0.2811174603598692,0.3271077189413256,0.2510763196562363,0.1528231337680248,0.2265496150880603,0.2515646216329809,0.1212472642771899,0.3980563472765001,0.2221953788335502,0.3197981940117255,0.265174101446829,0.2953040660911308,0.3774806012709936,0.1152831031940877,0.2029085275583099,0.2513779472547805,0.4058100293368488,0.3608610637766855
0.6513436508293335,0.5688305545420874,0.5684612570325678,0.477579299793108,0.4067589419374939,0.6872556834898541,0.422494825059324,0.5908320947891283,0.6905293232135163,0.5093919261182523,0.4341558502408109,0.5315929345741837,0.4150581713480497,0.5123858705760391,0.5723047298223116,0.491845605362327,0.5954233583608409,0.4825730095654403,0.6276078563138368,0.5580349549995502,0.5514861328549372,0.5466849318180318,0.6509652005564267,0.4907470488438349,0.4750530572449283,0.4970669910980519,0.4746251067069048,0.468653913460122,0.1220205775172749,0.1048199986046468,0.0940650023405086,0.1051485449381529,0.1130729200127799,0.0931891392558456,0.111532450572696,0.124549083751579,0.1140387836985427,0.100149848259689,0.1116577494700125,0.103973666115159,0.0987808742532733,0.1011615905792205,0.1151729410991782,0.1135149693031148,0.1049159206557652,0.0951598937113328,0.0988814912187771,0.0696289247295322,0.1034566236842643,0.1203423101027449,0.1057561487232794,0.100160128724712,0.1214113923191609,0.1069877733987756,0.1128220851878393,0.0972618394309642,0.1061233198300243,0.1012683483410775,0.0919595231422384,0.2247739253082176,0.2907866672074717,0.234661656790675,0.1482886247413918,0.218966582643076,0.2172726500116813,0.1527914180520123,0.4391068563533898,0.2429574912377431,0.4099403509516263,0.3515011064899273,0.3595864810049534,0.385678119957447,0.1474359183572232,0.1325297433549031,0.2139689811209498,0.3663293179442115,0.3608957404774942
0.6492881634989298,0.5609302760826217,0.565706029487798,0.4740986647654552,0.3785302512347698,0.6872976812050857,0.4378778373109226,0.5600379566786915,0.6494440713582874,0.5311868734578982,0.4437013343387447,0.4690174241390515,0.4241083480228805,0.5302882185854532,0.5279002133559288,0.5341458717123198,0.5248863042656784,0.4973644602064042,0.6484880562878376,0.6054898936704561,0.5978338178841365,0.5961156661774364,0.6204881298262626,0.5036268737112712,0.473296454723274,0.5143675571645974,0.5027357919177283,0.5030634349373332,0.1115056138340631,0.1139700366644431,0.0906869828378937,0.1062543593475155,0.1173319757533665,0.1020300820155383,0.1198755424888943,0.1330709852570658,0.1184242440277111,0.1064363493980444,0.1215071008162258,0.104243144433857,0.0995314140285993,0.1185517020764429,0.1182496103262485,0.1183282561309047,0.1126882877617858,0.1124303025478025,0.1144952989560453,0.0785909666473899,0.1068970929346983,0.1120768175736749,0.1089071661174904,0.1059553827006173,0.1264880390516998,0.1099184057291989,0.1233249522735893,0.104818340929905,0.1178719727320199,0.111701419650304,0.0944550262657403,0.2490701355326507,0.2997196469857979,0.2612630324745243,0.2066663018869946,0.2328107465279358,0.2092024864895002,0.1744170034570353,0.4234091360502097,0.2228185995640914,0.3972743357315766,0.3366411970928311,0.3609015083738736,0.4279678892344236,0.1442578660945097,0.1226073264898288,0.2606306422382547,0.3612660833192292,0.3629800442215656
0.6788054083848102,0.5808125693808522,0.5844398433529943,0.4622044472425395,0.404777834003561,0.7179687988268021,0.4552505580930774,0.5829120752967761,0.6382336346646693,0.5169638218121222,0.4296688040186252,0.398712395493769,0.4002418923542219,0.5127750766895024,0.5506379767323698,0.4604014610035249,0.4868131485977479,0.5030251108557067,0.6349484729961095,0.6419867792077902,0.6041818952660235,0.5738359645555947,0.6140494786427446,0.4893796762473603,0.4698641969880193,0.522678775697768,0.5623237621565323,0.4656029297287929,0.1279965408637777,0.1096704907828768,0.0973485692167829,0.1170888089356985,0.1113881907123688,0.1049751521269417,0.1113225690187404,0.1259731417800266,0.1254679564830851,0.0949539659031598,0.1121944900294137,0.0971073008830323,0.099226865320714,0.1124540587222981,0.1208185581623529,0.1095550928702172,0.1168759136863759,0.1011349947731961,0.1006616821621635,0.0838855142028419,0.1037599651750691,0.1251036772200426,0.1124575190182578,0.1095064481553584,0.1284567025546994,0.1084079491379341,0.1173524146544683,0.0975735955264044,0.1106109379204126,0.1082677742214473,0.1048509096878504,0.2040696201271112,0.2850064714727676,0.1868825997683134,0.1997799726860877,0.2175442491066017,0.1602316945224686,0.0944386111686932,0.41381008438766,0.2186669187468115,0.3753846351536416,0.2971634333885139,0.3233032945984754,0.3555775520702203,0.1311758641774455,0.122035662272866,0.2471202884513185,0.3339976638066659,0.3716266698765814
0.640405914002669,0.6027784794569016,0.5952012875123874,0.4766315440597169,0.374725589381074,0.6905694439268474,0.4512193082134869,0.5698815307663299,0.6808576967755546,0.5214067858759308,0.4106532438203544,0.5028627553593694,0.4266334161561457,0.5201777200790516,0.5469285376852304,0.5065184547391528,0.5620166865272784,0.4799543609217324,0.6338968217834764,0.5853611910138447,0.5798077600268443,0.5869117779541523,0.6501474835732755,0.4815530583532248,0.4515288244099807,0.5114108960271141,0.4710616499722233,0.4979677776837945,0.1310468217795427,0.1054398570394,0.0889837357230701,0.0880246628819816,0.1134832638174782,0.1005941388201939,0.1071839547385276,0.1264093046749429,0.1224991219754028,0.0973308625971773,0.1125708410383372,0.1023060784783072,0.0965193173198065,0.1050374841926119,0.1210016389987914,0.1123401704695765,0.1070265260280889,0.110172841749021,0.1072484533946385,0.0660950694354187,0.1037761584554274,0.1180236868376089,0.1071680238081516,0.1024682539803679,0.1224905902083739,0.1057521849860927,0.1183425642367218,0.09396928383102,0.1050019546751924,0.1066904968820158,0.086704702153114,0.2000624506573497,0.279497627111838,0.2949082940148237,0.1580876281781905,0.2197315940561217,0.236485238559449,0.0812563692682726,0.3730984676220884,0.2328566751278498,0.4398064153016163,0.2992967498060819,0.3319313178459803,0.3729307431823168,0.123196051322988,0.1897002885916402,0.2497320975411391,0.388506305151561,0.3338076622163255
0.6742341917899144,0.59542234734847,0.6269382237024275,0.4890921334406148,0.414532216656249,0.7058168038514655,0.4216034802713644,0.5870319602744489,0.6712848474916178,0.4938269342032117,0.3967382599384613,0.5411187329244302,0.4013865880679867,0.5306882492104885,0.5644773807428731,0.4948668675266695,0.5934587498953918,0.4625258590385398,0.662699794744715,0.5828134681887964,0.60737859028767,0.5877067659865561,0.6521401352335598,0.4660693857571591,0.4844061749741369,0.4984425599262186,0.4413319030100695,0.4920079490649297,0.1278855540955986,0.1106280349007555,0.095043580470266,0.1059921023610971,0.1131721699387139,0.098984759587619,0.1219745292061024,0.1316874691803573,0.1198372125159921,0.1010006298672956,0.1187707572036591,0.1061437574676036,0.1018285041390009,0.1093684983025612,0.1231544612683085,0.1117929941447117,0.1115827108297386,0.1095251372722573,0.1027009282397169,0.0822651422437469,0.1133360607114635,0.1177725893540605,0.1071353374104846,0.1104485630955853,0.1198868416119175,0.11278810051487,0.1142242754106299,0.1009410000499079,0.1105006521778791,0.1081243187521313,0.0969322877575893,0.2274998275847881,0.3347015083116839,0.2935294752282186,0.1400040213121855,0.2169845600837341,0.2416418308814417,0.0910486974442998,0.3459816332473311,0.2093516365709629,0.4278593633576024,0.3205434104383999,0.3491904782788718,0.3611319644583596,0.2042255539979253,0.2215211198648862,0.2315469337636932,0.4040889218105989,0.3705786895006894
0.6185215574773875,0.4715718079959192,0.5468580818818052,0.4638996339933487,0.4333644539973382,0.6898514194863623,0.3745742550840211,0.531585130310881,0.5916767239968372,0.4797723100442247,0.4169321317533287,0.4533118237500004,0.3955364558104706,0.4995318546580436,0.5368641299889261,0.4341290795788304,0.5679419288742524,0.4923237222194646,0.6391244149204661,0.5319892184393007,0.5718440558960562,0.5128035587900293,0.5990907227376426,0.5011104607405557,0.4370548817358329,0.5157261852892465,0.4266221883227191,0.4338796909807021,0.119326099611343,0.1032772816413295,0.0915789268906902,0.0969382488667297,0.1048732733971718,0.0953196562218495,0.1055044861503444,0.1199164384491285,0.1088418404986761,0.0938265173798428,0.1103255059774775,0.0965699200905081,0.1014954225289951,0.0991656276668709,0.1105543706199759,0.1012940500612727,0.1059930017233732,0.1005942436558084,0.101812957507288,0.0740600448780925,0.0986196100665847,0.1205104265558458,0.0985747703826926,0.0997617741081191,0.122423845437711,0.113845239538868,0.114915670525913,0.0934795650339214,0.0994341318423635,0.1032091113431613,0.0833033729854348,0.2344521358569414,0.2824268998105866,0.2549396803868668,0.1700376126389059,0.212787251953118,0.2384899587102431,0.0960941967901353,0.3000180389273952,0.1940921407551146,0.3072834227219103,0.2429626497957441,0.3049536063183438,0.3290134507146748,0.1595607940107583,0.166958012020316,0.2233510989109786,0.3960577083790687,0.3400079744845747
0.5662649869613472,0.5108982332384409,0.5601567150464165,0.4957973777098375,0.3938044036428134,0.6324843394708229,0.3903019402926695,0.5508015401983845,0.6854087104754624,0.4799998132331089,0.4246416067293099,0.5289576500492251,0.4248844350839148,0.5225939128364671,0.5189826388739878,0.4805540011563372,0.5723998189500532,0.4794982084431635,0.6718258402582244,0.5683575450627116,0.6067521684591151,0.5835643632046242,0.6309204226519247,0.517480926048429,0.4274534802898354,0.4996755822591274,0.3368969846301335,0.4790104582992404,0.111701331854729,0.0993169074433318,0.085092361664479,0.0959332518493377,0.1023223331409472,0.0928285392201782,0.1007071188038575,0.1114554261840982,0.1074875366260042,0.0897399914822153,0.105722471767498,0.0922671301436025,0.0939892435513126,0.0983887371550528,0.1042410036053267,0.1042683968149429,0.1021603631124829,0.0930348005679181,0.0994929261411851,0.0643159772277891,0.0993523468492476,0.10588159969546,0.0980269975207078,0.0978353780964017,0.1053636316076212,0.1021062610809561,0.105078432042421,0.0927970347544105,0.098602165032577,0.0967694457220605,0.0849129020840753,0.2443832827107237,0.3167966969636531,0.2105938843318393,0.145262408893964,0.2291168152053137,0.2400530025720385,0.0730768882203847,0.396058836587207,0.1953344914554194,0.3766927448663278,0.3012017032681879,0.3571725521926526,0.4050410663088162,0.1492352490313351,0.1572730359952513,0.2721167585618292,0.418553714924737,0.3652423370455355
0.6048443992502172,0.5517717402615994,0.5461516043099005,0.4086879155404858,0.3533541442545718,0.6516040999384768,0.3767397746213157,0.5531742578507473,0.6467329359478193,0.4353750181585751,0.4100749026421166,0.4088773848585212,0.3807335045276281,0.5348424577805928,0.48138390601557,0.4405414262940251,0.4719325324420651,0.4453074018392755,0.6264721583938029,0.5566635480978359,0.5500121349824717,0.5445249410868258,0.5534974770721304,0.4652029393825608,0.4519157068489553,0.4740322990167506,0.4532229354777545,0.466330231811319,0.1076885830170339,0.1243327031804316,0.0886219239942826,0.0876446541224899,0.1116884331746395,0.0927809227115785,0.1003313529445896,0.111350421091769,0.1071189064197365,0.1125789460940925,0.1061182881770916,0.1039038090423744,0.0913535784856325,0.0903973477707452,0.1045620725019824,0.0980110798622916,0.0970331153497157,0.0869026302854231,0.0874634509861579,0.119040612140242,0.0900574366632707,0.1022432843373346,0.0953087657028199,0.090893266046134,0.1184102180573058,0.1029427785534392,0.1120776808850162,0.0891618149537887,0.0906935360499528,0.0895760980288038,0.0803527974608073,0.2186782770298221,0.2850579527203307,0.2330169356096419,0.1282834716211761,0.1959551565336512,0.2412454261372177,0.1241779341473288,0.4018942424457292,0.2088933844223438,0.3490760519608143,0.2934463839577074,0.3164201861677261,0.3976013516768431,0.1778017693154868,0.1596010745973949,0.2213845968168574,0.3922721363757688,0.3542266564607097
0.6708748354804049,0.5287430058507359,0.6676141184122795,0.4478110459717362,0.3854671500482649,0.7129147151721869,0.4379288503886737,0.5738339579177654,0.6572698881692125,0.4937001263814876,0.4043467103196202,0.4409600988749652,0.4077800586139768,0.4851968396306576,0.5132244135023944,0.4975961155430591,0.5441369036394614,0.4979343448766651,0.6790107515181122,0.6346437834776162,0.6116327764437035,0.6014415889161642,0.6721116205276881,0.5013680013888842,0.4830837736147987,0.5125835592554215,0.4121462703774953,0.4541144179691835,0.1118324954779537,0.1036332522888036,0.0804176120705097,0.0897983954093259,0.1022344414262608,0.0950210163889961,0.1060479460383606,0.1130211739516783,0.1089471305569382,0.0909742096101802,0.1063366025137096,0.0883822317227659,0.0910391653092622,0.1057266406858551,0.1092777293398603,0.1014505748747529,0.1115758890415248,0.0935565108427896,0.0969260585346453,0.0673021280554179,0.1050617342569074,0.1184024055220024,0.1037646617967234,0.0963553186752786,0.1109289926987141,0.1058900381038095,0.1100766507293927,0.0913102588990708,0.1048693330141452,0.1029453768529367,0.0818655927564856,0.2384323818972591,0.3031084993231982,0.1632692007158226,0.1293287209844072,0.2231002197076232,0.2008913389841715,0.0850216464893448,0.4095296824669784,0.1737877448599702,0.4214694126123821,0.3197997085204939,0.3562537835801348,0.424983431304258,0.1391534180088777,0.1555849829688668,0.2071975252990211,0.3819096926800025,0.3308929100659229
0.6883586302835825,0.6146157625175658,0.6193072203937815,0.465912929649146,0.3641819321148768,0.7391022979308582,0.4448463087798644,0.5933043059080736,0.6857430954219363,0.5295329581842015,0.4409680121442105,0.5170616349869772,0.4229662134028543,0.5382782127480792,0.5727036609396979,0.5111531816030601,0.6076823008255778,0.5041357953758634,0.6623684169501871,0.6247547418687713,0.6082760629488986,0.6082402542646334,0.696566304476447,0.497659282956804,0.4749490262098195,0.5136771155636968,0.5342657728084059,0.4820473529551571,0.1262761893621963,0.1114950093163457,0.0956212242951449,0.1133004270349617,0.113949843725135,0.1008061764187812,0.1104180921077389,0.1270345085739503,0.1359189240437879,0.1042857755888838,0.1192439131078497,0.1065285625244547,0.1082014979267581,0.1114719113589041,0.1138516881563456,0.1095321716510655,0.1145178987077233,0.1070440158697646,0.1095563759982185,0.0886064266909976,0.1072415686463518,0.1283528446782862,0.1123001830708521,0.1086238171989986,0.1300618426005618,0.1116139235386711,0.1201806265679866,0.1014734614079639,0.1099783682878382,0.1082269822253493,0.0936491871880056,0.2464701816953049,0.2993914901250691,0.1892024658715877,0.1770955254525268,0.2340711274562568,0.1907132994158761,0.1051755663240328,0.3795921284977646,0.2241753687283822,0.45773864569523,0.3700745656024736,0.3978197852501998,0.4252413117223316,0.1781443580393752,0.1271813441777513,0.2740771740049148,0.3557689805434807,0.406727793717044
0.6507133127262097,0.5193724723047569,0.6014837983689661,0.5028039432554823,0.4058926413175066,0.6949679769722698,0.4309671050084307,0.5787854953271624,0.6716487456505182,0.5349621680070937,0.4479817238044667,0.4864752422153724,0.460969552908499,0.5277474058423045,0.575359180656217,0.519171516023955,0.5589978477523894,0.5007058493451324,0.6644887323925989,0.5793677746505757,0.6132720804119833,0.587276979539278,0.7085548358653092,0.513380063512751,0.4589267653338611,0.5502672778642881,0.4333155704244302,0.5174082530072658,0.1255396082605841,0.1060048618105476,0.0903868579767479,0.0991843410648022,0.1212743348809974,0.1017927915399698,0.1187231137097722,0.1243366124482961,0.1129280432757348,0.1004256993678198,0.1218145162325834,0.1019582135324602,0.1099734254735781,0.1114847872191532,0.1170376141355424,0.1174911148819035,0.11109449155685,0.1020009318451941,0.1031436719593426,0.0825406497983609,0.1083095458455262,0.1167314511959243,0.1070401985670637,0.1037999462350827,0.1395364445546693,0.1092666497877679,0.1204767113395788,0.0972669343808522,0.1047752463111305,0.1063068840722885,0.0962882222139847,0.2260878467836128,0.2527094989274434,0.2667740767115149,0.1572691003696369,0.2352501653243689,0.237710317307762,0.1475084919674212,0.3173727750246014,0.2103051844186932,0.3929417992747693,0.2762880943877314,0.2905500100698704,0.3881621205339244,0.1581992712731544,0.1881084823626137,0.270308654652811,0.394015609519762,0.3457868293495113
0.6285618323891685,0.5347149085323766,0.5836997799579603,0.4882864067915256,0.3577276688376697,0.6686178670235594,0.4527024684496343,0.5565332483794577,0.6664896229250096,0.4944196085311032,0.3973984087899239,0.4964611108700787,0.4084727463660066,0.4986648731060442,0.5124336218252108,0.5058504718199791,0.5439911182860667,0.4475875854743929,0.6313297229550612,0.5639218856884156,0.5746076912871292,0.5933112328533836,0.6507892905528124,0.4445411144085958,0.4429682510712153,0.499044845182313,0.3965029364950999,0.4723615348219323,0.119389714165926,0.1158215440514634,0.1039810046485691,0.1091518919654078,0.1126451541425209,0.1046472017637242,0.1092227087231202,0.1269067371468716,0.1181243498606232,0.1039783834774129,0.1138652160089279,0.0992683805765717,0.1066496573850511,0.1113333805136346,0.1149592304055864,0.0995418114734548,0.1176962535747621,0.1065598812253034,0.108451679250634,0.0894938736006416,0.1057024529470129,0.1232224966231626,0.1106155969930093,0.1063390016602631,0.1178992281966401,0.1114422945015182,0.1153267638768571,0.1020797530414256,0.1120916957907851,0.1125088869833961,0.0989089465068555,0.2850186297351718,0.3633696044761029,0.3290378686959867,0.1781246012743146,0.2321383787844615,0.2383824985399783,0.1139625785481028,0.4247008133679628,0.1954080514334706,0.4064918471281461,0.2797691846417414,0.3250419102157607,0.3667329740193155,0.1632670441642403,0.1813575020489783,0.2386903011937189,0.4085503683494131,0.3519170941708951
0.6852655585585387,0.5914922214306153,0.6276836228224145,0.494047157050178,0.4238046997147732,0.6948251718407612,0.4447162959719057,0.5715928128660301,0.626580255606229,0.4749990896964223,0.4199279302529322,0.4864990693699921,0.3996085394477799,0.5533420643730961,0.4672643663179751,0.5000914064259463,0.5075477870136,0.4644032090392825,0.6658047433342839,0.5775003090343837,0.5721561457018804,0.5465200576611928,0.6037209793906078,0.5027097699319187,0.4450193077352666,0.4756356820324525,0.493371914468506,0.4800949955026165,0.1207236934426103,0.110322596570814,0.0940374632149355,0.0950401668355024,0.1109711279986417,0.0997659436179773,0.1088137922062432,0.1328036374050103,0.1201245212123095,0.0964052968181288,0.11205826396173,0.1052874667452876,0.1090213601628515,0.1096593746688069,0.1195514782179898,0.1086314743048354,0.1128690801767819,0.1013409829654564,0.1059099344806895,0.0842279656812691,0.1097991987625709,0.1257387885001856,0.107610618263263,0.1095886938793873,0.1307044040438133,0.1064354821121867,0.1137151817062282,0.0958027797235246,0.1085741343052351,0.1042057010571653,0.1000306220865288,0.2536667155802695,0.3470055738673917,0.2563278907466502,0.1464727366636398,0.2106758850150463,0.2520926812985735,0.1001362749763453,0.3738399056287912,0.2462680034647534,0.3699604490881456,0.3110117154399387,0.3543390392238258,0.3672838256590895,0.1551400939268725,0.2232359925391306,0.2485438699030304,0.3868606190936337,0.3075152844326592
0.6707347519575781,0.630407490212508,0.576689628426466,0.4443919309432629,0.3904958922113921,0.6818439610866492,0.4271311230180262,0.5975722099156707,0.6773753958359361,0.5244570284115749,0.3828707841249873,0.4929222230294076,0.405776923212265,0.4987126914868037,0.5500587836528259,0.5382587168781335,0.620095987088508,0.421343538067939,0.6269618357399346,0.5620028033006831,0.5485447774159586,0.5238732694116306,0.688880294006113,0.4421804311990496,0.4949782601427138,0.4833224781019849,0.4236943800938388,0.50784815371651,0.1291841724692945,0.1056153721636171,0.0883302452198559,0.0884623752340427,0.1114839281786808,0.1047028095949898,0.1150315067170369,0.1299472128242442,0.120268212101054,0.1042700260875361,0.1149113658239442,0.0963461644954706,0.1124037460601663,0.1116473549173318,0.1195981952370555,0.094404387438175,0.1073635517588887,0.1026126738116811,0.1056976146715266,0.0718378129332606,0.1028510099076704,0.1154157024381482,0.1054112779121607,0.1108483593258326,0.1484267330127461,0.1086220725256629,0.1204558865777092,0.096646699490684,0.1098825847163333,0.1078422640028222,0.1015870476194436,0.2349720487845598,0.3437659232730613,0.2841045393622206,0.1212114321646535,0.238395861814909,0.2230386168091696,0.0713329361256012,0.455942255813022,0.205223780811286,0.4407467361025768,0.2881268065629733,0.3668561665866619,0.4131581322887004,0.1419135666452347,0.1656886190557113,0.2246170381247809,0.4360638457177564,0.3385311935527063
0.6515187952438226,0.5437400908371725,0.6191841524436833,0.4810005733811033,0.423532428084225,0.6721924808243631,0.4283471447620223,0.6079105760659569,0.6593209939335996,0.5084500244584278,0.4031880635689983,0.426006098341065,0.4058142548283151,0.5254075672007628,0.5354076761912594,0.5187832738522072,0.5151501484211416,0.4899554111551731,0.652637543538323,0.5502659729621814,0.583004165623348,0.5628551164002871,0.6507109291050774,0.4634718452295377,0.4663311023116111,0.5046721378864099,0.4124775144147076,0.4446621387503534,0.125682917249657,0.1079364374739055,0.0987818579305641,0.0999988734953019,0.117289263743055,0.0979876540713483,0.1110678050439414,0.123084600671574,0.1220979040509722,0.1023518936116461,0.1093095197460693,0.1012047511691526,0.0966743659974364,0.1080695335697079,0.1172772903240629,0.1099448301624517,0.1081400761369991,0.0980351163167057,0.0961032217454072,0.0777573975341461,0.1056977031322813,0.1239494486122013,0.1049422793256897,0.1052948775241019,0.1251578133005197,0.1001774862748675,0.1111668007316371,0.1005407146802427,0.1070970682030344,0.1052255422690619,0.087525379045861,0.2256971657163101,0.2955708044339661,0.2236695736301717,0.1543635444521977,0.2191299519840176,0.1895745510864479,0.1028162487137775,0.3717804754476832,0.1884467446710914,0.3757789196237222,0.3062154885196352,0.3220347039978173,0.4199599781861672,0.1784315635228441,0.1168567357179911,0.224499603418357,0.3452074768270993,0.332140680357299
0.6393294848988728,0.3894866009109786,0.5088152169847168,0.46939170421584,0.3218578295103761,0.671310951916137,0.4299528659235505,0.5808024555030661,0.622622045399229,0.4906621268121875,0.3960193175654799,0.3839251000083257,0.3621201504272687,0.4826199608619479,0.5096065446571332,0.4405233396340847,0.4612007727225621,0.436564620898424,0.6336963317237662,0.5563621808238414,0.5795561282027892,0.5588118961709319,0.5504836124163623,0.4710130664848081,0.4987403670049449,0.4791510218034257,0.4721709423832323,0.4113584368064457,0.115985406826221,0.100757412617185,0.0834364917496653,0.0899615621561272,0.1103468725230813,0.0959708237175065,0.1042658014938218,0.1269806637987126,0.1126271709507766,0.0930169766201493,0.1094307128277959,0.1038925811693103,0.1059339624514044,0.1017671206438131,0.1056539421446058,0.1023798599881758,0.0981858189858842,0.0968187015731029,0.0922975259341466,0.0826218444574526,0.0934320199273465,0.1172762198639079,0.0962736728006516,0.0974060929092883,0.1297989172946046,0.0945519461399311,0.1027756469473221,0.0890928493425184,0.1024442077440875,0.0952883166117945,0.0939985549737295,0.2482267276468601,0.3049050172246892,0.1585108841171389,0.146502384419202,0.2104371681734532,0.1586938093344803,0.058825897762122,0.3369295382735666,0.1640972061693547,0.3472939069671112,0.2361401346279308,0.2870070150573597,0.2774711120873689,0.1798550027112166,0.1142768341672132,0.1993463333514919,0.3387040738750764,0.3088355302670091
0.6629960465824041,0.644851802707576,0.60789943336686,0.4468414626329207,0.3662977820312654,0.7030584400061506,0.4544796682581857,0.5779762795822652,0.6731910382021884,0.5506478608679273,0.4281405922745369,0.4384071726835994,0.442876105400157,0.5538151846438184,0.5583418831736583,0.4996305639011744,0.5217731539697065,0.5020133568360379,0.655388356370873,0.612201289776059,0.6330226904295267,0.6051649710980431,0.6339580006673124,0.505928255130699,0.4744900560943584,0.5247058852688902,0.4649663395238376,0.4564102396195055,0.1253622473856255,0.1130185613148889,0.0913176082324798,0.1233362754037834,0.1154906328500411,0.1058841315978501,0.1109885586335145,0.1299740052460867,0.1150335163822616,0.1003092353190352,0.1252879604905915,0.106565679230933,0.1060726888577379,0.1133942541277609,0.1330010557935018,0.1214604208877668,0.121160705101228,0.1067535522216765,0.1045711547577981,0.0706709205322679,0.1095875458489686,0.1208667803469666,0.114471843341088,0.1073975701485632,0.137866991765154,0.1177011896213629,0.1318425990737656,0.0975058199551358,0.1177573635123274,0.1120395881676941,0.1073348398343894,0.2046510161425489,0.2766973729219958,0.2416588104547812,0.1492234921651118,0.2300334604275033,0.2397412725827178,0.1171720383860984,0.3629533595405518,0.2343852592965452,0.420259097246401,0.266201097358511,0.3045626097214765,0.342203538864851,0.1704635622778108,0.1381433581768167,0.2452376434707384,0.417790870158336,0.4093171821912469
0.6019205726345871,0.5012787581672744,0.5522268147727737,0.5054879044985167,0.4510655890251028,0.6913629479783583,0.3995326256635719,0.5523500058562826,0.6128401254462795,0.4803993761052015,0.4116947371294075,0.4984098821214129,0.4123514777802725,0.5498058600462209,0.5430242980006994,0.5317156653523873,0.5438022092730945,0.4886412049319589,0.6512069433869276,0.5954086911818268,0.5953627517418932,0.5537548012713726,0.6646749829415299,0.4907871108245972,0.4455864496391128,0.4947216271462308,0.5097352059772535,0.5360751601298908,0.1211234074239226,0.1010246087878146,0.092790714595809,0.0969034874708348,0.1105187790661746,0.1009792385783753,0.105477406111405,0.1215614475417942,0.118103266701084,0.0999197008199405,0.1058673950461124,0.1031188810999171,0.0984691897845226,0.1066292028904809,0.1105929653179432,0.1084383474481809,0.109991626366935,0.1036464712245677,0.0995490884421068,0.0853884053437995,0.0996907950364596,0.1248888183593694,0.1028692628740774,0.1052387226878314,0.1248725545169172,0.1065145671050245,0.1129035341023265,0.0976464935872977,0.1116547927998204,0.1059983473635677,0.0955532091984808,0.2029102771970732,0.285040884639344,0.2617642158835098,0.1387778565136564,0.2139629504290215,0.2145681746904242,0.0898792300957675,0.3061225257608526,0.1874223719713846,0.3823442499309599,0.3087375841784376,0.3596784125146424,0.3694834013779958,0.1137052656979196,0.1630515137233021,0.2885150393810098,0.3852558947501727,0.359294483912926
0.6853496290306434,0.5877947730755587,0.6021350820497469,0.4520710829982613,0.340689738378203,0.7003069936812696,0.4559648489194829,0.5711655535677946,0.6352654255693795,0.5556841263729132,0.4247563412284139,0.4402709558769089,0.4356435501726525,0.4982653407841695,0.5281274456020643,0.5254625712247791,0.5073627419707598,0.5112499965405182,0.6611324847406628,0.5801360748166042,0.6014998531374046,0.5664488254610328,0.6497068964884061,0.5082299609734586,0.4415161854553002,0.5358649677302447,0.44658225770785,0.5237209794315998,0.1184762266610233,0.1077577009663401,0.1039169464553505,0.1026581435150297,0.1086838763322727,0.1002985957045312,0.1073538476378747,0.1223497065067537,0.1144713549273513,0.09773721173397,0.1205728678952604,0.0973916087787421,0.1095701466008268,0.1016205571934361,0.1104623803449751,0.1051836038064008,0.1146341731526515,0.1050279138696058,0.1049066791836986,0.0773117166327823,0.1025376002267899,0.119759557621523,0.1059768804915195,0.1076031847259431,0.1462539551550004,0.1054822246057656,0.1153225040098748,0.0998800149277556,0.1055809534977776,0.1044561813302961,0.0924516709945245,0.2287480204815196,0.3087374614185304,0.2681327657456751,0.1893244547343468,0.2229469606504805,0.2151674136087409,0.1233895565383136,0.3052909794345236,0.2330717974830241,0.3874268275911456,0.2526404143743265,0.3516021700842039,0.3416866107533375,0.116837196983397,0.1384668430925517,0.2599990015179536,0.3827117284715705,0.3891035818067185
0.6435297768912953,0.5575352679491044,0.5843050993011052,0.4736942966491943,0.3634846882592321,0.7102467724363078,0.3913885463326273,0.5418568286242309,0.6279452862809877,0.5002860376049602,0.4360925851804083,0.3803020909887823,0.4195779991351357,0.5022221452346203,0.5111740287706106,0.5181701690613221,0.4748255192653268,0.4940772947971719,0.6350450249863144,0.5850047559960585,0.592229749486098,0.5595387308863454,0.6001718790794887,0.4884273039971837,0.4383589955955599,0.5166614087309133,0.4085314090589558,0.5116882433651831,0.1270237179358808,0.109074490230284,0.0982957455550712,0.0996762100535433,0.1141578584356954,0.1048377929309135,0.1093216216953145,0.1344988472645143,0.1303982074997342,0.1009907806119043,0.1180351164849218,0.1012865248486222,0.0994271832894305,0.1077020474487598,0.1141352550418594,0.1064157539013649,0.1190330924911192,0.101052933722615,0.1086405920011377,0.0712155230995654,0.1107363224876504,0.1273780656814001,0.1102962679423208,0.1086992940859963,0.125802348549916,0.1064311648556478,0.1166956778556908,0.101209504844147,0.1150111237087292,0.113139841982906,0.1223059938578906,0.1861337674939824,0.2416908111333757,0.2107503339204759,0.1347342768380517,0.2278342932352673,0.196080107262923,0.1020078272791579,0.35718104164017,0.2070873068691185,0.359285623686847,0.2821462241476886,0.3347376184961335,0.3740997546679013,0.1622484374259199,0.1491470700221321,0.2762443378615455,0.3573168809966635,0.346425035683324
0.6546641692971918,0.5762921597782549,0.6147239867069713,0.4658279567522548,0.388299406627598,0.6994406420543704,0.4373676508601104,0.5528610737284311,0.634881916067477,0.5196156024385656,0.4613075320488212,0.4516054970080084,0.4481015776740339,0.5562733647650491,0.512994387318008,0.5127086446827237,0.5501739301083359,0.4869202621593912,0.619126151847651,0.6194878891274141,0.5938281168782614,0.6044778480051607,0.6188913516229629,0.5086540470775744,0.4360191295869079,0.5206261502627869,0.5109468054987261,0.5141853133847192,0.121965288813345,0.1131868374998683,0.0979979505449372,0.109948025907138,0.115779691283551,0.1016717318466896,0.1137563850184405,0.1283770909113709,0.1214207482980112,0.103364251755406,0.1163414473245244,0.0993924000560887,0.1040196116006271,0.112337455582568,0.1091521420262635,0.108890735363705,0.1151770409454835,0.1029513260016421,0.1080057300126212,0.0716325180141778,0.1069659023398666,0.1137041062693407,0.112604356998551,0.1098646356081318,0.1137483726722768,0.1102218050181971,0.1162796783459062,0.0989410344757652,0.1162274624184243,0.1092185478660497,0.1237968618202615,0.2310230054371119,0.3214973588244287,0.2871495649464182,0.1429304241331532,0.230077150099819,0.2570646195088839,0.1504793687324438,0.3897454086347268,0.2346079417669274,0.3568661552719901,0.3531582129995028,0.3373175565957298,0.3393058564573052,0.1576678714968941,0.1630627418514983,0.2851055827029425,0.3975291494803555,0.3713631860698266
0.5928735899259099,0.4820228820517115,0.6009668364763974,0.4940151338058364,0.3944420025655717,0.654169574744323,0.4233288441932445,0.5652198972300073,0.6019363460477122,0.4988070416586048,0.3626217656509246,0.4299515294333835,0.4375250668966373,0.4999058070639584,0.4855737824986563,0.5120392497452361,0.5596869396854063,0.4742136145353054,0.6180197245814842,0.6059012682458124,0.6047426788986432,0.589264283452551,0.6709729767276218,0.4792125966420504,0.4519406900679393,0.5346349897626422,0.4073477362761305,0.5106763608890268,0.1212909629847188,0.1129463708354819,0.0937643412305539,0.0922374996151478,0.1119264573372387,0.0963264938746607,0.1139812781450737,0.1245499235575717,0.1145492528413814,0.1017675518068598,0.1157652406401825,0.0956689562887088,0.0992557516653705,0.1074995168121403,0.1172012072935529,0.104623707650873,0.1141617743338975,0.1058080229119066,0.1029860272719082,0.0767974827937729,0.1032879939037384,0.1238265201819003,0.1104464071413828,0.1032390027050171,0.1196169364332878,0.1014365533886518,0.1124941248866623,0.0987169503391015,0.1076358961556136,0.1051685629081002,0.0985058943150736,0.1942718720989032,0.24142070138634,0.373307023992141,0.162562764228983,0.2254308536323569,0.2244958512948689,0.0901458070904662,0.3181711008979214,0.2095568105608833,0.3451813563304294,0.2471382991224527,0.2975232346604267,0.3947866647726014,0.1518988588617907,0.2054622722485855,0.2910657380556062,0.3660007887671581,0.3232979314916226
0.6687223324489486,0.5842230853764978,0.6325750475411588,0.5283837679644834,0.4537516212009865,0.6581707709835866,0.4370908094049051,0.5823118182805846,0.6445589262523619,0.5293032009205391,0.4307481712437995,0.4839419880017196,0.42330864393752,0.4916128213456455,0.5729481228252988,0.511592582840025,0.5826114183381936,0.4830011614732694,0.6410868267808493,0.5845297245468283,0.5698183467495503,0.5471141304790254,0.6278214924234975,0.4801763847381038,0.4426667417794035,0.5047556498974071,0.4719690029058967,0.4927099976085267,0.1223019506387159,0.113172640520844,0.0886591051647344,0.1150930469717189,0.1140395044797253,0.1015562802959849,0.1100865554222015,0.1330131020548475,0.1181988922275861,0.1020072263066868,0.1203565696295703,0.106040156290614,0.1021978805491495,0.1115002065044663,0.1169939427871996,0.1225289703374884,0.117368182038889,0.1081915661738068,0.1077605190644385,0.0782180471133034,0.1085310397709818,0.1235529101687242,0.111220218366455,0.1024072749992142,0.1325550066468538,0.1132444525593914,0.1192939462753686,0.1035774429214741,0.1144164247264012,0.111472084973399,0.1028693049250167,0.2200985081244068,0.2737918186824062,0.2635206200125125,0.1581262861859804,0.2127060001886304,0.220351020274215,0.1438266197096948,0.4505875442757622,0.2134740085129447,0.3359774311010102,0.2882270629985681,0.2950796542169006,0.3648872351847015,0.1619679383223965,0.1571809750488705,0.237923369719021,0.3621143043504298,0.3603631615017851
0.6673646115516619,0.5618213075399399,0.6070978646587328,0.4831722207953673,0.4015672167478982,0.689714799983532,0.4188134019840989,0.561902472194798,0.6456660412442959,0.4752059763641915,0.4212540284661262,0.4570225036928312,0.4374002796618906,0.5294749746429221,0.5487303078364978,0.5035809589064588,0.5522297308795521,0.4747250058605191,0.6370222123988338,0.5634842258261034,0.5494240869054126,0.5351758760024341,0.6429203703550269,0.47580838853145,0.4562436412533867,0.473057233896088,0.5187740114539952,0.5012234181838109,0.1236708251247393,0.1102774304664491,0.0913273456025289,0.094660931734285,0.1170293548999578,0.1063313563469109,0.1200885234902874,0.1324545601420824,0.1277755996306007,0.1040721511280385,0.1120983832350045,0.0965035121676632,0.0989880829063578,0.1110281425205247,0.1301870723510521,0.1056948826632221,0.1170312784933954,0.1073812079375685,0.113117254310168,0.0799733069072349,0.1071327638527786,0.1249277605396747,0.1110057608181214,0.1056696561174187,0.1139542221372041,0.106482427680401,0.1159603580901392,0.1043122559415776,0.1133766131951988,0.1134226219764706,0.1080004260840268,0.2083581928112141,0.2873396131872757,0.2800497012557806,0.1594832234442042,0.2212244949358605,0.2158348954747092,0.1068187459865036,0.3944541556470923,0.2261596465195153,0.3791597103413079,0.2444248162836086,0.2833212775922326,0.3768370764596122,0.1434562967163833,0.1897116467204972,0.2436378900847856,0.3941539663409288,0.340301295089371
0.7009297980784471,0.5665352427858418,0.6529855672515503,0.4534531551051502,0.4092764743914207,0.7140718525403354,0.4325221379720746,0.572706245029478,0.6670477201355334,0.5494717545449214,0.4104955176506781,0.5179540765548354,0.4175977509141351,0.53357205099406,0.6514566661430781,0.5426474570828791,0.6178277054873633,0.4732421075545843,0.6570702766898051,0.5866725091953658,0.6014197661891384,0.6207045269039415,0.6409572235942231,0.4733717411998696,0.4702399918046251,0.5238111896173088,0.4607270037159884,0.5070924689744605,0.1160186131460078,0.115928441787696,0.1035716761855662,0.1068103356152292,0.1131896961673629,0.1024492645844904,0.1148586000340578,0.1277350783375624,0.1170143029259084,0.1054846315175537,0.1171508143342789,0.1010153710787101,0.0979514297485986,0.1097600339883699,0.1245226036699804,0.1083055106393213,0.1172476052408935,0.1044722244574663,0.0982646593492617,0.0836281274860231,0.1097266989489549,0.1236204345161331,0.1205433210339723,0.1115700736584831,0.1317174237978169,0.105119136993523,0.1211797719135685,0.1055710981991203,0.1131678222015869,0.1111401642275985,0.0923958154660295,0.2153009105000275,0.2886244517331209,0.2318830821170378,0.1641164491272865,0.2051622841891605,0.1865956087947877,0.13172248601183,0.3989368929013703,0.2179369526185295,0.4160440958511878,0.2641625927685938,0.3298394279942842,0.3272385160651123,0.1701257669677336,0.1242076298468727,0.29631602341822,0.417168519158453,0.3965376748080426
0.6831742672006786,0.5609653357171664,0.65445030939158,0.4658732881336763,0.3705971044042836,0.7227246798006572,0.4272861189402228,0.5434945457304426,0.655611795963406,0.5160021695923314,0.4188094915350963,0.4658013219661935,0.416347746751771,0.5194001972048848,0.5354126237531142,0.5102605947512048,0.5276781106077308,0.4896205196157491,0.6245324457160077,0.6020997777272544,0.5841468729332708,0.5925411216499838,0.5855896564346065,0.4792892096866925,0.4229722000394825,0.4846344644930754,0.5615232944643747,0.5102666003194021,0.1184064796239608,0.1056838132099129,0.0973694408352779,0.1001889922315966,0.1159210746068784,0.0983673848507589,0.1079782368122601,0.1373568143746653,0.114367902915839,0.0989369436648159,0.1135728273163046,0.1083499506359811,0.0957768463028713,0.1081151674941238,0.1176181971738448,0.1148324859000713,0.1156733241617149,0.0953978814636528,0.0977662509829595,0.0794838537143926,0.1043400226130637,0.1229044200264148,0.111096750569353,0.1065623916479105,0.1047498064684046,0.1035270799405335,0.1121387787954264,0.0985504899758625,0.109684229611709,0.106701429604894,0.0991752956000038,0.2167992549350976,0.2917359069083037,0.2360451113713043,0.1189020567846445,0.19200813482898,0.2289823138482883,0.1181524975225329,0.3123905743623888,0.2526743808633539,0.3929145130889313,0.3344537882378908,0.3395558633425268,0.3366671406797,0.1242209635674953,0.1780537456832825,0.2295547645642525,0.4030953507678174,0.3692567144168747
0.6561971452078024,0.5198855271701478,0.6333489820568674,0.5087067768482607,0.4530533522367477,0.6975064751202034,0.4438610887736981,0.5961877003927856,0.664936597297589,0.490275374633413,0.4613951435118628,0.5294898191136184,0.4432894166205771,0.5384586547626253,0.5377862326515322,0.534690687994906,0.5498747071328198,0.5003078656211042,0.6471202499358859,0.5741855878864575,0.5962872411291757,0.5588980455054843,0.6807880563191091,0.4722047017092899,0.4752116923858779,0.5076797632470452,0.471072552998385,0.5446553013729063,0.132291071929252,0.1071404091424143,0.0896666717563616,0.0910907433595937,0.1086647965275015,0.0991158979316148,0.1116508869955319,0.1294866224254556,0.1284064729892128,0.097211221873736,0.1122589078565641,0.1136586522745876,0.1029342178753011,0.1086806899411529,0.111314542366934,0.1103118130441219,0.1104134003247838,0.0996179235926036,0.0979262596339039,0.0797333068413097,0.1104944149081648,0.1292461051623891,0.1028037213433306,0.1058132014111961,0.1266866551675622,0.1046031235096355,0.1177303818610539,0.1020624412715457,0.1106659257028564,0.1081428613408391,0.1060922882058904,0.2617166818114324,0.3311699470441851,0.2576295237236053,0.1998315994742425,0.2476181582738602,0.2178681971712765,0.118283134515871,0.3805248841959134,0.2295752790136806,0.3771555678723575,0.3430798700477323,0.3778790318632893,0.362980680540204,0.1087545316666364,0.1282455320532946,0.2646191297446699,0.3637317268685327,0.3643509841309144
0.678101117527209,0.5507184806086073,0.6118095223520412,0.4603077646793495,0.3877154003230877,0.7093358403622945,0.4441909669844925,0.5693099706755937,0.7007288583248393,0.5366166540800268,0.4691805719248516,0.52011559748913,0.4053021863616092,0.5421981630707454,0.5471086481581982,0.4849416080981273,0.5952803554126079,0.5232057380526989,0.665900854328402,0.6140609519766453,0.6061730014883795,0.5851865535518118,0.7005733272614183,0.5101344953020248,0.4971934457643414,0.5007010520341971,0.5644132992407813,0.5098768587504603,0.1264518734706845,0.1191373544307351,0.0923439806492892,0.1146922593501185,0.1162576511774267,0.111304012115561,0.1115342301568577,0.1325807454505079,0.1272754695814004,0.1070054301311843,0.1140630219493959,0.1067893349652153,0.0992455509497787,0.1086738260658923,0.1160386883514092,0.1121462608067456,0.1110492223864068,0.110200283279425,0.1079906248235915,0.0799178516425397,0.1100068026742542,0.1182493676948966,0.1106701643780889,0.110909386269394,0.1268186295671842,0.1121161359871656,0.1231977731296853,0.1072605905603018,0.1170012426506259,0.1120001200791448,0.0951766194285174,0.253258816143781,0.3159728496665916,0.2413854392866293,0.1464588006872008,0.1990445721222013,0.2569076385717919,0.1632364556930441,0.4400570053710705,0.2739387361160837,0.418878579165401,0.3352585647093213,0.3574560829589988,0.3819351001427723,0.143413293796281,0.1929890997656007,0.2177448138120522,0.3455023622255793,0.3941355021633566
0.6618069952807214,0.5618912225863972,0.5890789864767653,0.5029481053026087,0.3928765919169082,0.6940291173911608,0.3986631880736024,0.5586185558193522,0.6396830067980234,0.4928149572281697,0.4107146160985627,0.5198647674225889,0.432444469474096,0.5318356844015928,0.5167341105426476,0.5441365531101308,0.5308808706810368,0.468427649647507,0.6390826636059113,0.5522283695186719,0.5783026992344658,0.5532647849267902,0.6578085889261478,0.4656312284859542,0.4519743283130412,0.5144713231744769,0.4716196891097794,0.5131139326870867,0.1235615958108753,0.1141890345247511,0.0969802258442522,0.1048183606471906,0.1140054208686415,0.1044561625726245,0.1154255708898392,0.129451508452783,0.1167191164973504,0.1017676961879746,0.1140002167140823,0.1058286260020437,0.0983605115387621,0.116126897558712,0.1228881415342469,0.1061910147236423,0.1060334297886397,0.1167616718827997,0.1099658911260925,0.0838198147817232,0.1126339165234533,0.1206363464406296,0.1140684756351259,0.1085689406835971,0.1255362608399409,0.1110675164380721,0.1180048530732956,0.1062582104003444,0.1172391622035676,0.1119634996160947,0.1104630739209025,0.2217384574738066,0.2816355502041674,0.2182689304431002,0.1453808139682788,0.2258402051829328,0.2131788065218547,0.1214339257626418,0.361904558131245,0.1988044676815603,0.378783049265382,0.3281700412192166,0.3456857728193154,0.3688062366609479,0.1571176441918526,0.1376859997992658,0.235616657804578,0.3695281849379442,0.3474587933234279
0.588439873840214,0.4656847209002064,0.5601467154213885,0.4905236338391032,0.414236713843099,0.6485698285301605,0.373068505286992,0.5453085365159163,0.6447950020947094,0.4940505982596539,0.3735962662804912,0.490603383361025,0.3830881849730787,0.4801630913794051,0.5103550062074658,0.513746787480068,0.5631286444406584,0.4781030848892097,0.6337392534361344,0.5649264551220039,0.578505497302471,0.5609412638328313,0.6836180563467662,0.4724971294873804,0.4418502857682573,0.5332465790857406,0.3992343125642098,0.4779724011246519,0.1239842084467821,0.1031957250478734,0.0973390031369692,0.1158098409931394,0.1130015518733181,0.1002798200807918,0.1110305235252496,0.1193662880565673,0.1143742554872932,0.0949636374106878,0.1091579349754827,0.1004590370575688,0.1156792024890269,0.1084454462095634,0.1116598807334637,0.1053281185520319,0.1085908566303677,0.1060956628992666,0.1107139190254764,0.0803389786118796,0.1053387090511,0.1267885058800996,0.1049636179482505,0.1119433061352608,0.1123976305882789,0.1031766533524458,0.1115382096705474,0.0997058559046285,0.1118371370277115,0.1083059278502039,0.0853837193488371,0.2376736665735699,0.3271080091689857,0.2641320136855497,0.1673091444690262,0.2119828373037778,0.2335921132196895,0.1118989775979729,0.3440709281401291,0.1905825084578164,0.4087015618232713,0.343173685330802,0.3911675387570837,0.4314089841567552,0.1359536559099242,0.1744216745909378,0.2300818386514327,0.3743591115843537,0.3400170624447174
0.6687421245612555,0.5734602380394935,0.6238565671451777,0.5216584999051287,0.4573425996852548,0.7163389385185838,0.4746804085803027,0.6060340449056982,0.6486768374289843,0.5964257189311344,0.4144504104023085,0.5174442244830424,0.4184573078781087,0.4982097279798518,0.5383080580196846,0.5364972106531465,0.5647629036102444,0.5125622464120914,0.6550387327359749,0.5933874878028157,0.5982573811194534,0.5852519034566376,0.6679646718361091,0.4993065124504552,0.4882969372458192,0.5625084356697794,0.4924994502177621,0.5329219719893497,0.1277672886589972,0.1025208317233332,0.0915650690305628,0.0924141108698015,0.1145178471029021,0.0977316244390132,0.1118849709702232,0.1238136065480968,0.12330802715552,0.0975635504295144,0.1193637354180945,0.1012749564025281,0.1045503534862463,0.1065324090138232,0.1088824669212693,0.1088699487086846,0.1090578547829936,0.1033261679729085,0.0986979496872391,0.076003317548276,0.1055586079802369,0.1187920933743754,0.1063532202878426,0.1037003212793819,0.1394035222245516,0.1035819169172111,0.115233154271925,0.0997850471419134,0.1096617177157021,0.1037677439352148,0.0900266087592228,0.230787569627813,0.2486367472152071,0.3565671893076089,0.1429988687849418,0.2424904275196535,0.2543164453107296,0.1313998847905741,0.3578781255033978,0.2213274999447758,0.40539978522326,0.3158099668179737,0.3427887398553522,0.3809277957284843,0.14525017408388,0.1834746311349148,0.2373887966384323,0.3978459280176808,0.4046452139297393
0.6945776262487786,0.5673934290198241,0.6522252020263379,0.5119521971661886,0.3744766343309831,0.6887668629445484,0.4617469207217752,0.5740147615675479,0.6662234300072811,0.5667675296475853,0.4445379397834839,0.5352761505715529,0.4636449769711942,0.5267591754501825,0.5730427397478643,0.5969941899259774,0.6227463516856802,0.4745889552591487,0.6562010408712655,0.5987968554628946,0.6055406221137258,0.6014251170417112,0.6608281049736613,0.4939280697930949,0.4665189086931851,0.5510541322262233,0.3911252356302194,0.5801081063058293,0.1186769237122002,0.110060168064846,0.0988335039469792,0.0953079745567662,0.1153672806413786,0.1054362808680951,0.1127583494489417,0.1232054490426584,0.1249254634604836,0.1056711008590821,0.1205552061023506,0.1056782923471379,0.1064054678601054,0.1180344097365863,0.1149155281752417,0.1140331057119888,0.1143964996639235,0.107907991009382,0.1030820501247024,0.0733589226808534,0.1067825164885015,0.1202454238874787,0.1120327132152011,0.1085256226598853,0.117097927799559,0.1089730920802179,0.1154825584293691,0.1025465991566987,0.1157680601281326,0.1091053085318937,0.1009480682616953,0.217099295220839,0.3059267197215162,0.2440463249833125,0.1373852693085459,0.2211011985996512,0.2277743557438922,0.1070738339331001,0.3568952374008237,0.1883727642727092,0.3369867896481562,0.3035414236524671,0.2909723487756555,0.3155395513510002,0.1556382634573512,0.1749560744753978,0.2398519123118783,0.3887384075773128,0.3635405484366739
0.6538912249359408,0.5426148993533049,0.5616234299505409,0.4690125770799829,0.4026744809507588,0.7218070282830581,0.4430704778714305,0.5595729005640901,0.6463168912875218,0.4725796138408172,0.4720003180181092,0.4381030786843171,0.4146702744446938,0.5354813858511069,0.4932265934288059,0.4892759475676858,0.484894971220178,0.4819715291582581,0.6454776248121203,0.6076120970124669,0.6050369303023069,0.5808087811829251,0.6077639828077845,0.4857850371743986,0.4557077644182549,0.48072467616534,0.5285689145612669,0.5218203604254905,0.1216434800566987,0.1123366124659987,0.1083701440952032,0.1066741022723525,0.1114280741696005,0.1029638683322044,0.1096805914681093,0.1281518864105639,0.1193753575868619,0.0985951857257962,0.1103834061878657,0.111682846906827,0.1003346683890385,0.1083363394894835,0.1131341124886142,0.109756494212145,0.1137342139044658,0.1009330079310301,0.0966989610833002,0.0952136272936916,0.1042856654948183,0.1271527051497104,0.1135386667408482,0.1130660769789633,0.1348534888397555,0.0990694086883798,0.112090879596866,0.0994062470225743,0.1110183452329592,0.1055116183619718,0.0987846588062618,0.2326964141861556,0.2643800429173613,0.161118026418595,0.130918091851956,0.2115441722357581,0.2149263022644481,0.1331328472232117,0.4400557775002021,0.2208538202521128,0.3513946038117442,0.3096727304018679,0.3053176295453388,0.3559111456076304,0.1482073468240824,0.1575264642186771,0.2478102003921791,0.3446196059639305,0.3189382047030599
0.6278285330828679,0.5404779083575263,0.579325492404096,0.4895549119221893,0.3856745601290523,0.6694920590581476,0.4150470176794267,0.5413168432791785,0.659200379340966,0.5266208987757484,0.4111377432033767,0.4868924622635605,0.4045226202717054,0.5127598526476638,0.5494477638442601,0.5049163520621125,0.5470401921000181,0.4677869011742172,0.6288375143914403,0.5774432904244975,0.5745707693219972,0.5781991880927451,0.6687977664380251,0.4836693757761541,0.4462969774034228,0.51674930027651,0.4639910011828877,0.4824329514745636,0.1200233842259241,0.1126456925650692,0.0908959760182006,0.0987312075815824,0.1053878722227668,0.0999367252001775,0.107842358189998,0.1236219762214429,0.1188446424426528,0.09502823035114,0.1100000151662989,0.0969787422204375,0.1003640539086005,0.1054221015075439,0.1177772032999555,0.1048884861296511,0.1079453668181177,0.098028521845982,0.1012616999639229,0.0750101250388246,0.1033077887269958,0.1139522553563417,0.1069944835289817,0.1083243421800715,0.1115642871941018,0.1058046227684123,0.1114722440289052,0.0995257048626777,0.1117420718656865,0.107727755031424,0.0908739391295471,0.2294141321181163,0.2877830487055812,0.1917257212956959,0.1388086148691001,0.2061052545210885,0.1891721558888669,0.0988936234590789,0.4161642509813082,0.1863939475221215,0.4418078369348712,0.3647760328650474,0.3821044479103892,0.4468058062826885,0.1828924112021923,0.1018384251892413,0.2317488038708932,0.3309597037370406,0.3693349599608654
0.6455717190604714,0.4190046676343545,0.5788970933833896,0.440813467314882,0.3594223851238498,0.680332186637136,0.4058135734296274,0.577113077792081,0.613109304673142,0.4557689060260533,0.3611005552499435,0.370062275959939,0.3871441253564321,0.4635695319992188,0.4837805577168509,0.4954414377324821,0.4227600438360066,0.4680668663863909,0.6283315553289908,0.5693924572812752,0.5873297984679586,0.5307830851342348,0.6212703555054826,0.4723479261444531,0.4549222518115472,0.4889674188304231,0.4262627896802043,0.4599849892792439,0.1307646794174959,0.1054143561251634,0.0856655102579787,0.0908450392447669,0.1109397963269873,0.1010985576492261,0.1069799677114241,0.1233447934037893,0.123913328148379,0.0999702449246112,0.1096422429358692,0.0998904834969386,0.0934523688410537,0.1027276362076288,0.11741950395361,0.1054277921583851,0.1045006575809407,0.1054512949976043,0.1057784103799462,0.0728420074432485,0.0973636404490493,0.1217637977897737,0.1051721417122257,0.1025356160438876,0.1445670439098852,0.107591718627435,0.1147804792684069,0.0981270359790595,0.102490395347992,0.1030411393745135,0.1003281126865693,0.2181125440177123,0.2741150088791476,0.1717988545524662,0.1182011155238866,0.2130447890501089,0.1589098559831777,0.0571298030515511,0.2679071878902932,0.1482008278988742,0.3369229356474205,0.298477175583442,0.3587421601086979,0.3538628255694427,0.0856376055361968,0.1259090346646391,0.2619122745642481,0.3200224155021923,0.3000902084964766
0.6671296509842667,0.5341881270381226,0.5667868897822984,0.445237996577226,0.344987476600541,0.6776145055950719,0.4105844429247725,0.5510010492508755,0.6425261811293181,0.5015441409666966,0.3910679242964362,0.3783700844772427,0.4056405217313465,0.5226006450463132,0.5068546581036395,0.4754926157566012,0.4784035996548713,0.4546437770753042,0.6078102507970686,0.5562814514989616,0.5427422253265272,0.5485984144409587,0.5968425709957617,0.4538372145133688,0.4783698266679461,0.4821420593462864,0.4798585548324999,0.4688416793008605,0.1242808905929097,0.1150623762194643,0.0986453639548679,0.0981030279846825,0.1212844766283435,0.1021958049591881,0.1132624836508981,0.1327592942941082,0.1250258921267041,0.1032155830196316,0.1210838718113472,0.1137680901414541,0.1072788730918244,0.1077952335555721,0.1231081810333772,0.1109440792125042,0.1125950191821845,0.1053595679365241,0.1101393749921273,0.0943911359085231,0.1135101706191369,0.1150824611705111,0.1123429886174643,0.1068163828219093,0.1277902166514384,0.1081005445730483,0.1204925872506558,0.0987383382042886,0.1077845437403925,0.1107865404994103,0.1015100417658644,0.2196203782831685,0.2847152681174391,0.2273693786873654,0.148442451415665,0.2105402829664274,0.2038235030044641,0.1033191091691454,0.3765898941994406,0.1897236488860201,0.39031759151201,0.2892235172949289,0.3176335299298877,0.3490157490596175,0.1654420103152076,0.1313190976395264,0.2143480071272605,0.356301394410711,0.3354427501559257
0.6847476045232873,0.6439329102409609,0.5965988147663901,0.535631245350026,0.4370584088270781,0.710467775743878,0.4286925382456651,0.566596611769523,0.6925426872767815,0.5071852010676579,0.4284800309876188,0.5389397633737583,0.4376015547246166,0.5493059012650909,0.570044840541289,0.5484058906129896,0.5967988466248477,0.5206289892495831,0.6599860217523138,0.6159520036778838,0.6007066735337036,0.6161433761381195,0.6329533605642212,0.4831912037659077,0.4425381086675413,0.530496913814274,0.5189232580165125,0.5120718757207945,0.1265663737513699,0.1077174857125771,0.0963166918577235,0.1052858665372867,0.1222519566079793,0.1041325420750504,0.1127772951442319,0.1337760206855978,0.1212294858514407,0.101880960103674,0.1236804786982888,0.1068437543142057,0.1044097993640396,0.1078828299821562,0.1229460961966658,0.1102845845038595,0.1176408657479888,0.1072073732987344,0.1105658768780016,0.0798932533866108,0.1066786972004321,0.1305867218858779,0.1104237887443135,0.1027741990721852,0.1355622782512133,0.1133010262291707,0.121065802385134,0.1020167295530648,0.1097797583712952,0.1063423466972824,0.0978903246340183,0.223785711969706,0.3142699471794608,0.2391220690851861,0.1475935994338542,0.2146913891582764,0.2708820090849246,0.134476011763105,0.4251786482912136,0.2336506763835359,0.3860586172985095,0.3059186883809927,0.2917349948612614,0.3649125366128064,0.1410046937182927,0.2070091501104108,0.2591914176009595,0.4071772900913958,0.3574528153337717
0.7029674799381411,0.5006689368081945,0.6073515740262034,0.4798458527185518,0.3607069488321797,0.7143865386992456,0.431869508288966,0.5875740519488467,0.654197029708577,0.5103570326545253,0.4445537832003455,0.4837609409085153,0.4085362116867878,0.5034450346913408,0.5452193185377144,0.5120808847392823,0.5893327973180049,0.4584800759506331,0.6220250091109327,0.5620349555137322,0.5652857249904384,0.5457071640391686,0.6760462222895092,0.4781171638172915,0.4541062394837065,0.4841076445064711,0.5214633122377959,0.4801777756976005,0.1156953128780772,0.1077990014752161,0.0932669430240781,0.1042058671529319,0.1143316607854239,0.1038232293838421,0.117381470653093,0.1366970816128345,0.1157327051334617,0.1034229945306582,0.1115978718309518,0.1046128784223513,0.0958013481961907,0.1114425145426473,0.112419899146965,0.1104682946831619,0.1099587926139107,0.1039886386301091,0.1049389364879353,0.0831999895862046,0.1084814896777034,0.115121159638229,0.1088755343859714,0.1007982681683935,0.1286068855910694,0.1091173891974295,0.1137716142324211,0.1010367129546002,0.1116010426467389,0.1130880021718463,0.0967486165930521,0.2173069260119612,0.3235346691076266,0.2628473766661923,0.1436753427710679,0.2189989582031556,0.2044025880129986,0.1002283849681798,0.4217142567340586,0.2319453613856782,0.4218423755634013,0.2703821129613581,0.3041487275848263,0.3679324269294738,0.1873833673695722,0.1166109110719611,0.2427780755743798,0.3982199757913655,0.3217800657636199
0.6190152329105084,0.460669358441634,0.5620736513834328,0.4909470881303003,0.3963417113306438,0.6674151732808068,0.4108948463875496,0.5709664194378049,0.6295919975791222,0.527119157714326,0.4290646707704757,0.5033247110202435,0.4118113963049427,0.4847499479870112,0.5410855663724996,0.497940694447835,0.5656754989253383,0.4632318339884916,0.6431890334090637,0.5700605057703263,0.5883096649656516,0.5251805379761523,0.6568058788094971,0.4796465429953995,0.443619577635983,0.4776457158562478,0.5007207450542057,0.4908344249599254,0.1421792103919385,0.1137871127024081,0.0903899038494766,0.0930621891022764,0.1103982871938687,0.102906708331885,0.1097070998440954,0.125252401926463,0.1181231584986882,0.1004809961698137,0.1164000822293787,0.092869628197807,0.0967354726655219,0.109484957477292,0.125119731732257,0.1107091578685519,0.1101092393972158,0.1053980716854142,0.1008374046234649,0.0766763653793029,0.1077481197862638,0.1320249993035807,0.1109527100559168,0.103400349317138,0.1321067493272356,0.1091690694294759,0.1197654034939965,0.1009636058032666,0.1101185692523283,0.1110364303711774,0.0921517627197475,0.2442124022723906,0.3221248380628208,0.2339202961133372,0.1506625009856346,0.2408600244828486,0.2236307658968545,0.1313639009708218,0.4260306061124592,0.187491484238268,0.3459555580487681,0.2551813107588861,0.2914685588125343,0.3690761037811434,0.1578310767188668,0.1767457202848706,0.2201950961482608,0.3674561513340647,0.3203446117512951
0.6645433412547681,0.6023725309433081,0.603021770200171,0.4796833696308641,0.468795684375325,0.698001650186826,0.3963001905470232,0.5675074896935176,0.6423165346438194,0.4990603402415402,0.4660705140264725,0.44410082784503,0.4162198397044071,0.5266678122942048,0.47176935360448,0.4655114055283472,0.4891076923006832,0.50903263764066,0.641411977721758,0.6169535661867809,0.6023188202070238,0.5992365419296208,0.5994720466571486,0.4923844720547535,0.479683318938459,0.5442309930074744,0.5142369812370309,0.5065496782181967,0.1182253916161906,0.1118164842291389,0.0932020974463889,0.1020292741217021,0.1165791024526633,0.0995408249735723,0.1139251031255327,0.1338648995397537,0.1200658858780208,0.0951899844056833,0.1064226216982725,0.1001953547669425,0.0953726601236013,0.1102816335378448,0.1151378845999769,0.1103551150806348,0.115114106442292,0.0981174230037875,0.1068010555343265,0.0758297086544598,0.1071732948195129,0.1436809624698677,0.1038522408056765,0.0999777510366097,0.1164434016563418,0.1098549396533402,0.1149858552817468,0.0953494176578449,0.1117481075913106,0.1071498088982761,0.1087413934061082,0.1878010664406714,0.2321063765900738,0.2764490637056105,0.1703497677441446,0.2090112264142757,0.2116350435926857,0.1555075360728161,0.4290852820320939,0.2285063938261606,0.4112835963887552,0.3521646259023863,0.3474827725905924,0.3922109729713863,0.1895425728737161,0.1364834421663354,0.2575537854768441,0.3410815751824275,0.3415127635918675
0.5811194513480729,0.3763650658333467,0.5585721016601556,0.4632636184195149,0.3450152867099144,0.646188997153781,0.4340037329602086,0.5607086204768723,0.642529136948422,0.4615913760666252,0.3905805842351744,0.4888870863514524,0.386902609912199,0.4726267385093797,0.5308072318521669,0.4812960064576004,0.5672589853451422,0.4783062913286382,0.6277783817694377,0.5334269931913129,0.5768573167443328,0.5186915610814807,0.615213990993592,0.4956735540594625,0.4636611224584045,0.5007177795933531,0.4079825662225103,0.4894225222252827,0.1120150775273381,0.0981937657346064,0.0847769577185806,0.0913682428141232,0.0973650408692076,0.0902157456335296,0.1014542591228173,0.1152767118872371,0.1137086516080037,0.0921529796806424,0.1018951097815,0.0928779660633906,0.0902644016717974,0.0951179405831315,0.1137121601528604,0.0907967267135745,0.0971132715531609,0.0961342375120641,0.0983976992473638,0.0734005107040071,0.094547585938343,0.1167245153390775,0.095863330906611,0.1001434218823382,0.11028795553182,0.1012744158716115,0.111095072966764,0.0966882145477432,0.1004225212759554,0.0976706714708353,0.0769222271846138,0.2555607702883227,0.3124146228446099,0.162812343040317,0.1283846486173501,0.2243839511608116,0.1635944677233198,0.0768987517567701,0.3171808438782775,0.1885193686697803,0.3344959117103208,0.2890852900133246,0.3178836985118447,0.3894218150048683,0.0999284899897045,0.0922526851598695,0.237984310659753,0.3050744235185714,0.2591335685576968
0.5711750738199084,0.4710001882055018,0.5233652970950071,0.471771158816661,0.3656706148437385,0.629239990696873,0.3826551941502798,0.5295407914822989,0.6353434657038626,0.5029205494246769,0.385968683087694,0.5257263362995888,0.3679084228661408,0.4248659722424215,0.5628748329385879,0.4287822370356213,0.5526154102168173,0.4343564156352956,0.6139443449594251,0.5458447465886507,0.519930480099327,0.5048990848003639,0.639051483087508,0.432575265180671,0.4447130947247472,0.5033991796728637,0.3118538558994697,0.4177745065333281,0.1028294281644578,0.1067709002155708,0.0863969580573011,0.0944856620256314,0.1074085316385201,0.0964390000399068,0.1127188220887981,0.1192810995932341,0.1223078806574542,0.0990433829253825,0.1113510567215892,0.0919852507696863,0.0993207089216064,0.1040444220856724,0.1056086904644274,0.0978834880183317,0.1050292246877462,0.1019153572222895,0.1042450177114614,0.0699529126268166,0.102602566107683,0.1116378788964026,0.1063510306014774,0.1008537304839193,0.1070270303873235,0.1112647628476538,0.1166409057052961,0.0950187181395664,0.1054571993716983,0.1050790068896886,0.0919297518256043,0.2196567179487283,0.286035073666769,0.2188584182549771,0.1814172519614495,0.2164962937708618,0.2145067227173328,0.1129257901693167,0.3500160035189418,0.1741079121373775,0.4004984263572899,0.2793256041522209,0.3453751283571642,0.3479970269197342,0.1515750613994896,0.1418099863450189,0.2197492470503274,0.3407290939591856,0.306504513292809
0.6548178234378607,0.5724791487258288,0.5635328214629258,0.4944841664483175,0.4487916850533515,0.6969390329401838,0.4032635552768028,0.5411131963469384,0.6437756963638306,0.5235101000113314,0.4287876594192061,0.5100242356981912,0.4086890536565591,0.5148736916330677,0.5424352153293079,0.465233167209957,0.5832068851106187,0.489415039257923,0.6211573335606029,0.6024819093233484,0.588418684564932,0.5695201601044764,0.7021179478398873,0.4666928462165362,0.4300240554905775,0.4959149426607706,0.5142358761851986,0.459114404336031,0.1259006154130792,0.1093783116759254,0.0972552794443059,0.1118031719992724,0.1135977884110561,0.1039766287600428,0.1098592997466044,0.1314852502974132,0.1327632672853678,0.1075727347983539,0.121128509409885,0.1077975801113165,0.1031233080094909,0.1125055995730024,0.1140598969253845,0.1123604250415054,0.1156297190586044,0.1151446200850405,0.1151675842688124,0.0834839476076725,0.1063882424560789,0.1182067760349357,0.1138405413937134,0.1119213755956999,0.1270285281082313,0.1118138253441022,0.1224535562274663,0.0996494940239608,0.1158754380316685,0.1132963161177108,0.1046192544383716,0.2295626598350254,0.2972545134601051,0.3714940790577632,0.1719737466038841,0.2279807162541895,0.2708706515799148,0.1192820313402957,0.4625726725244811,0.2722375102467541,0.4029458645446311,0.3395536932785226,0.3666909199762851,0.3904271505095741,0.1654560979455709,0.1576843294442953,0.2713290398633414,0.3966205999187823,0.3657377925318953
0.6066336360433621,0.5695662782950834,0.5821853710445746,0.4313164084900693,0.3457756915430384,0.6441484854108905,0.4104860548127497,0.5315217481964549,0.6457802493918717,0.5098633459746186,0.3211798204909329,0.3939189844492519,0.3888832993928389,0.4551190380567675,0.4993048550801714,0.4311060210943342,0.459508591764134,0.4449067401845588,0.6311797677862818,0.5535257580713662,0.5667595511662618,0.5088747133067157,0.5916925403515351,0.4820749426434848,0.4465473875968219,0.4916950458064809,0.4167419688261932,0.3424088789844045,0.1199575098823839,0.114164658583267,0.0917918258066421,0.0976239977693766,0.1132903477294495,0.0983992026029866,0.1119474212164169,0.1217414323115219,0.1159520003341261,0.0946376292383916,0.1068470116863358,0.1001564092952328,0.0952084784808485,0.1072902106792383,0.1120936674115977,0.1109588324124271,0.1145419964899442,0.0960266554197273,0.1015123114777295,0.0700038223746783,0.1036266499267338,0.1139889412739523,0.1089549035799473,0.0994496492773276,0.1116071671403279,0.1071250828337442,0.1109630032552431,0.0946696847333005,0.1073892971862448,0.1005999700474396,0.0878977283231671,0.2134133197570094,0.2544220167952651,0.2156926334807367,0.1373818547211364,0.2066001585670113,0.2378476588236036,0.1688107789494097,0.4462911974759241,0.2129262227637036,0.3704817108089574,0.3416331858476701,0.3444448117847458,0.376958226164182,0.1866328387879408,0.1638948369087838,0.2170982928422493,0.3105395748616181,0.337810807723414
0.5276658780792541,0.3865484843144611,0.4967798167166401,0.4130935656239454,0.3798809022757045,0.6037911559039667,0.3500390585182492,0.5086537660060964,0.6038900883538485,0.4103430549245137,0.3864870799841406,0.4352503624049381,0.3502826461632589,0.4155340053337832,0.477508763650932,0.4134434658891344,0.5242514914580663,0.4419826140561698,0.6226235704547264,0.5515351971044029,0.5541478969437377,0.5070016513819111,0.6225415402743716,0.4805326887960747,0.4075230598032808,0.4999583998015773,0.3541254428934581,0.3833502891536335,0.1189538195652778,0.0999673055382445,0.0780879233750569,0.0949285232149943,0.108064915083139,0.0889898845352442,0.0990784301642161,0.114046814478101,0.1070087124802065,0.0919535067126091,0.1011124692695406,0.0885367433596323,0.0963335559756847,0.0994414756005388,0.0981151433015597,0.095001085674583,0.1018663239412388,0.0939025289617482,0.1016723310836862,0.0677283833214245,0.0980937077449097,0.1171115760632886,0.0925124926780792,0.0891240936145547,0.1053897045041523,0.104696637922877,0.1081310613597276,0.0891634294292963,0.1016363981317424,0.101535246280941,0.0861523536276541,0.227303178953043,0.2756921004197871,0.2168034034844581,0.1436349407304078,0.2059281490418867,0.2008593671565779,0.0682991929352283,0.2848100856080269,0.148621223492112,0.31961420859221,0.2334465816676288,0.2816974895038912,0.2933101343611876,0.132705778007706,0.1600613856973113,0.2230284777402709,0.3470945030980937,0.3059238807857036
0.6351835603043048,0.5143635418110838,0.5872100383539306,0.4811734913918337,0.4239427672887067,0.6477215062360885,0.430235567309871,0.5497296361680966,0.6743106701756837,0.4689775693190713,0.3936296609398685,0.4436778431008388,0.4067249495194535,0.4822808686685262,0.5397433178485798,0.4762288046163637,0.4908658743668825,0.4956670609768728,0.6423983209498658,0.5497403190694812,0.5464127472153972,0.5109567388638939,0.6168982415992987,0.4952035780383561,0.4663140458516209,0.4828316183866686,0.4633923913904619,0.5101911919623068,0.1268861100121627,0.1232344137311627,0.0874253654691234,0.1093567983240553,0.1107865530343793,0.1032269780677402,0.1119812662045004,0.1352650982647436,0.1222884339970358,0.0972407165048432,0.1151446303067855,0.1017326365004716,0.1056628716921784,0.1060960501283783,0.1221788409737806,0.1210279481171938,0.1181731078209814,0.1096380565529622,0.1057097583553467,0.0847182397621202,0.1116284097557936,0.1189193165228904,0.1134753403262815,0.1050998967503757,0.1216950993016581,0.1200474668462616,0.1246836296117158,0.1065694504171035,0.1164487222351399,0.1119562550489343,0.1112312473118704,0.2251189226598124,0.2924270921360554,0.2184977934230118,0.1458176033809408,0.2037428070260959,0.2046856846337151,0.1521943025564884,0.5364905904337163,0.1976966426019435,0.356607289146632,0.3226563969442435,0.3578730901586009,0.4266407560696575,0.1934864437264023,0.121513805973033,0.2305530525280005,0.3315933901283823,0.32642466267418
0.6221254220539397,0.5630525458437293,0.5491692447246083,0.4721008793672074,0.3628867294988021,0.6586417658318733,0.3928024750689977,0.5484083708754424,0.6647164371394669,0.4254913116889398,0.4219401033481109,0.4859334677897732,0.4035464446926196,0.5193982026720592,0.5155460453764664,0.4961014733648388,0.5509688338480873,0.4445341132745618,0.621618156230632,0.5663194474419884,0.5743309045632704,0.5419554154358548,0.6106705881383632,0.444095392154229,0.4888304094782638,0.4303433355686276,0.5096047138864455,0.4700790076711982,0.1224893128628639,0.1101079500329682,0.0843390144970314,0.0996790470857318,0.1091164490085055,0.0965784492425597,0.1075347800875332,0.1225200226266383,0.1087514253502236,0.0950396939781605,0.1116588116730562,0.0961775067481335,0.0890984652118636,0.1057262513150306,0.1174780561094241,0.1077871560286627,0.1188699233436798,0.1036298243786802,0.1068161860855928,0.07816589695378,0.1051697712250705,0.1229576681880033,0.1102040709464207,0.0993301027916491,0.0999330751482106,0.1090767620434784,0.1128126685877155,0.0970060824985764,0.1073531297739841,0.1027532987477602,0.0989705653771297,0.1938154460031761,0.2963555580026759,0.2887278028033875,0.1411493827357392,0.1932025499182685,0.2315153462077808,0.1398163256013677,0.3544976691229083,0.2383969115422237,0.3804384634677981,0.3010530473320936,0.3377380429620021,0.3738151629765828,0.1818822829673687,0.150499983820538,0.2567241116670261,0.3812043406126465,0.3462598021142185
0.5992125602918169,0.4470531854279123,0.6167149913359713,0.4867104162466308,0.4578134202260314,0.6804832093304799,0.4575410753829387,0.5893077857075955,0.6773292278470966,0.5408403818202769,0.4242530030081413,0.5466034151688177,0.4194299056192017,0.5216962906555469,0.5852663377631444,0.4961820638711569,0.6114766395020089,0.4900225231537565,0.6568453039904132,0.5684018541586859,0.5869654198445666,0.5664239413972727,0.7047202276621906,0.5110257179780517,0.4902527856249963,0.4998636721690793,0.4415109065869251,0.4973395528892675,0.1284939608174738,0.1054135853856053,0.0947941595034055,0.0926545668840068,0.111976038924422,0.0971587943955977,0.1149051957274024,0.1190245142589275,0.1222077163009171,0.0996629620043598,0.1180319277648756,0.0963818473699625,0.0966734007534888,0.1035998620494149,0.103187253473346,0.100825373929424,0.1085865480446994,0.1071062139730671,0.1021378356024903,0.0804451067596008,0.0995009843284861,0.1226864750468606,0.1027973967484827,0.0980979322133614,0.1161394125656363,0.103279480311709,0.1115623489853724,0.0935080466100827,0.1032428346818211,0.1034136447206115,0.0928049110742016,0.2498948018347673,0.2941711966090435,0.3359179591330198,0.1573548077336322,0.255940104481346,0.2367415694455253,0.1411168878944981,0.3354644743698079,0.2050569291866762,0.4143076678029763,0.3265502445967424,0.3251718286683852,0.4225427193774117,0.140011542631934,0.1508259255667678,0.2339478075607783,0.4122600404423714,0.3520244923233986
0.5770771239941578,0.4536256814154528,0.498565324236209,0.4631858618383251,0.3428286637772213,0.6141569433077785,0.3377137364898979,0.4833716658415165,0.6399873049261819,0.4316081187866178,0.3738947087669471,0.4918702412957331,0.3528643062021981,0.4664623475783738,0.497725719629197,0.4673665655147856,0.5522056500378408,0.4548695242943832,0.6250261843394804,0.5287292521825414,0.5411349700167122,0.5470011544117755,0.6325993635475334,0.4671612388725018,0.3675381387663397,0.4800869200867633,0.348370902384766,0.4373763180337846,0.1180497271991825,0.1100058334411069,0.1005510900683433,0.093540267683968,0.1096145084401681,0.104261346871476,0.1041649722592994,0.1255789515524726,0.11677322730241,0.1015036723076104,0.1094240211524607,0.0984243239599891,0.096327280203381,0.0994223423598573,0.1099315627804759,0.1058294851793372,0.104215271307933,0.1032563067107216,0.0991869886011159,0.0868878921987419,0.1031817380789492,0.1274218688526788,0.1069828057208402,0.101394116322218,0.1162512607354457,0.1052807020308095,0.1108057864617737,0.1006733327933788,0.1107647891345256,0.1067886843299765,0.0984608526243147,0.2116278126471392,0.2934656775937629,0.2863476365095092,0.1608552995685598,0.207145079587486,0.2256687677138811,0.1010716387795077,0.3159385379654614,0.1599390069709012,0.3694913438876532,0.2236727366329935,0.2859260475443255,0.3675618448427745,0.133038471731079,0.1843995380023168,0.2672803145708824,0.3550746173682537,0.3536262414837009
0.6751681855983205,0.5895428370970947,0.6150917268424623,0.3933774857567862,0.3734659295943048,0.7038964288832299,0.4225915086124094,0.5589197830816672,0.6178639122819707,0.5414323574937863,0.4101629604398565,0.4276430767564361,0.3892089439465449,0.4547218112056383,0.528112068027258,0.4466513962370082,0.4684258962275068,0.4535284667425908,0.6189124090113202,0.5622409411632387,0.5614870880441492,0.5303998977083847,0.6252835859192163,0.4741685774582853,0.4701661825281088,0.496306292910037,0.4369581082139125,0.4052820312828566,0.1071927716406286,0.1108205084482603,0.0979237157954135,0.0997395712219541,0.1174331961700464,0.0988660207847962,0.1152184271177852,0.1277843567338147,0.1177184119910938,0.1019689830585867,0.1252904734997861,0.1026480887299842,0.1043826893284077,0.1087337768668912,0.1090860879263534,0.0995052853506092,0.1115372907656073,0.113079127771851,0.1019785438458992,0.0874126118362263,0.1070988712966559,0.1210909109897296,0.1069461449775047,0.1077841351593215,0.126963178223047,0.1111233480966542,0.1159778306417829,0.1027430053008629,0.1082069811237718,0.1068981609473312,0.0996205576137778,0.2013462236808897,0.2797958472979973,0.4562200062946415,0.1803153504626148,0.2162936363812742,0.2745591981902865,0.1451480759194854,0.3626865549016903,0.2464842481538653,0.3727933982187954,0.3119365787194444,0.3558629231284493,0.4012877195118329,0.1701910871908896,0.2358265302817284,0.2828857101770895,0.4097197875005576,0.3423003931202842
0.6205182334316819,0.5827560090730267,0.5512644276930412,0.449169353774932,0.3860927565795619,0.617361641241769,0.439733368930078,0.563880805851855,0.6737120170347926,0.5009700365517237,0.4037437854378392,0.4884252764121469,0.419279836574761,0.5102699489142764,0.5214880538890222,0.5296937081185696,0.5127101584548561,0.4440884182048941,0.6207921234698868,0.5330449250385054,0.569525073571299,0.5729513887023245,0.6199046596954751,0.492372647897994,0.4640053846111921,0.4601130568876017,0.2821911731888872,0.4964105356254947,0.1131879364337245,0.1034439557533467,0.0961720862898253,0.1035499826934419,0.1159018888423904,0.1004062930423943,0.1146375962531977,0.127364499746764,0.1251688102309846,0.1016741090530801,0.1146340559526639,0.1091728871093431,0.1036957461655412,0.1093419843057295,0.1142872342011216,0.1043513003568161,0.1091815248725359,0.1027663218513701,0.0969160324157702,0.0791206381790387,0.1100502027957813,0.1157521899875674,0.1097188745613107,0.103754891184072,0.1274551407582446,0.1025813809969367,0.1131156764431801,0.0995772289219845,0.1164537619837405,0.1094324759713676,0.1029397578024656,0.2404971779192405,0.2749630597686532,0.1495966126504647,0.1366416742544804,0.222238032590803,0.2073531975144119,0.0845175889650514,0.3727824957599472,0.1889121890199512,0.3927560183618749,0.2727986966885537,0.3447724664519572,0.3892787646163593,0.1760850283834669,0.1349298303483918,0.1933062613204036,0.3450428683503731,0.3718797423240997
0.6551128877326846,0.5665895372096982,0.6157317402383039,0.4841838788757557,0.3732688775023828,0.6855298850197256,0.4409520321786081,0.5463157294731007,0.6864364543409348,0.5350817277335164,0.4794860988021415,0.5136641918285242,0.4316560087482221,0.5394005387176712,0.5696619981387765,0.5474190998592217,0.582763219256276,0.4938201823793092,0.6437221293711131,0.5508016058869762,0.5949498415400094,0.5589942548959399,0.6708240268936827,0.4991664035191703,0.457655375735403,0.5400199415417323,0.4597828998657298,0.5498004285026332,0.1191754106659342,0.1129966025348564,0.0912782138480499,0.1139915975560378,0.1089501499471865,0.1007775183412961,0.1157436758276652,0.1299478608283566,0.1187237640144788,0.097686320406847,0.1129180795735965,0.0948504129504294,0.0986722102646865,0.1031449659525294,0.1314888755720364,0.1079961098683253,0.1177958493055566,0.103495449069074,0.1045945176028833,0.0733299771912118,0.1171975708868624,0.1168534644960813,0.1159109823654712,0.1051139232730894,0.1160533019615648,0.1101471250132837,0.1192014437406604,0.1030660154082427,0.110968217830616,0.1073315074278266,0.1121166731497304,0.2270667219693737,0.3222205941182097,0.2423335862729479,0.1543763752577122,0.2214555295149945,0.2303180101669408,0.1781016448069186,0.3951802792526235,0.2058074660590391,0.4543311394803633,0.3277440644467136,0.3542380557125,0.3440784203509489,0.1847476742875117,0.153009050157335,0.2259177571619796,0.3296532860011097,0.352883209916546
0.6870751025313451,0.5410384629095826,0.613457916843233,0.5351582203566573,0.4483890280976814,0.7098563495397305,0.4551153969092244,0.6048131613192935,0.6832886566604406,0.5491763185384803,0.4389300385956118,0.5405397361422462,0.4286355230402992,0.559746199786761,0.5725386225269549,0.5895214697183584,0.6006830697394819,0.4978082547153101,0.6538329603817741,0.5995575461718128,0.6137562120816946,0.5995794057557438,0.7045283435815664,0.5009658095177012,0.5087937629169231,0.521169916741127,0.5187438887914045,0.5530253953928518,0.1297878518338679,0.1115266755172968,0.1008432906157348,0.109247621026518,0.1154132802005341,0.1032865663827286,0.1105630339160236,0.1275380273780212,0.1267848523481085,0.1064704724577073,0.1094103560435724,0.1029621698353975,0.0995868342380451,0.109166881388391,0.1217485814279487,0.1134302181612136,0.1237347187364334,0.104648378381667,0.1113761788703212,0.094982938950667,0.1090949498566659,0.1286978194587861,0.1120903881996724,0.1056000214113164,0.1218845297927048,0.115767497988427,0.1218929546126802,0.1021640038230196,0.113801060268776,0.1094936997743188,0.1071235616540096,0.264523906628451,0.3270154773071972,0.203041529960253,0.161557607226023,0.2297452070209619,0.2679026751254147,0.1238948394908852,0.3915333433208441,0.1801487273658581,0.4179112053116696,0.3593136012351431,0.4181474857550837,0.4182009652646538,0.1485056695528328,0.2050058163848577,0.2470522603422918,0.3854895362668342,0.3557906358655297
0.695127701755516,0.6125323849106298,0.5549853842039949,0.4731348636696177,0.4096929742146741,0.6932470319251431,0.4346665859636714,0.5665987996835107,0.6851433304941548,0.526817375281067,0.4168319078219841,0.5034342856967899,0.4040932413724903,0.5241670940158933,0.5608723731917953,0.4499273772484489,0.5550038069515694,0.5140618638895178,0.6499824972899302,0.5885446251695247,0.5826898700043737,0.5725263444704456,0.6316078859815994,0.5070273763559152,0.4592713071926309,0.5033857758220379,0.5168446640907558,0.4746171803631375,0.1388719357943333,0.1090112487479104,0.0919021538498136,0.1025486899946804,0.1154532475296022,0.1054058700764518,0.1158654829612578,0.1332421074559932,0.1263132321013645,0.1005104391227169,0.1201974209234814,0.1106970070522437,0.1061467580439259,0.1102530728566813,0.1187120638015736,0.10720923101829,0.1156349626354826,0.1058178917035098,0.1067866502880368,0.0871875368029476,0.1131186360792923,0.1230026615623101,0.1141793359762382,0.1035458749970057,0.1312429388799991,0.115882339319955,0.1168859406251233,0.1012677498101403,0.1145585056255057,0.111297192593771,0.1133170558662274,0.223274067092105,0.3182020501843878,0.1928269774917774,0.1611975113368354,0.2117529300648051,0.2083379484977738,0.1129889920339884,0.4447537274523214,0.2383239371183156,0.3971026069440521,0.3571882815995477,0.3583153573134423,0.4149116371617172,0.1115753557828683,0.123879778931357,0.2097167972527739,0.3778755229895187,0.364266292111139
0.6052816843213062,0.5140566633593652,0.5616612638121856,0.4872062113307857,0.36261135880791,0.6708182580154114,0.3983978229141318,0.5396868925463288,0.6557258575542699,0.4954332698410391,0.4085569021846232,0.4852633267818462,0.3902870784588429,0.4971287834639582,0.5394905374578853,0.434564151089802,0.5442707620561122,0.505865274976746,0.6581947240943231,0.564765466298095,0.6008661893239133,0.5584816976106437,0.6099633305006608,0.4747448394988252,0.4486915250325745,0.4743080820636898,0.4712493806738744,0.437440794667472,0.1231160361807447,0.1025444463943656,0.1032209269347834,0.0951639288693364,0.1167341235512995,0.0981249784241843,0.1079047305022667,0.1276800715917456,0.1229574364483012,0.0937927809980592,0.1079362663430275,0.0996801185840076,0.0962770520153797,0.0992773740463164,0.1220015261769459,0.1086913145466784,0.1072193674854785,0.0948657186789073,0.0994965410678641,0.0801441773056045,0.0998800438941582,0.1216305248856704,0.1028765462188486,0.1093282754461293,0.1342767549062793,0.0957764740699145,0.1104572274933982,0.097355423149837,0.1059242374712109,0.1032891394008851,0.0915053491533608,0.2043476548877484,0.2641562437585624,0.1842810842873794,0.1397105785029584,0.2203323005026132,0.1991467249398248,0.1638984652373062,0.3727219349845271,0.1788477534918408,0.3906550383639676,0.3184668633522409,0.330956855726217,0.4070317371668319,0.1575381440834866,0.1384218294819463,0.2271216500993995,0.3602840728584013,0.3524700676067155
0.6685229869341878,0.5888378879198661,0.5978527099888032,0.4764213962462992,0.4157057507215319,0.6880905273274244,0.4454892137237182,0.5253403931157448,0.6493853772506292,0.5329917619981418,0.4577487874125014,0.5372633940029529,0.4484720287959343,0.537569596338251,0.5121078172528324,0.4945698044224066,0.5157655307391779,0.5302313359017907,0.6407144133200862,0.5799018015870263,0.5966574097529591,0.5800701479290614,0.6133834649291303,0.5098674884416682,0.4245275636167301,0.5182493925675761,0.5652338204693375,0.5285373535894212,0.1214553166999808,0.1138750464362592,0.0953050804857572,0.1085360300713718,0.1166683854000804,0.1038744595232241,0.1077104850099111,0.1343381601905467,0.1283041475672017,0.1056121477919594,0.109385093196056,0.1091371324548107,0.1048151996597083,0.1099962341199524,0.1257912767254341,0.1083390681938464,0.1137317485745777,0.0987166783747158,0.110429288751515,0.0937283860709149,0.1114450682822575,0.1246924846359809,0.1159868493978756,0.11403336555669,0.1227703079899276,0.107167024866781,0.1162276202289947,0.1043824253471299,0.1138025332531754,0.1107987554104384,0.0953349680316896,0.1926005894061458,0.2782783176998008,0.2372961147688329,0.1579022172424528,0.2145499110007508,0.2395843507152639,0.1183993909507989,0.3354333767322058,0.2352891381765076,0.4026635012957228,0.2588501434654943,0.3316554824116999,0.3348445257002657,0.1504148998608191,0.1730633814849199,0.2791603333602993,0.3951615761049708,0.3188620659066685
0.6445906385236606,0.5425481417312704,0.5798559002862342,0.4992884324016588,0.4070453827435545,0.6647663770910798,0.3924092903534888,0.564676251403095,0.6307212387681582,0.5279515482056321,0.4355252463663923,0.5017455948717272,0.3979462609814542,0.5189372602257497,0.5108833472758848,0.4966737065189164,0.5150396196548082,0.4666966455854503,0.6169191534272012,0.5373446289214131,0.5525347499625424,0.5355134885163642,0.6563850761358601,0.4598586109157691,0.4595626703390449,0.48563472828606,0.4488100626942347,0.491022127056036,0.1158822711548231,0.1089683498565511,0.0896482335088962,0.1037851522328199,0.1118039552059626,0.1044121341834567,0.1115467091925432,0.125020930707651,0.1152690442508733,0.1015920099988605,0.1062318310206558,0.1046041578785131,0.0972153604115418,0.1105054106228121,0.1117957223809432,0.10366737366845,0.1071903289134328,0.1042812603823614,0.0964383637779066,0.0814823552673168,0.1068066485770088,0.1084148849149047,0.1058035558620139,0.0977076379220577,0.1126037157572024,0.1068790666445994,0.1174298980436305,0.1004650078188506,0.1122032472449021,0.1147172896564516,0.1037592020583145,0.2082351276666363,0.2328689347379996,0.2842289033738657,0.1585285272352494,0.214603549330101,0.2158819730223516,0.1266252607318826,0.3345529009427489,0.2382834730876816,0.3527805158418073,0.2487952535392372,0.2914631731307123,0.3475375390768825,0.137393047257016,0.1261150962414426,0.2159856452338281,0.3600327430781708,0.3065714019158306
0.6536414694091831,0.6117250422636668,0.6275805806074032,0.5107253227529398,0.4323464414334718,0.6950613965985772,0.4539882170334125,0.5950682687653543,0.6745218690115231,0.5447449279486608,0.4599751135592231,0.4972678995346569,0.4387544825026813,0.538152770254831,0.5667814413039725,0.574384082447021,0.5863961031870628,0.4991458451326801,0.6380083283888371,0.6067267295898706,0.577225272798301,0.5751607234184375,0.665031520420301,0.4950146438958809,0.4983907585483483,0.5344017871713271,0.4767336410868984,0.530562812656638,0.1205748845557007,0.1150003646608233,0.0986228722520725,0.0942561927529123,0.1103198345661992,0.1066362833345202,0.1136933110737593,0.1313736887999685,0.1246889104113051,0.1035822509607121,0.1157804800414027,0.1031709324418411,0.1022408004582771,0.1079148669926007,0.1168043879216557,0.1162043639916901,0.1182061603511522,0.1116209915297704,0.1041826514313697,0.0690055308889632,0.122065386803201,0.1179012387211801,0.1221684978527692,0.1110097330928913,0.1192955292475716,0.1113799521469379,0.12311008238814,0.1120424566992447,0.1170985424848249,0.112850019388028,0.1078935224690181,0.2475911253653636,0.3189666739489664,0.2549378966396722,0.138188799381622,0.2111800369764224,0.2276661200106953,0.1830259859050605,0.3915156922081396,0.2204527951582194,0.3883416672237217,0.3347133701365139,0.349542042647285,0.3704528213589341,0.1591402079740708,0.1587238665433032,0.2405227068575877,0.3522398949983737,0.3504539283539933
0.6671075533178465,0.55225890296347,0.5977718363968585,0.4853932292644664,0.4502575578298538,0.7169431634575041,0.4129770430446724,0.5817175043970904,0.6386580949030054,0.5128864685127281,0.4801990051415549,0.5147350563908817,0.4332813483091179,0.5395265216062517,0.5645778838761154,0.5577477367938168,0.5749066035237047,0.4787895879357818,0.6131204782185663,0.6047660926588201,0.5876793842310135,0.5991641108942092,0.6843223803158126,0.4741544340379843,0.4658704411414395,0.4843090194488925,0.5458077527669758,0.5121949417948131,0.1220850405405256,0.1163362750079866,0.0936165474161029,0.0963477455540089,0.1140525297538512,0.1021378442037191,0.110463830082122,0.1239868019993044,0.110897966736203,0.1016423757130763,0.1141978494710753,0.0989435125548804,0.1000179276714379,0.1102254919938447,0.1153390414330983,0.1116657250574739,0.1137947952244915,0.1143234298492837,0.1122980363807326,0.0774034060878459,0.1073545183555381,0.12523359670158,0.1100756743028202,0.1032426502547962,0.1326698254261862,0.1127242916241325,0.1167098096593567,0.1037596537504723,0.109094319463767,0.1114905879605317,0.0859569692382217,0.2150624038256416,0.2814077614977046,0.2867954894850914,0.1574417044177575,0.216196361708324,0.1956668505654685,0.1031807870809536,0.3350024577973355,0.2183370569660389,0.4250411456591692,0.2579541173088467,0.2921739872875821,0.384802276507402,0.1930083557519883,0.1343419612027131,0.2283982538210693,0.3841032416665473,0.345502745305397
0.6059165198478829,0.4752954238916144,0.5935083102225128,0.5086094145785268,0.4368880054189099,0.6762526486334675,0.4154259444374262,0.5945141562117311,0.6243867143828831,0.5362961500403465,0.4591906691656996,0.5177746698686673,0.4409884047358086,0.5335743410471692,0.5415956434802245,0.5266536644642431,0.5691307667819716,0.4828967346247387,0.6692271075245222,0.561501049436284,0.6268546249374725,0.5883335630071918,0.6904669896338937,0.4978125151339599,0.4629828371658747,0.5421282293175339,0.4157005786832153,0.5099191862055336,0.120031021662986,0.1118901080996215,0.0902709733887888,0.1013795517684236,0.1098523515630708,0.1005700870760045,0.1107865306216805,0.1174042028470899,0.1195761680249598,0.0990320321191527,0.1159167007276969,0.0943073567593164,0.1032887863163355,0.1087912884431033,0.120685105187762,0.1108845533135821,0.1137897983242938,0.1068312482586791,0.1075363762898084,0.075245433991959,0.1100096281789891,0.1267683173101087,0.1076145865216584,0.1031156932868877,0.114725019622033,0.1093547402053704,0.1167371470782769,0.0971174595869819,0.1103969704236716,0.1094752101230202,0.1050346280493569,0.2386259164451113,0.3225031412276243,0.2591984921278428,0.2010833687877994,0.2610301673653218,0.1853702011329488,0.1165421512391832,0.3809168337703787,0.1966900684552341,0.3561818049726725,0.3191176253928466,0.3317595968770858,0.4243847450230554,0.1753407845942255,0.1293211353743891,0.2851018593666783,0.3624845314007557,0.3638598268117868
0.6620773231769029,0.5002888478020318,0.6119304064134233,0.4805370646790791,0.3342022618278861,0.7008568672610701,0.4472877705495189,0.5711950778986965,0.6421960480141616,0.5230522741213648,0.3857496338140164,0.4405423841536039,0.4044898359379056,0.5126567260503091,0.5194119765509042,0.4705849964708644,0.5506022534004216,0.4847978566641847,0.6360486649690951,0.5796387053021783,0.5830791197336763,0.5551413982935212,0.6384530754290263,0.4852451858675327,0.4614604782522113,0.5395599775412003,0.4714249001183686,0.4761549639989062,0.1147031739517031,0.1042962330535234,0.0893513614464794,0.102069577123653,0.1090809935181533,0.1024370553455868,0.1110756718697162,0.123727195778958,0.1124090518166577,0.0958015273381827,0.1102865618987037,0.0987095284965944,0.0934436876939441,0.1094339985446748,0.1081264155060487,0.1075995134443377,0.1108828292062659,0.1015863939518247,0.1067103324215764,0.0760713253541497,0.1027575088819321,0.1054529299017889,0.1015797163720481,0.1006159054226375,0.1193727765944002,0.1013389275029802,0.1101893423327217,0.0974394123985652,0.1114684321132526,0.1046562504911628,0.0964323826022038,0.2425098263185664,0.3066477716461993,0.1865004175377112,0.1485841907084206,0.213852448509144,0.1772373649852473,0.1216468815965687,0.3531389891010958,0.1950342963531315,0.3577917830463041,0.2884612171918106,0.2891856217009652,0.3303172953426837,0.149064624775201,0.1278566031803369,0.2595233134860323,0.402884766179461,0.3225508530294867
0.6290830201970512,0.4484431640275063,0.5925309872862995,0.4535035993862544,0.3525100970284992,0.6837968707096167,0.4286686952606452,0.5509997266746844,0.6926849248541564,0.4695389602381987,0.4408882720819143,0.4769835415490234,0.3975291121268767,0.4428783558455231,0.5435097892501299,0.4977844381779761,0.5541486454908419,0.4657170277419262,0.6251908558988314,0.5874206431402613,0.5884948510069521,0.5947805248144967,0.7006653495565132,0.494731770834518,0.447723838337437,0.5283026955963043,0.4559743267913021,0.4502193641860375,0.1143177821048735,0.0965576623963135,0.0808898974766295,0.0930859002599336,0.1073290829051802,0.0907526222278253,0.1023322716829982,0.1233676634359651,0.098461718212714,0.0912157047300974,0.1077666958881792,0.0964067140293049,0.0990519865421102,0.1002043372193629,0.0980675801484149,0.1029221759200993,0.0957155676819055,0.0995451207849241,0.0913039451857393,0.0743985269970138,0.0946077846054391,0.1166173546117295,0.0911777761740376,0.0945524696831563,0.124020157921526,0.0999268641473212,0.1066246281357522,0.0875669364660351,0.1007007359211889,0.0980568724681604,0.0922200793880214,0.2071117066670263,0.255017363748882,0.2129774004156174,0.1085459804997984,0.2276208233011984,0.2004401892402415,0.0899734166434459,0.3950837702868213,0.1525003040395915,0.411155200340675,0.2765883246870865,0.3395175704266875,0.3977492111069814,0.1356316338559346,0.1500966989589893,0.219307493945748,0.3955302585817907,0.3372987480453994
0.6907409115859975,0.5477021271890065,0.6123298257723424,0.4838991298002113,0.3726672176271677,0.7204541491670765,0.4572502687519516,0.599055321988414,0.633372970002064,0.5223654165148299,0.3988595281763554,0.4771508736345229,0.4125251851984678,0.5094942495757868,0.502259871212172,0.49638210129272,0.5103437973801379,0.4593193436104459,0.6247428837488742,0.5761961865645719,0.568220513409529,0.569827452170649,0.664850073521571,0.4670369484283824,0.5300334030563716,0.501364179022046,0.4840618013963103,0.476827189753172,0.1228826734632172,0.1150735925570938,0.1010177922671965,0.1096219507949798,0.1205004230627739,0.1085941481875478,0.1130659253851374,0.1328346124762111,0.1334842098017413,0.1071956984186076,0.1168424086934529,0.1093284027641676,0.1066532518886558,0.1080740745210292,0.1167397357408648,0.1130402353249682,0.1191201392550847,0.1073004020349565,0.111029310902799,0.0955992208931277,0.1152018956808169,0.1150298305187941,0.117288101423751,0.1092834229758186,0.1449130144411043,0.1135923736190862,0.1248740589057416,0.1096950320395826,0.1135815074091876,0.1133757922347424,0.1038873825474571,0.2570250241475459,0.2977275994934877,0.301109853683407,0.1703704550826426,0.2286878241127274,0.2584471980497707,0.1578963666003854,0.3737682460954314,0.2490864492553685,0.4129780565805699,0.2974746463907479,0.3391640552912246,0.3723417147994041,0.1664435801526101,0.1986502055568914,0.2689396746129016,0.3633251049618828,0.3673878166521372
0.6764546691085688,0.4657366830441687,0.5960700225032282,0.461310437936855,0.3835389460463308,0.702954680252036,0.4293690439246495,0.5733553858837316,0.6356004616655206,0.5389586997449893,0.4205011305774693,0.4614501469217666,0.3993733414142704,0.5018014718071407,0.5297112761788365,0.4915859791998109,0.5676987038989545,0.4789539291746444,0.632666067587309,0.5917496070620035,0.5529391130277233,0.5661302550356149,0.6722518245653366,0.4646666909203576,0.4924258856174962,0.5216331877909145,0.5477700745876954,0.4895996293984353,0.1175024074590161,0.1009195466398956,0.0900225286907312,0.1012320489158908,0.1112409960126586,0.101517475027988,0.1061712155911952,0.1317061747752691,0.1147886575969807,0.0964833792345786,0.1128570767794165,0.098971300919395,0.1069958301347212,0.1045559461573856,0.1103883325509005,0.1110017985902384,0.1049765161398656,0.1081608457028694,0.1024807609850926,0.0759559484672474,0.1065254862116709,0.1177944423818823,0.1041377173584665,0.1038727857341319,0.1128506301926924,0.1019594951207499,0.1154126453790746,0.0980401569858241,0.1139841974796791,0.1103882950016011,0.0991467309613702,0.2507388419683345,0.2806901070099044,0.2488439168602909,0.1539563950395162,0.2193947812288411,0.199160946599538,0.1028031868776096,0.4129250468740265,0.2136630325529135,0.4064662404576099,0.3622589972728275,0.3855769675853964,0.4153513212998708,0.1795938003187377,0.124090328760507,0.2239529122641672,0.3461808470982526,0.3194789614833769
0.6763364066123109,0.573145828438255,0.5745836364349236,0.4830819344878236,0.3990779256642754,0.7157000859848504,0.4135378411445643,0.5482128179441483,0.6645323435732272,0.4954275251589489,0.4175260896691396,0.5026701631193647,0.4029805459547555,0.5298596218564149,0.4786476430559158,0.4679166995819168,0.5252108133584645,0.4750485978907857,0.6620386508280958,0.5830042905311142,0.5872770733545284,0.5765375163849495,0.6075649688109497,0.5031832200285755,0.4758584784633323,0.4934304507524449,0.482418482042939,0.4706830040376577,0.1287868071554733,0.1060858191137515,0.0848051141791242,0.1080053335610383,0.109937732623263,0.0993138748837628,0.1126295173873493,0.1242686556709341,0.1060145699860607,0.0988152480767406,0.1146821582573824,0.0928923967340833,0.0966616370441487,0.1051357176864509,0.119024407517918,0.1012368689034662,0.1122243030941041,0.1011040189808216,0.0983478265299974,0.0764982836940018,0.1105840437302196,0.1184607399833242,0.1047405098961732,0.1030157533363129,0.1219165659272252,0.1016892538382045,0.1109419517832115,0.0961668923053289,0.1081936787890974,0.1036835723774195,0.0998059515967379,0.2090462729321037,0.2870088129193502,0.263258798326607,0.1507235644595863,0.1989470180213346,0.2099837030485676,0.1124500840122245,0.4112764517595241,0.2267709651313648,0.3796842317721802,0.2742185687199671,0.3310092066725095,0.330432853446557,0.1507226789200847,0.1319572562045294,0.2655832092251364,0.37780753302709,0.3455280288761737
0.6557888603939083,0.6149154728605547,0.574895237117191,0.474648132023209,0.3911941693011058,0.7085148209509083,0.4296158929946594,0.5693065777472143,0.6964806297395666,0.4982109323599439,0.425996719971377,0.48909283348458,0.4176136302880232,0.4956917647916339,0.5615525310206015,0.4947175811271048,0.5482500160127999,0.4841659513753995,0.6535764009448581,0.5971105819547569,0.6034857447257176,0.5749141528733999,0.6525319800718178,0.4845397608519547,0.4628374974311344,0.5206254335825127,0.5313561958364381,0.5021794518503623,0.1145929107667712,0.1024348030795223,0.0925883468588222,0.0991791737188721,0.11336981569669,0.0953391264825062,0.10623992133973,0.1213348668958659,0.1190464902660684,0.09872169862472,0.1105439006235717,0.0996285834801948,0.0975291511772249,0.1082899287032577,0.1246706514488296,0.1023058710100311,0.1062183809323756,0.0974501465442627,0.0992053786116814,0.0764732916192489,0.1048923143478618,0.1205515799088173,0.1060672045142495,0.1030077659756044,0.1243518521716574,0.1071463693630168,0.1102351743312809,0.0960288516972515,0.1047999249472752,0.1026902355936245,0.0861884643131957,0.2274709743896981,0.3194421646859786,0.2510783435434274,0.1446688242568644,0.2265508296874777,0.2130326965959089,0.1095420618061766,0.3994412638615116,0.2317537647353149,0.405252456456601,0.3588492647605511,0.3435489683498895,0.4296045320374625,0.1173942037858068,0.1056244158699255,0.2483857692630808,0.3824125004403695,0.3713976047929866
0.5978115229045644,0.5268616833544653,0.5923540495847218,0.4714911805273171,0.3591557061877743,0.6869825039952787,0.4136259243510349,0.581054171970613,0.6512197473699531,0.530044690008301,0.4287600318731445,0.4638200251950162,0.4128373186978674,0.5146821324489499,0.5153459688440309,0.4892204864433779,0.5363404470892428,0.4378422042968487,0.6260320729781438,0.5603668637248601,0.5852690295354899,0.586323218724723,0.6504914840259233,0.4463731475534825,0.4493604354545936,0.4991433866330594,0.4121344515241986,0.459940804724026,0.1303673555813463,0.1029033681676531,0.1013423961353353,0.1020963028105252,0.1079278378848909,0.1019156493474024,0.1109087569528552,0.1362006482544248,0.1164113633231449,0.1038894411987033,0.1137686827902786,0.1001568734957746,0.1070924518969744,0.1074262325412853,0.1193176459301761,0.1061660924179171,0.1171247630508224,0.1181459373184765,0.1060007785359707,0.0806454549499121,0.1064165789880984,0.1198958664069448,0.1069635682924621,0.1045063926907263,0.1256264688917238,0.1066933608170347,0.11742478888568,0.0985988970654813,0.1159927423886814,0.1140242842007787,0.1018133756681423,0.2221435358063602,0.2887909318120715,0.2686284215612844,0.1539085788411361,0.2237620313228236,0.2392077755785349,0.0974148873458889,0.3490965408978588,0.1847911958692403,0.4190155743738945,0.270429792359653,0.3430849294884189,0.3711356750943444,0.1637144673785025,0.1719845770185606,0.2210305718501575,0.3785059863168649,0.3218288623150607
0.6478641217951713,0.6041016201972962,0.5991681986919375,0.4929793084064368,0.4247460896721935,0.6989987838207392,0.4254106990459994,0.5460065285505258,0.6807086238926972,0.5250211081834024,0.4319023742192828,0.4953371348830294,0.4097478943369738,0.5031396353622272,0.5319108335757523,0.5118578695507314,0.5647478710325251,0.458991939770674,0.6425055992672042,0.596678093606986,0.5865607768571265,0.5913239861321806,0.6540936221863736,0.4715808860641096,0.4605766070498661,0.4996388095677805,0.465210535865721,0.4823674839645834,0.1188707237136114,0.1189437272148387,0.0995348737546208,0.1102851997885302,0.1158702551241323,0.1055184906673466,0.1154651768573453,0.132273534505951,0.1350789804925046,0.102040183539885,0.1209826723485748,0.1015793484302026,0.1016464610093698,0.1163454645911163,0.1198916443310851,0.1009461445598861,0.1131941765758212,0.1128768949714682,0.1109590586055062,0.0789104136171373,0.1094613260490102,0.120720587107148,0.117158932393481,0.1079373726451414,0.1276671648795733,0.1104161092183931,0.1137740906330335,0.1032648151338088,0.1133815500098515,0.1122921220815518,0.0999373491963035,0.240562254278215,0.3328713530539056,0.3119879723034845,0.1373947467275515,0.212905661278227,0.2512518149748352,0.0718329958617686,0.4513222923337974,0.246399278029622,0.4286719238274989,0.3170457210241656,0.3582704889131527,0.3868170837452123,0.1539955811145213,0.1766101937042174,0.2744875219609479,0.4371899389922025,0.3416635936071582
0.5288396768726944,0.4552531505823135,0.5331999115182688,0.4856632123279035,0.3836311380450542,0.6464981534341672,0.3854634967456789,0.5799551121609426,0.6309460248722929,0.482450302989534,0.4300500366717782,0.5130087736099107,0.4287928777171607,0.4534618302934275,0.5288773986300761,0.5183529413315644,0.5336797285802586,0.4946586739404507,0.6786657416610726,0.5364546038694025,0.599762175372776,0.5466623146088374,0.6116523150832163,0.522518178206141,0.4474784731613045,0.5046278641914955,0.4072990856564569,0.5126050714817312,0.1191458383124452,0.1047775308341571,0.0891120910581489,0.0896036875308215,0.1048238605710481,0.0947330029203046,0.1007544545068979,0.11774782011199,0.119764003954207,0.0935385955249254,0.1073165741019937,0.092111357280175,0.096692244919915,0.0971818695875167,0.1084986096873922,0.1035218679705028,0.1078864086238186,0.1051021235801243,0.1003426417860115,0.0705786303800886,0.101456437610127,0.1247392534027733,0.1036496659767189,0.1010433540593686,0.1162661646786025,0.1101631958377019,0.1152757568775523,0.097087203128277,0.1059058258317073,0.1058238217547842,0.0905645522767622,0.25449482838087,0.3029671182356505,0.3642969673499464,0.1690325877517532,0.2450949487112586,0.2323466171188707,0.0852838629039755,0.3698150418698788,0.2005169098528467,0.3371367256038704,0.2840454014146932,0.3197300925850868,0.352755531668663,0.1337770282883535,0.1909019503087883,0.2648028430760244,0.4023071681612286,0.3383490764187817
0.62838542561634,0.4993316047787666,0.5538029606664828,0.464666398632689,0.3350707696198107,0.630508227539914,0.4508206695131648,0.5531385964656024,0.6076720853524085,0.4884569046861689,0.4086979051228261,0.4096686360935438,0.4170546724749877,0.4823175435436546,0.49251158453924,0.4483712537447808,0.5043809774021307,0.5173456552897717,0.6494997701098351,0.564551739822898,0.5680090421358601,0.5621477426572109,0.5886364822387296,0.5194308046864762,0.4480378284334696,0.4984120600603825,0.3850413890752802,0.4132837771375974,0.1150943169524681,0.1131093561323457,0.1132291040092255,0.0970087386624508,0.1190695295979754,0.1060685668852792,0.1133819857972822,0.1256614843220341,0.1212869049612508,0.1045013934492248,0.1104884161010325,0.1093769637725713,0.0997967988805799,0.1101449738644351,0.1135239223833869,0.1087114377307422,0.108526987547064,0.1001127649567346,0.0997936798821153,0.0967550367908317,0.1071695092159569,0.1179390313975838,0.1089867593120843,0.1128461592398367,0.116698548417743,0.100368236104893,0.114732349133399,0.1015628771980741,0.1084801479108276,0.1073723273637282,0.0969146259095785,0.1961844292147343,0.2271976884788809,0.2509693397829929,0.1488112509438117,0.2240054229070538,0.2307002434375618,0.1152928881568922,0.3011611456622918,0.1945430249375453,0.2946351718072336,0.2484406180513407,0.2886851316464669,0.4042414470829746,0.117670340463519,0.1796285343607739,0.2443562444279249,0.3383058967132736,0.3088202287256717
0.6832444526831731,0.593995643919017,0.6111496267628066,0.4893624840008201,0.4513852085336383,0.7007616036292992,0.4422506934916864,0.5824235854972,0.6825438813621816,0.5519809358583907,0.4626313843196862,0.4963811485746944,0.435318993456199,0.5671953388281263,0.5828171155997743,0.5299294187915843,0.5863284246612002,0.4955113071142285,0.6683932147563982,0.5843239593528061,0.6303553495918188,0.6187241418105104,0.6534217311874749,0.4851666304293994,0.4721344223865659,0.4890767345465326,0.5127917018746352,0.4883172066180736,0.1246666573724399,0.1095169281756137,0.0984169433044581,0.108771480625381,0.1150444126233509,0.1091664052848086,0.116637434766387,0.1261842555363293,0.124394003935963,0.1078395788556549,0.1143846406160393,0.1086306876714843,0.1011947643449557,0.1138537883411562,0.1197140134829185,0.1093250637302171,0.1175892687089653,0.1082342341515533,0.1039411619978093,0.0873792261809261,0.1039414328255364,0.1336458568538859,0.1133679360539408,0.1098604035855152,0.1420546472203677,0.1054537703887766,0.1190938665356187,0.1043640992679764,0.1141040125572788,0.1116381656076558,0.1019911498380861,0.260201575122635,0.3441339497966107,0.1878782771320806,0.1747296579818016,0.2203738077181936,0.2044990750876213,0.2067663911657006,0.4238489009439945,0.2266281219829369,0.3831018411760372,0.3577068501611156,0.3870680089679658,0.3700574450194835,0.1539281196384267,0.1264381154829268,0.2396870982004227,0.3501772015417616,0.3996779626073702
0.6610859144950308,0.5729559921556049,0.6037847704016176,0.4517827061266046,0.4008411810428965,0.6936578232956306,0.3931318303667392,0.556579035002565,0.6548704844306723,0.5014354127627766,0.3774630066323495,0.4192178980418605,0.3895391634991102,0.4811324632885662,0.5151381433531511,0.4105510973221316,0.5418855099874231,0.4799247296037919,0.6294647095144029,0.5286153988895985,0.5379633791429674,0.5103657163169999,0.6360923990675088,0.4810357982962662,0.4378612746512982,0.4773634821507933,0.413721925895171,0.3595810173344554,0.1245424308788932,0.1126052143598053,0.1022274404266637,0.0860588781015249,0.1152185602149211,0.1092475489641953,0.1146528737315261,0.1306838073607562,0.1263468626272315,0.1091810370229759,0.1171584752596283,0.1088526415568075,0.1049271965102747,0.1124479813728212,0.1239022314460506,0.1112647877279841,0.1180707506094156,0.1083122460313476,0.1114703566656729,0.0847717881619166,0.1061713736313487,0.1179035596953159,0.1118093757813463,0.11155529881908,0.1233818380863006,0.1163918316023652,0.1222369010869281,0.1063182955972489,0.1124444704430463,0.1126443502287137,0.1070983297137149,0.2352499361288916,0.2919355389198956,0.2043672686612063,0.1245038259828194,0.2045346543311862,0.2436851498998749,0.1194214761551273,0.3515032123492545,0.1873434479877521,0.3858167667933099,0.2450427947979834,0.2769365660075483,0.3721711225807667,0.1662933072075247,0.2174449654111822,0.2239545768930351,0.3842153259413752,0.3151673399067173
0.5339958378482104,0.3950821521746762,0.4904058474537432,0.4457333955995159,0.3023431036893914,0.6202976240136591,0.3407666904741253,0.4769990679182958,0.5678308688772077,0.4101170221927179,0.3270433227060799,0.4002707073540958,0.3454970152226084,0.377230886737763,0.4648103188057229,0.3935601629568421,0.5001561467985173,0.4221914537336705,0.591499846504068,0.4806203460105499,0.5007209307560516,0.4538442858511663,0.597290643136259,0.4224840667818669,0.3708365155707939,0.4389975465170068,0.3387227760641002,0.4239857766671409,0.1147231483878119,0.0891707937854141,0.0826324767451038,0.0850712248525547,0.0925035108998932,0.0877542120308245,0.0922141603341941,0.1008839214592877,0.1067917984433848,0.0866567763061003,0.1064562123854379,0.0861758563550426,0.0849736123183943,0.09142977452704,0.0918285822454663,0.0949706845292138,0.0951743939190282,0.0935597145055305,0.0898124622568058,0.0783986183117266,0.0874142560702645,0.1256473273756815,0.0866693416382334,0.0906988556620138,0.1151197443201324,0.094644949493636,0.0978370908836865,0.0813038579192154,0.0960442895064744,0.0946204250947023,0.0906751804070869,0.2194381067700259,0.2373686179232138,0.2309986162360693,0.1190789514579451,0.1858975491207812,0.1913845027046392,0.071896507576304,0.2571266767342816,0.1648653027439615,0.3217373701618677,0.255159317406223,0.2904349742382164,0.3488401028017203,0.1041796802439622,0.1393577994123679,0.2411428935599241,0.2916783073945252,0.2341842679964268
0.574337448599518,0.5028832506025787,0.5577978191648835,0.4843305895685764,0.4008421101758899,0.639519620895337,0.3798382969162162,0.5345241411761701,0.6161910330902114,0.4942466498336676,0.3964236279313148,0.49547636146986,0.3844033818089276,0.4574993992351112,0.5366054158231368,0.4632014418694348,0.5812667512951734,0.4591437468661027,0.6291412392360429,0.5719500968519212,0.563492734713773,0.5264008273773355,0.6765519239895138,0.4648744210416718,0.4195244111979939,0.4792426928788253,0.4476625937514343,0.4576204459088435,0.1103341254519,0.1073777413711907,0.0914043154130629,0.1060992841525465,0.1133314511400001,0.1026050894990255,0.1026147883599188,0.1244657250417511,0.1161705123544461,0.0989100760900958,0.1070803267788761,0.0918016240289451,0.0919662949323063,0.1073401743790544,0.1073477297800586,0.1046008532573544,0.1168388300382217,0.1065296463117894,0.1024057287854212,0.0762187360581298,0.1056739021439474,0.1195882671728228,0.101994790238758,0.1047886705980811,0.106914246876024,0.1096288902512356,0.1106997044315757,0.0990550205902029,0.1136571502252477,0.1124092217801766,0.0931874974880066,0.2406036479394798,0.3456826153393486,0.266918315011168,0.1751506814255904,0.219489994549814,0.2322715636037793,0.0838622183332012,0.3726533269827641,0.185290528892175,0.3595408323811087,0.303369823938761,0.3341999614439535,0.3699297694059518,0.1487464876579386,0.1763814316837788,0.21577388706484,0.3936077090945051,0.3924140719740042
0.6884206361994591,0.4937749649208736,0.6233708198551692,0.4979703965768564,0.4372050055179251,0.7252116658047582,0.4352956925451969,0.6060706743535709,0.6813161886731737,0.5229481336326879,0.4778196121991117,0.4874408124212914,0.4159731498460743,0.6003435566537236,0.5094257579496764,0.5152517561566702,0.5360332820078602,0.4865779630188855,0.6484159218000882,0.5656960915961471,0.6213398636057939,0.5846870546238283,0.6524254117332571,0.4903545155580512,0.4711158704241939,0.5139292536203639,0.5523577730210149,0.5060973597821032,0.1275323916580162,0.1114812041584957,0.0977113249405826,0.1015891965592064,0.1222611375092391,0.1049565563700113,0.1121721897075578,0.1342271636564203,0.1300563689586494,0.106144578486171,0.1193685347992433,0.1070953725427081,0.1002016113501615,0.1152340526550871,0.1207836240557485,0.1249801924999683,0.1120898535932815,0.1138952814966311,0.1063666913090099,0.0815036472512557,0.1127135289423727,0.1323125689432562,0.1157170320456935,0.1088645552912524,0.1325685701854771,0.1120962046855611,0.1199798328673259,0.105630184125846,0.1148465279120418,0.1116362874792225,0.1034577144618735,0.2203772688053207,0.2773706820999195,0.2023555522837808,0.1419309157476159,0.2243491516433884,0.2102810184674874,0.12945380099853,0.4428420904980663,0.2249520512346865,0.4056218412355201,0.3027326803921869,0.3138208462542376,0.3854975399850796,0.1627755623310804,0.1328327972497402,0.2183669240367186,0.3887370135895777,0.3716358982638921
0.6411120496297846,0.5951016550102541,0.6147108592023521,0.5339651078821257,0.4392746583091638,0.6746109137708223,0.4513647887400387,0.5645646839111085,0.6571717152113471,0.5187721961986307,0.4101636053397957,0.5039020001235394,0.4334824221056936,0.531291362852597,0.53246146516209,0.4892441508222451,0.5796175636227345,0.4696713865669845,0.611022957587161,0.5726064213832736,0.573204224617869,0.559761552490642,0.6273859569051287,0.4890793123109014,0.458797692573525,0.5079827508803099,0.5230793781458921,0.4546295992098748,0.1242497045402472,0.1113938479344742,0.0940270591218446,0.1010666158012647,0.1117503286013117,0.1049736010279256,0.1140330548025159,0.1308498229617181,0.1329113658617638,0.1011660109040046,0.1127656933716694,0.1095678856187467,0.1005329690533473,0.1135703561809019,0.1141027177140222,0.1134108586951113,0.1159529653603914,0.101608659351229,0.1072579654363505,0.0782562470213614,0.1095823836167547,0.1210484925037197,0.1123139828214409,0.1032514082511046,0.1288428330649174,0.1046706213321445,0.118832465462361,0.1025345424037998,0.1130491243419153,0.1110752887457078,0.0985975671080549,0.2279105303676187,0.3009876073084894,0.2354360591328027,0.1452641567998513,0.2195571447556022,0.2449080606975632,0.1174027481251151,0.3320919498292412,0.2256793629050323,0.3569439921473747,0.2911904382829864,0.2935167949533824,0.3689656874963215,0.171290625197192,0.1920549305823613,0.245286040176861,0.3640144284242435,0.3377454294623847
0.6605175823494128,0.6163184174469539,0.6083875805715829,0.4518186900282411,0.3668491176880189,0.649476942811979,0.4029039316416478,0.5349445235703383,0.6323866736351509,0.4960481673878767,0.4466377195522286,0.4520278720116793,0.3951955171858827,0.5395274215740808,0.5475478334494751,0.470794415980882,0.5292328733899683,0.4278928497823531,0.5922844504559164,0.5594793447082913,0.5602577229894967,0.5453376491199602,0.6450273442578305,0.4528040112079349,0.4367325050919349,0.474382971084842,0.4253339142488248,0.4575505566506922,0.1127540247231689,0.1163547642931976,0.0941632389351418,0.1034696018715282,0.1094054341205937,0.1021790400619799,0.1037167235586511,0.1303676464937582,0.108689353574548,0.0965946109207569,0.11343034950065,0.0961645617089913,0.0968338250116252,0.110346646289113,0.1233122040005661,0.1082729526411113,0.1162010232985489,0.1078026445674154,0.1037475271776461,0.0741825413003927,0.1115805801207911,0.1083473166918289,0.1140713051178776,0.1040409414393493,0.1193977004930609,0.1085869689805358,0.1175161186807865,0.1041693600870262,0.1153567025101973,0.1046773296460288,0.0912286415408755,0.2186849404761813,0.2956824721630667,0.2488478237184985,0.1308377411116135,0.2042531462355169,0.2106669988459876,0.1008248036572088,0.3433689367045801,0.2649878775978341,0.3601300375791018,0.3149535670025007,0.2728838355233721,0.3253799978626798,0.1626257221142832,0.1539288185624662,0.2807096108458096,0.3693242155501588,0.3264640320362777
0.6924614435840691,0.6044193638695611,0.6473538841817542,0.4435292565461948,0.3710450299918421,0.7102968811588799,0.4626429202102106,0.5895817821938674,0.641136866820839,0.508302624482621,0.4778549057828603,0.4736815066601287,0.4507664871630487,0.5566236544758655,0.5368593353339854,0.5358597374958098,0.5467797363848108,0.4643165736176083,0.6439976855671403,0.5930809990126281,0.5876073567899636,0.5500499939407839,0.6154971405533707,0.4810285732230495,0.4832842416262653,0.5016552806322213,0.4840584474878855,0.5015756276200342,0.1209583478451838,0.1190080729041599,0.0972815272642024,0.0921323164498703,0.1122019325651187,0.1051641566254171,0.1108250105361422,0.1277875054528995,0.1255173379910408,0.1016105449783734,0.1139268207327827,0.1062177288700514,0.1046986738782764,0.1122834292562112,0.112490780096699,0.1145129690197468,0.1204198389060499,0.1001754282418722,0.1126217913860295,0.0811098460404586,0.1104542206947901,0.1173971440536385,0.1178870224720883,0.1097004639126048,0.1210837942505529,0.1094965278115659,0.1177874295772457,0.1044492408614781,0.1141360504147524,0.1097905000839434,0.1111699024308247,0.2480619882214471,0.321075421793725,0.2793250236488964,0.1456700576208129,0.2224368926342319,0.2247494559418922,0.1302447299769972,0.3480914917109268,0.2494902945594752,0.3753040302067231,0.2817685101883813,0.317276054834865,0.3485523905605077,0.186781301417134,0.1571871969671476,0.2608401926003751,0.4527831676951694,0.3179231185791759
0.6558961236468904,0.5142213625989798,0.6061338591318675,0.4873612881519578,0.4369866810310846,0.6836080485233191,0.4760255458014094,0.5997881833860519,0.6749177767207035,0.5352788353754077,0.4202969684348431,0.4720599668951525,0.4122151902283809,0.540645966411921,0.5315978221398944,0.5281895953696191,0.5391019939382069,0.4744246549407832,0.6386306536512327,0.6211122864528293,0.6122187511738624,0.612893834105128,0.6717425956354512,0.4945361599112835,0.5076010685340928,0.498560206862352,0.4849055096572813,0.5042170640731615,0.1206668262632294,0.1085367337806224,0.0884881259847765,0.1033318539112206,0.1145401435997531,0.1015443626017824,0.1041539698389576,0.1288115662536572,0.1152154125148758,0.092788636748301,0.1089071990831304,0.0951035979552398,0.0976992842110122,0.1067547964652533,0.1152392307832697,0.1180937470973078,0.111675923768343,0.0991329008831856,0.1049965995594793,0.0687397389559641,0.0984361627594223,0.1181377753157516,0.1061617745851506,0.0998789097468061,0.1158037200330808,0.1094612744161526,0.1157529292866273,0.0945320961287159,0.1076692307580773,0.1039380151943548,0.0915275344409206,0.210329572710404,0.2931373996261179,0.2529965805772104,0.1435553965725527,0.2157371460443333,0.2107838700813057,0.1012316104689878,0.4437141491700882,0.1982113702810908,0.4157455201450997,0.3140507486010309,0.3361942756733306,0.438051433612903,0.1656957877178986,0.1020099551345292,0.2544553871036737,0.3954568105857017,0.3745110529453255
0.6802391370795653,0.516006219734266,0.6199184526744999,0.4827886460153135,0.3643240267901044,0.7162854307182568,0.4388087364447772,0.5794191076398603,0.6499296741504437,0.5287173161120148,0.390445713087429,0.4385738626990281,0.452113203529964,0.4989013236833589,0.518524602391297,0.5489065296778336,0.521635824728652,0.5145055841798936,0.6525538374494383,0.5591712117489851,0.5928586583442637,0.5708690008650458,0.6669454002930295,0.5157737750882776,0.4771882952076703,0.533739016658149,0.5211368604718397,0.561010151121543,0.1262558026974432,0.1093486063882877,0.0908996678712085,0.088993554614447,0.109599432693694,0.103292246468496,0.111468450963802,0.1223609896462538,0.1240640366090758,0.1045287717964371,0.1131891281723751,0.1013859287358516,0.1071597582526413,0.1087643045682681,0.1118285069684206,0.1008929020779527,0.1187267630161102,0.1026757662717383,0.1040048945521512,0.0788755821787919,0.1071032595870465,0.1345219112274336,0.1092626986734112,0.11372849993192,0.1257907813525084,0.1162519477509341,0.1167744752454378,0.102852589898585,0.1123135032779218,0.1081747307528504,0.0933106104527299,0.2515077847936368,0.288712898553739,0.3515259657914822,0.156941505253869,0.2348678415366416,0.2036282176667875,0.1028121186475105,0.2977469582736337,0.2181058994361332,0.3989824626881342,0.3467311449716553,0.3953455271761095,0.4749232823443081,0.1597404618348393,0.1605814536388366,0.2822899871087718,0.3663810266159809,0.3239564850857744
0.6353454905073534,0.5921161567044054,0.5923580958190802,0.4550231453539036,0.3551356978856112,0.6838134721698004,0.4064543221438174,0.584165129845942,0.6371082380057868,0.5033858649736205,0.3728716998671492,0.4642060228021605,0.4010315793728093,0.5072963573251317,0.5286679911936445,0.4471719681983096,0.5474149870217283,0.4668500909271924,0.6118408516266877,0.5629446122126935,0.5642723861990824,0.5490187677938987,0.5925647784567316,0.4653123821902125,0.4716523997547182,0.4924461704860415,0.3812826181921076,0.4214261320677875,0.1211537398822781,0.1045422968266667,0.0990009429272312,0.1009801151979386,0.1161617300069578,0.0983572870330057,0.1118236287375447,0.1254110830668284,0.1253425809450491,0.1007208591904073,0.1120410280401904,0.0999143765827631,0.1004475925563521,0.1126515714944954,0.1027596941334273,0.1033855299670904,0.1156981738613914,0.1058512802948279,0.1070187056375304,0.0848278553777923,0.1040347770734269,0.1101455320403625,0.1067596802912997,0.1021723797050011,0.1204729835419158,0.1033959756146668,0.1110625708260272,0.0982361101824184,0.1110574856828554,0.1063893737691827,0.1045368675209265,0.2198274287954562,0.2831053403442692,0.3084949369633237,0.1680170262933013,0.2071429290669031,0.2304873298602987,0.1056540743545873,0.3366248181469186,0.2221950206713639,0.3750265207874865,0.3056628484678827,0.3221381040625707,0.3694137084342184,0.1544156998085479,0.1350523432603839,0.2474044850077219,0.4095858546754479,0.3265592829634746
0.6097744113618353,0.6075425981805566,0.5385199900582225,0.4726632429868949,0.3920911619522301,0.6884770026985126,0.422248223477035,0.561567907165627,0.6581251383887328,0.486288135475275,0.442174231781225,0.518666474298396,0.3842889794769786,0.5302347699838756,0.5429471408261015,0.4793487958303625,0.5694304940167558,0.4818155686276285,0.6270598130343314,0.6097879232020821,0.591724839235442,0.5600976236021206,0.6523534104595949,0.4579425327700653,0.4583422267740523,0.4877407186768591,0.4598152020052306,0.4652530594274054,0.1259726670763558,0.106566220056835,0.0829584873614122,0.0959454265423088,0.105489400356772,0.1014759105455634,0.1055770318972796,0.1222088623417222,0.1184344602762423,0.0965229537956666,0.1133454606465124,0.0928671448199046,0.1017242743905589,0.105116306860607,0.1081956034680217,0.1047418876380388,0.1106630899791813,0.1180257296314534,0.1025803384563709,0.072741182699103,0.1020639252006565,0.1205436592579861,0.103426727595534,0.0979201416789961,0.1241523938037898,0.1101860244663028,0.1108812706686893,0.0930130564728319,0.106916484504976,0.1046816351958163,0.1000398104738277,0.2213631123698897,0.3109338118577435,0.2132593895243262,0.1548258233999851,0.2252386052110036,0.1834836062288494,0.0805425046839647,0.345954438230869,0.1829130138270556,0.376872314529015,0.2936060862333016,0.3064848621124912,0.3608818736266005,0.1603256637851396,0.1162611971990289,0.2467438781325473,0.3603363719713741,0.3209208144018283
0.5970450199457401,0.5724729470908642,0.5444348956757604,0.4612897173323658,0.3782445290356081,0.6516057549493337,0.4212896712997999,0.5681830860996144,0.6293928560551285,0.5078540759493316,0.3774297729551334,0.4444617787966076,0.4104604792602336,0.4969195206520485,0.5786954242846922,0.4771689932222313,0.5706661641597748,0.4532164342776549,0.6234489988709548,0.5848610518595794,0.5826116929649316,0.5398242720442243,0.6247230807950258,0.468156770027185,0.4451589524591511,0.4986751220528173,0.4149795882814078,0.4823197795714085,0.1237179741750508,0.1032652526299721,0.0881229543411005,0.0966665653722815,0.1085383282608631,0.0989755934102621,0.1111513347466758,0.1202436234334465,0.1180194609573004,0.0963290023129086,0.1112239311630013,0.0971887068866615,0.095321414206843,0.1051189133628901,0.1132183203211655,0.0999684589746936,0.103766911916071,0.1022985018051156,0.0948318692691423,0.0666661468533672,0.100098175078273,0.110369718785876,0.1064855189157966,0.1030157223279131,0.1341999759352558,0.1020028894495581,0.1108852486589581,0.0928467502074568,0.1086407279210869,0.1012586297785011,0.0907611748777623,0.2143442974099806,0.2851172439964224,0.2260117117089755,0.1199257649321156,0.2101407347520965,0.2032096472700643,0.0886328668049019,0.3527747426660881,0.226472499573485,0.3596274506424926,0.2856816274875944,0.2954246273471249,0.3622296463165965,0.1554690667915911,0.1492049155668133,0.2655495523202835,0.3658393675667699,0.3370568929045114
0.6961779091340392,0.5795687197241932,0.598261851795533,0.4849042918390264,0.3887368881388714,0.7312652673995339,0.4204268150888812,0.5844196820303615,0.6646758343639594,0.5694902947502962,0.4110657377120776,0.4827873994401672,0.4229046863443143,0.5259407386417603,0.5441627735183352,0.507545374170856,0.5626008317510041,0.5041418578729321,0.615788350364634,0.6429991842014221,0.5989167212500582,0.6074665089236263,0.6546542302920836,0.4922374730255978,0.4715248772399636,0.5103786313629879,0.4422375910819091,0.5155205427593477,0.1299719282149992,0.1171300858649355,0.0908879893879992,0.0946545099193037,0.1169588740911037,0.1101197192407549,0.1122381160465271,0.1330985537665766,0.1255463479382339,0.1059497254910398,0.1176729229399416,0.1058896318884479,0.1089919585802199,0.1117665016953429,0.1182996696172759,0.1081391800011816,0.118366798262202,0.1140083576765599,0.1109035082564478,0.0811418746534991,0.1075570599357461,0.1337077311397725,0.114296724896707,0.1100948587541006,0.1363876165262508,0.1164787894782412,0.1220461043044153,0.1013887709423282,0.1143465492397436,0.1149479924686825,0.1044560189049057,0.2016066865697971,0.2908507884496238,0.2384225924076788,0.1497559195975776,0.2172243849935923,0.2355973488831733,0.1354577742112438,0.3810149553494575,0.195034736676796,0.4442087424183342,0.297809042174198,0.3459929476807554,0.4097478367269985,0.1862503619864582,0.180704680230445,0.268565762872142,0.4175431424953463,0.3663743651274478
0.6689012989521746,0.5955133921816014,0.6213197573005748,0.4511246497147673,0.3735526690129624,0.693596203453715,0.4393291632920534,0.5677612499418762,0.6764282937838317,0.5067421705212583,0.3862379800685721,0.4208066683984269,0.4105772484752659,0.5634102005178094,0.5286326059366406,0.5053808959362169,0.5183163659052734,0.4888765283027044,0.63412455822784,0.628367516827854,0.5842858134174649,0.6075765682355333,0.6331078316976695,0.4830101548907336,0.4844868373774028,0.5084406362552598,0.4925747834999933,0.5103333719962666,0.1168911497248077,0.1112952070288531,0.0936937986962939,0.1024521306798511,0.1106867922451849,0.1007868817260656,0.1127484658947677,0.1324197953965943,0.1229678807240097,0.0989649408857841,0.1172062386568242,0.1122617539930814,0.1045049652877301,0.113628993128006,0.1178142701492907,0.1090163396290526,0.1142815810887858,0.1006653723751162,0.1025888593599946,0.0889225766578318,0.1142818562321147,0.1137864797775506,0.1111946661698029,0.1081043371479477,0.130496071620248,0.1060675825492946,0.1178886966410323,0.1058358758485555,0.1140429372965077,0.1108487388218613,0.1051698962661026,0.2358872822375946,0.3330139975740705,0.1969524077822229,0.1933712420149361,0.2097418948605005,0.1661976799193861,0.0919773395320301,0.4348242616417204,0.2313498463107889,0.4423739864490926,0.3876075340321915,0.3793347564671324,0.4291947052947111,0.1338585097342729,0.123516471484813,0.2386734811187486,0.3334820440670134,0.3397566230361541
0.6690365136536308,0.588718163394011,0.6178157566105508,0.5071622002143679,0.4341019951050577,0.6724422873538083,0.4291216785872298,0.5745107480255345,0.6793155265969762,0.5505779772086655,0.4435873662983348,0.5287056570381132,0.4223977469844245,0.4651603092756234,0.538956118534814,0.5353373925739762,0.5989571944906429,0.4623561467628136,0.6590817017975732,0.5849213674010125,0.6278738626239732,0.6180412562347901,0.624954873214599,0.4815595677176961,0.4810588620753631,0.5009416537623733,0.4314692950049035,0.4673077078102385,0.1201579807484999,0.1089191494279117,0.0903872468348514,0.1102756067074689,0.1103560058817448,0.0987044365994735,0.1067313641359012,0.1191241780880093,0.1183728620164764,0.0982917813220065,0.1142199636065812,0.1019441751163972,0.0937328035421871,0.1108910437758866,0.1185670523206229,0.109316209423641,0.1139151577793842,0.1007310205461314,0.107599052824363,0.0663112953892947,0.109017111652184,0.1311773016270926,0.1130749290093661,0.1028141477160839,0.1141703208575889,0.1091997603515165,0.1143299014746913,0.1002022525725126,0.1109537986709913,0.1082186226035532,0.0986379233706929,0.2219835103874802,0.3101406294265351,0.2414333479057286,0.127027223369027,0.205328566237144,0.2507341118174072,0.0998962054844014,0.3469284388080517,0.1896838887416301,0.4003579371486498,0.2577581893306138,0.3205905560091805,0.3608102913086231,0.1583555605676439,0.2143117636739558,0.2494641916855805,0.3694016225814086,0.3440325597680114
0.6724897233285579,0.590480959373163,0.6012718153676231,0.4766921752019541,0.351069741755584,0.6880072378944004,0.4357996378288943,0.5522089068251474,0.6667565636642886,0.5398011656123409,0.4229644026937317,0.4619758690234216,0.4256736762265314,0.545966287516338,0.5131359287413879,0.5561438352528822,0.5452406518245325,0.5085406400159946,0.6430734759511013,0.6283408156698762,0.6208044567166423,0.6051650110835622,0.6278247298492114,0.4883899167018708,0.4752543812826063,0.5046117605904581,0.532015969856956,0.5231297984080656,0.1134123822551364,0.1118383094104073,0.0931408090559238,0.1074474486049438,0.1150827923165662,0.1022495657445032,0.1151172927828495,0.1199979498509225,0.1181507356939227,0.0958087874448227,0.1233769124824469,0.0942080263804566,0.1020660492945653,0.1109891498485622,0.109390835396991,0.1137734019778199,0.1109124160209769,0.1051640086935066,0.1073506043236867,0.0717387846777037,0.1043998991853026,0.1108593742505602,0.1038284464588151,0.1030478577289764,0.120727662451777,0.1153515421732113,0.1191327043775719,0.1014648031994581,0.1115442790483394,0.1029388350812416,0.087809464257024,0.2082513279305929,0.2765461214222039,0.2136846462868758,0.1804600929354871,0.2120719556548663,0.2003284229269478,0.1174387295046806,0.4226098059022679,0.2511088862819107,0.4247761558372785,0.3924526086570676,0.374481644126631,0.3522422971824804,0.1850005807355046,0.1109738453887336,0.2596386260092219,0.3575566207486614,0.3313172015092637
0.6668198565306919,0.624240152588507,0.5867622813631987,0.4129295937346072,0.3523422606289387,0.6657865295854601,0.439401877719996,0.5628199294676346,0.6500511831373783,0.4808762776277152,0.3882529117951268,0.445354376083805,0.4147196611448374,0.5121504424009398,0.5320068211485813,0.4631018601476265,0.5291982202994707,0.4597884302034246,0.6327282493061548,0.5787037620327644,0.5526620673111774,0.5783623818868642,0.5966228229014533,0.4624407446714482,0.4707239777850255,0.4771305576843648,0.5117183010533918,0.4727112029989559,0.1311809621681154,0.1107360722887061,0.0985742697656576,0.1003439659103756,0.1166900240204017,0.1040839552470753,0.114499224421479,0.1374572751789174,0.1170014863501855,0.1007265604002949,0.1183578412394044,0.1139205660331586,0.0981538999264294,0.1105358058797921,0.1278776510875873,0.1072918033889472,0.1128340385924364,0.1049331337375555,0.1059448334289593,0.0778968119410227,0.1066170411499516,0.1299146027000221,0.1138036570835246,0.1118776686750287,0.1287078438471813,0.1063654911245412,0.1178784042436685,0.0977533967778807,0.1090896582643832,0.1141177600842691,0.1080668783704563,0.2195770017521008,0.2882671918628877,0.2516143936846478,0.1436406308760366,0.2078728853579663,0.2313330165373209,0.1518655752049015,0.3563082697076929,0.2310787423341362,0.3677908384217888,0.3434583581751695,0.3219198083061111,0.34229696970433,0.1734473848094542,0.1796854352758776,0.24663327483823,0.3887707395569152,0.3056279869667851
0.6158974232980639,0.5084068654280789,0.5393074921598492,0.4623711633090333,0.3764654412865639,0.6874593667629416,0.4130109302310359,0.5775088861458895,0.6491215462391249,0.512833498373322,0.335054956342359,0.5049583881202063,0.3974381862668175,0.4611717759009032,0.51058489880765,0.4969110104316723,0.5262817239453053,0.4953654303697,0.6433371393742122,0.583252360439268,0.5851756726878838,0.5635231057197552,0.6661203228217071,0.4865301638688331,0.4383482645815413,0.5102321522952651,0.4909243262617238,0.4907802938185842,0.1275546856998484,0.1025829025948281,0.085887135098508,0.0866847423918101,0.0990870006313849,0.0961829916214861,0.107559960970967,0.1215411326064164,0.1192485284060589,0.0920395145434304,0.1016112646426521,0.0919777548587804,0.0960790646512699,0.0992703126423548,0.1136076866628528,0.0948511895698431,0.109070714561421,0.0995637421657641,0.096880093383817,0.0750484431336711,0.0967452999453435,0.1238478264101494,0.1045398134472091,0.1033849950307845,0.1403265044214134,0.1009849269909195,0.1117649064267836,0.0950247211667272,0.1069133515407494,0.105724394851009,0.0862199630215966,0.2462995155199071,0.327124824066013,0.1578303910791873,0.1463222097879385,0.2155620387637198,0.1772018820038461,0.0755328454125003,0.3061240220148312,0.1489220172412288,0.4497300512897663,0.3300653258799757,0.3485412887409971,0.3943785644777409,0.1304856520146131,0.123070725038709,0.2095998541363293,0.3311622108368632,0.3113177943997448
0.5840670724526011,0.573374595831741,0.5038147822400296,0.4713620675395436,0.3589611096486885,0.6458838875733474,0.3916792844270989,0.5193428241460942,0.6069870044310874,0.4756497649321081,0.3940970515305141,0.5380959303703472,0.3933313929485468,0.4809611758307546,0.5006168706563373,0.4726383245376487,0.5201819302698742,0.4640032127627981,0.5877037841548638,0.5646748471849099,0.5697263655547686,0.5577212506440318,0.6210439652114146,0.4465566313951495,0.4421694381420334,0.4860516110486806,0.3812635472854636,0.4677383958339047,0.1123764204552148,0.0996965616762466,0.0860669947705626,0.0935186022873687,0.1103062347813075,0.0940576234283751,0.1037358159089212,0.1178844198918743,0.1062755115803676,0.0911686571998203,0.1092222783120957,0.0909674573997069,0.0996282274788009,0.1081910092699948,0.1104436123703646,0.0999038758976205,0.0960016278138136,0.1029448951950177,0.0953912690745482,0.0740032327389807,0.0993015414511023,0.1128517221033678,0.1005599399064631,0.0980100937279529,0.1304850084959571,0.1042073190403344,0.1086347604116117,0.0890552334573439,0.1072083586284742,0.1028898193640299,0.0956702804531676,0.207139836794827,0.2510827233595336,0.2021099690978646,0.1599882365381744,0.2190925028185097,0.2015621436000724,0.1144908636710361,0.2687700920857679,0.1950824364237282,0.3192979376246807,0.2841252844527433,0.3249805794083372,0.449562178284694,0.1495735493621655,0.1212587267342525,0.2588520533332309,0.3476930964823486,0.2916155712679028
0.6211668009467087,0.5848102295814559,0.5671865395284734,0.5131742309345801,0.42639823110549,0.686426107520286,0.402300731773241,0.5901409400219909,0.6754421107533172,0.5518984278676506,0.4392423368990421,0.4881590322637923,0.4386726183791543,0.5304234378030448,0.5277738963630714,0.547621860718265,0.5558973657952878,0.507045531265023,0.6530282814909809,0.5822356665580546,0.6081389500502966,0.5980532380575154,0.6844961192738506,0.4892627136843832,0.4642038648848606,0.5028097463433614,0.4624287753333076,0.580063404916208,0.1349697219111753,0.1082048050259451,0.0941457624658511,0.11673270480768,0.1162761418066888,0.1034462065633995,0.1174138910286396,0.12681283299533,0.12147842210817,0.1050372780035774,0.1268232371920117,0.1001032540217315,0.1005158368831803,0.112191900365858,0.1177566957301007,0.1142545878678299,0.1143841792097,0.1169455494910657,0.1094622054775578,0.0818107607335476,0.1090888353682536,0.1197619270679754,0.1130982096098516,0.1021424473054016,0.1413724132522164,0.1106435886883915,0.1198400320409128,0.09808162652372,0.1109676457270554,0.1090984471465006,0.1030233399579541,0.2692178896708148,0.3523085353599078,0.2331589245847586,0.1504348504729568,0.232354217118604,0.2286157909873444,0.1431748301101227,0.4078031778935582,0.2107369483769388,0.3879133221344623,0.3444831070654532,0.3658369730731311,0.4304069578647613,0.1438299696375098,0.1162896255687121,0.3001029055823385,0.4036123503596205,0.3305875509167495
0.7008694219887057,0.5519899071845333,0.6690642738354836,0.493244252249883,0.3980169669013459,0.7064658788437855,0.4943030342216929,0.5624674061900804,0.6576469361377053,0.511147957155907,0.3973181237781589,0.4850733348953001,0.4217023956593582,0.5244349626658474,0.5040157153433957,0.4722973844424094,0.5479422436946644,0.541631539883589,0.628702838285692,0.6069260406016403,0.5900084480085594,0.5783462269630848,0.6479156924348868,0.5182551519686784,0.469374069815516,0.52438412349971,0.5269520543879964,0.4530142898127144,0.1160737939385529,0.1071165775175329,0.097461960265324,0.1041636035293001,0.1071768003509087,0.1005453684602248,0.1141781277271304,0.1232855892703527,0.1176099499926067,0.0998294512217448,0.1092180987451153,0.1032194237135201,0.096969122025755,0.1043439590105813,0.1147631190076624,0.1086748388185789,0.1133014650302398,0.0996209188827055,0.1050860245169494,0.0935857585325012,0.1093521349139219,0.1156285363185016,0.1126135446593332,0.1044856578773952,0.109734373488237,0.1075730800210572,0.1141744643643382,0.1024696099951809,0.1106151038685717,0.1062304960408283,0.1104562383146346,0.2069160221920036,0.2746260485959346,0.3172645799599695,0.1337525571487338,0.200209501710401,0.2396474723425465,0.1203285896529753,0.3377482392603442,0.2314614742382557,0.3909822264138389,0.2741711857152127,0.2907630316913128,0.3335411690175532,0.1400022762827575,0.1974588560416847,0.2268188085311601,0.3895914723186185,0.3257657804150972
0.5909468162798843,0.4854723976208613,0.5036560393757659,0.4919034819813349,0.3636584689511972,0.6578046066885458,0.377837412561391,0.5283454036525077,0.627002480004825,0.5176215706879143,0.3785883718894587,0.520791563200649,0.4177039297193025,0.4749755996463883,0.4897234552715591,0.5059827871850187,0.5271330163206742,0.4379199453564029,0.613953096534474,0.4958226556266537,0.5669062653519188,0.5057893799393051,0.663591284398618,0.4714220928103041,0.4158050503394411,0.4875889595841264,0.3706045919819754,0.4441522899441994,0.1293650347206183,0.1066874149803851,0.0899408953386858,0.099925640118628,0.112855740311825,0.0996505465148065,0.1097280506177599,0.1268529162777636,0.1179818092487356,0.0953092362673625,0.1201989752337633,0.0928447329617028,0.1007693232307499,0.1060241982252507,0.1148522592600826,0.104088666869624,0.1132195889069564,0.1090598878994507,0.1059391437122711,0.0878497061206294,0.1052429812684361,0.1200796931023701,0.1079564883458922,0.1027147554660618,0.1298760174034702,0.1101854607056957,0.1140353669981294,0.0950491302404783,0.1143062304970214,0.1065809256703237,0.0977650393156097,0.2260471797797987,0.2723806731315269,0.2650296829486387,0.1728530142125322,0.2277686193024873,0.2235452678363681,0.1101856760215014,0.3192346382443202,0.2104490249295427,0.3913567658952053,0.2655885916624524,0.325313799497154,0.3831809466848006,0.1337087072625562,0.1427298041681448,0.2616627632512742,0.3714245752564205,0.3439053422890528
0.6352590674297516,0.5123462586353222,0.5747129291469626,0.4990965410470614,0.4246021836204866,0.6398653605573096,0.3886033671057196,0.5298319232557983,0.634838539267079,0.5128902877247521,0.37865089661825,0.5441581867077154,0.4134063012502162,0.4951237774424748,0.564781400178397,0.4835419689287301,0.572445567552959,0.4451724782904233,0.6424439079713387,0.5591955416329961,0.5784610862716855,0.579038114282683,0.6217692554812628,0.4714188671454127,0.4332891414811213,0.4934257281302051,0.3880751047258727,0.4898870065808296,0.110441547714319,0.101633913282227,0.0882082272796496,0.1003770369531174,0.1071845296568635,0.0947900618713962,0.106047807052743,0.1202476089111731,0.1059005720177327,0.0971451815214731,0.1133498628316491,0.095757793412608,0.0979117267847025,0.1047898150197309,0.1035799624745732,0.0993412155936868,0.1000136538720872,0.0962863647617246,0.0919473370924762,0.0731726404318465,0.1016967589446128,0.1038598732473735,0.1012486947193345,0.0995400067149812,0.1099688972960295,0.0981654126108979,0.1083523137628648,0.0945188869628901,0.1066644070884655,0.0966486333986366,0.0849230524222235,0.2305789701938193,0.2965383267704908,0.2791489995572538,0.1693836241303121,0.2090822627644874,0.2291409189304989,0.1005244283550228,0.3423367823308809,0.2078326845632704,0.3315832400981541,0.260251738764599,0.3080380033252266,0.3508010554526533,0.1408294041951497,0.1507469050564048,0.246448767852659,0.3853838502771544,0.3483576649990576
0.7147365424746446,0.5977188337659627,0.611249515098741,0.4833961473762776,0.4229608464457117,0.7139364798275664,0.4516043075660463,0.5914517440075515,0.675180226340724,0.5559379580837733,0.4078753418210483,0.4706410878645302,0.4138803398345653,0.5210281183140737,0.5622011733144756,0.4991087202640647,0.5896420766993757,0.5238879023364531,0.6618533241696734,0.5970402905456218,0.5832361749990698,0.579535125666643,0.6996076922833049,0.4842722012481673,0.4819415797789891,0.5102709829420254,0.5444566745057601,0.5266163590350711,0.1285156340646465,0.1137008721109548,0.09893722916864,0.1169610771875804,0.1084611599520097,0.1048839611644063,0.1068883147615902,0.1299121608839746,0.1134039089491232,0.1012542458261372,0.10926976386031,0.1022257724538466,0.0984312897763318,0.1038650737824335,0.1201342581634911,0.1196008247227383,0.1127356498293429,0.1115296255925972,0.1023475473033173,0.0771323656605476,0.1050396948117169,0.1223488741621985,0.1119824422552582,0.102752541424872,0.1217528501410453,0.1103705412587325,0.11899078846844,0.1034388624732219,0.1139850333389815,0.1083548606357838,0.0944534433653531,0.2008642101663627,0.2403009511634204,0.2142665374951035,0.1344108158442281,0.2114434800614816,0.2086039414618052,0.1300777062913153,0.4682429774085412,0.2434465124537902,0.4623622611373454,0.2734128139986127,0.3343002682501529,0.3726326303604321,0.1752396207490954,0.1528857791779079,0.2131048848598518,0.3661033651756842,0.3391194725052662
0.6283206289741488,0.4770606007271756,0.5938067841208557,0.5053321478816148,0.4268616968376723,0.6852219180125121,0.4780455808223935,0.5687976993085144,0.650367137804704,0.4939570921837548,0.3865981817226983,0.5331175726474309,0.4291769895644947,0.5046222125698246,0.5266538855379397,0.4918826661474069,0.5676514120513714,0.4805289104729828,0.6478296754803421,0.5384589264429112,0.5749480360363922,0.5630941701527181,0.6400778025618175,0.5128463510591293,0.5103999896469305,0.5348138285519397,0.4162609796146869,0.4608045646529488,0.1269534952279863,0.105046802432088,0.0948422742651558,0.1053223412617973,0.1133053174939897,0.0987818784539322,0.1080865749786414,0.1195559805723422,0.1238990381850799,0.0939345329192068,0.1041786731808443,0.1030080035077989,0.1001675910770039,0.0979132970422688,0.1049706074316143,0.1148058857233218,0.1074840239595495,0.1002335749700979,0.1020976917173495,0.0732038530124412,0.0998681791142503,0.1211332036831823,0.1000574752681836,0.0993183241588616,0.1176050554567218,0.1031631437451194,0.1121257849605215,0.1008742904567195,0.1007799806369174,0.1044044059677567,0.0825976041569639,0.1880854362271747,0.2591757110778888,0.2670789359916194,0.1374419685803324,0.2087520129917278,0.2327783743426191,0.0746710853365419,0.2948138274682255,0.2024318686326589,0.3617255891320006,0.2250906083138049,0.3125069257136313,0.3728444628944301,0.0957301843704448,0.139269000794174,0.2559938305273714,0.3684563827193369,0.3947282481882475
0.5975917710120198,0.4929195068005857,0.5655624092894369,0.4941549617845142,0.3812848771479646,0.6872977768748194,0.3988098161423254,0.5448412078614249,0.6689727811833234,0.471340603522649,0.4213971898274635,0.4971134252783805,0.4323887753086889,0.4819808581878388,0.552683440090702,0.4922824845626542,0.5617482566811742,0.4603414546581607,0.6457723360728562,0.5417566545970236,0.5890965846908713,0.5650453009819778,0.6312441763850305,0.4741911258612702,0.4503834663214743,0.5348459932070522,0.3666583453764994,0.4821110452865954,0.1268602909055604,0.1091263510779989,0.0948243178874938,0.1040821308367908,0.1065386011187136,0.1039081809194303,0.1112337495592838,0.1168807259290924,0.1288121016447768,0.098113872069167,0.1121988119126316,0.0987454750978607,0.0918742213574803,0.1053645720439469,0.1136702900168105,0.1040199959424584,0.106152455322409,0.102881740824211,0.0969311552946714,0.073840058571062,0.1048341212116892,0.1203569084052334,0.1073858923616539,0.1099405846164139,0.1082403299246472,0.1064039748176752,0.1108463983459067,0.0981830257731974,0.1099949936053834,0.1099026972570283,0.1026329594516484,0.2434897991313919,0.2952876767286887,0.3133867955284899,0.1547392424475978,0.2351612556500953,0.2526507916636658,0.1104124208145281,0.3706438926766695,0.2138715171183418,0.3923448291824175,0.3421784019466914,0.4076090912304578,0.507397306462129,0.1351249360479414,0.1481568716153894,0.2671229184118255,0.3791013056641434,0.3601211535079138
0.6577872477086566,0.5549339198765635,0.548848560760587,0.4843610279547196,0.4006720621757179,0.676108942681801,0.4270113934151642,0.5911462839945759,0.6827018310401474,0.4726447471272971,0.416424172690592,0.4705111399958818,0.4395243518701873,0.5446747618937303,0.5554759186440982,0.4978502042661239,0.5277401010390919,0.4858372783010881,0.6442694560291538,0.57094726416736,0.5917637271004685,0.598298140171249,0.644333694971258,0.4990543215468318,0.4540739055430772,0.4964316990438782,0.4637189356370359,0.5123355189775365,0.1131126020620033,0.1101722325644662,0.1016816656390192,0.1016557403653731,0.1156501295420829,0.1007874395694708,0.1073082789653854,0.1346818796344803,0.121684844148123,0.1012405791069782,0.1198097861209257,0.1056857906951841,0.1064476781215237,0.1096417210572888,0.1199939716090815,0.1129096698086053,0.1113978169501329,0.1077506664131522,0.103870421598826,0.0784779070730353,0.1033526327197636,0.1184118664635268,0.1142725434950416,0.1062915578653171,0.1384261484559833,0.1013941971557741,0.1180611037182629,0.1027200798051519,0.1073450650911662,0.1070369601058543,0.1078752502665517,0.2234200510519018,0.2545991170030341,0.1979849123577961,0.1655303116785367,0.2095062307342527,0.1748435890203392,0.1052754545539972,0.4226451893816459,0.2160900427397771,0.3834650789012086,0.3272129493391934,0.3186876645700617,0.3647752954409672,0.1430707642483333,0.1161303644615373,0.2088843126211933,0.2871758207804014,0.3286529953008169
0.6428804660154913,0.562729176694313,0.609466070345743,0.4892713054494629,0.3993860415641634,0.6837893837908267,0.4283658126937049,0.5574257730288477,0.6711099564110299,0.5516171803851002,0.4627591674804167,0.5405448260938062,0.4006982244439091,0.512045239513671,0.5753563865465419,0.4647998912093025,0.6210637187803324,0.4444330905294731,0.642816015226046,0.5399548620651131,0.5872043307333872,0.5110383224976208,0.683272359676313,0.4836697081305331,0.452953369212829,0.4981748643805995,0.4457925452902639,0.4919786588439206,0.118968379876842,0.1199892588642543,0.101319349863709,0.102010791238657,0.109490688758091,0.10442423665888,0.1110493527115749,0.1283565665899728,0.1180631771185403,0.1082651634850508,0.1179540770373238,0.1013850302227589,0.1023256686583494,0.1073094270262629,0.1229242598264043,0.1074493880437324,0.1194319133644418,0.1076478477335968,0.1094392826505167,0.0769510619636893,0.1232492718565501,0.106768725169601,0.117398488708325,0.1029018648366572,0.1160026711663746,0.1136457248148698,0.1239929623701642,0.1066289838226556,0.1153145441058867,0.1111777139656173,0.0962679212191834,0.2411881090584493,0.3545204187976196,0.3067385628381196,0.1348116524943664,0.214228830991491,0.2363443020594154,0.1386600110110722,0.3546604285140832,0.2394650385371948,0.3564694080627649,0.2805640190839767,0.3356894338085042,0.3703134823832418,0.1898076934739946,0.16208972533912,0.2498337940474754,0.3933845712533913,0.3275009061268589
0.3315596834401769,0.264079508682092,0.2404314810545207,0.356284053688039,0.2854248712614816,0.3810889817662486,0.2851318061618118,0.3853727403349635,0.4003951712737364,0.2315724325073005,0.2496111451892775,0.3498411136472422,0.3042488199697832,0.3129549895753327,0.2937094849343302,0.3119752348901679,0.3452441393126564,0.3541771511212641,0.4985858607829173,0.4108723636132598,0.4514162146063382,0.4137579545926444,0.4227975914155412,0.3573811861146148,0.3030456202975768,0.3670361471511816,0.2119320523930351,0.2911484702381977,0.0967128319797294,0.1124742428333288,0.1237143977563748,0.0945688335935698,0.0965906545451644,0.1207092646712157,0.1160450000535402,0.0985434570370268,0.1093228975877625,0.1557999528061778,0.1120071652218486,0.0844337340456026,0.1337991910946971,0.0911371763277945,0.1079293629994481,0.0921605713140878,0.1070491405609036,0.0921796341188355,0.0939870597231053,0.0925170068429585,0.1012141621743189,0.1039372833213366,0.10691062675249,0.0970915782754794,0.1034318508853188,0.1065734643138741,0.1054425133300786,0.1254888272750141,0.095127706722207,0.1060272300074621,0.0784709745059734,0.2551183126002843,0.2978417477876478,0.1854296950418706,0.1389943659198165,0.219466076684883,0.1574955341207674,0.1105710822014281,0.3513847249625909,0.1343641828681374,0.3024369408665968,0.2479780181532814,0.2499503743916024,0.278337026014924,0.0944921506455901,0.1389881565530852,0.1703034167454301,0.1806021602882307,0.1880069706889621
0.6664101087453332,0.6052794881223693,0.5915359082039009,0.4690999019725255,0.3642263600931448,0.6837247320672657,0.4058411163718677,0.5629073213075435,0.6356903275466148,0.4924598469769427,0.4405308021153239,0.3691942048847153,0.4020676927008871,0.5315063942874128,0.5015555685192212,0.5146091334575411,0.486430164808916,0.4935032300811267,0.6482650215013035,0.5754499303947421,0.5715631816238738,0.5835877842897945,0.6538705364460624,0.4979755622160221,0.476219634864704,0.501823092943888,0.4558098296039708,0.4968583721573325,0.1192580864094514,0.1088528433553969,0.1004181595438518,0.1060373783633798,0.1181466664290144,0.0981590597435892,0.1184346508056595,0.139570972166602,0.1290493716669289,0.0994255141848287,0.1217479643532107,0.108126855604021,0.1026864872257498,0.1128487579499457,0.1126720343428216,0.1126392238182224,0.1143727294355864,0.1016361379012693,0.1028513552036081,0.0875044872904508,0.1055156407758448,0.1165199778468084,0.1116766530269646,0.1065196029209175,0.1193896708237349,0.1086692950475797,0.1140382581477809,0.1008152686184781,0.1129321725918293,0.104766161013,0.101033428431215,0.2268207853688728,0.2722734602515698,0.219011301455091,0.2126575596975507,0.222340394934859,0.1766159440194342,0.1046675116727676,0.4138082616657604,0.2101528792331615,0.4069992206387326,0.3604816575793342,0.3532405183046918,0.3788868314495273,0.1253745373752381,0.1403939907774101,0.2472518385173036,0.2876530853965773,0.3217279778119163
0.6372122054113297,0.486529282413255,0.5776366099314514,0.5225311351760284,0.4020266314720538,0.6989758832183807,0.4177389628506169,0.6116651970509075,0.6598426700066174,0.5139715819449143,0.3941862470811436,0.5716832286897817,0.4062749541485968,0.4964645357184182,0.5581337265626207,0.4829417969768308,0.5972882256373491,0.4849178752725334,0.6683459446743183,0.5937904896501497,0.5931898543427279,0.5840023986084658,0.6732808110635048,0.4722164815960127,0.5109812462122509,0.5027386445735361,0.396509045084027,0.4588212873189047,0.1172812835388816,0.1063538963077762,0.0959233681644131,0.0936510515996933,0.1187420045393558,0.1030819605635383,0.1173091925230573,0.1263711101060914,0.1276855378922913,0.1046800484249151,0.1150969735467106,0.1044169986088103,0.1061076161314006,0.1100086502869341,0.1140831156698604,0.1033769868984243,0.1081016013903784,0.1176303065434192,0.0973479753431952,0.0854060529709583,0.106019001342711,0.1165845888414888,0.1091495748541037,0.1094707037313194,0.1423609830197189,0.1069218998572407,0.1187430974954379,0.1066897829017179,0.1089026597331185,0.1154337392869515,0.099255032711239,0.2462535364523458,0.2877612930646462,0.2069340131694184,0.1266717115674303,0.240084441312551,0.2076399540347115,0.1352317983040674,0.4273482994735241,0.1945503758831736,0.354495818415392,0.2865245317689319,0.3428641918218797,0.3805688400681202,0.1082526942094166,0.1171245550517205,0.2270931650209936,0.3658029144183021,0.3484230242451435
0.5905818797025919,0.4761748296111377,0.5797553020304647,0.5134087726745595,0.3902111293022249,0.6880044254866255,0.4026835815273911,0.5595284186048941,0.6497417669361392,0.4940583219455437,0.3852513000740104,0.5243247857398161,0.4137857664566361,0.465993876861613,0.5508920152297365,0.4784935715612674,0.5873724768250626,0.4776224264251785,0.6508405157700682,0.5570600074065584,0.5826234224807664,0.5615469937312549,0.6978294639273042,0.5155684637262987,0.4671254603736406,0.509673882358089,0.4170532923701978,0.4857313772075596,0.117278953707051,0.1060807442023109,0.0871367278604879,0.0944338611132156,0.1082415156288514,0.0965428172614508,0.1068025481206603,0.1209261260747145,0.1190032415622031,0.0963304031692097,0.1141146315461,0.0954450427002204,0.103201049319524,0.1050507065877173,0.108366207370582,0.1073024406569396,0.1115518087388948,0.1033816868704748,0.1109867224744436,0.0843575064616838,0.1041894461872242,0.1154622873431782,0.1051549757613212,0.1034403332754361,0.1141561043359416,0.1095935802213477,0.1139379506873433,0.0958012975126761,0.1069543605279787,0.1025954454462531,0.1040380843117424,0.2433387277775092,0.3082202651634043,0.2013644154309038,0.1327885365226503,0.2403329452590125,0.2461921521247477,0.1005805238852636,0.3757275535406168,0.1644677743258908,0.407180304121112,0.3158072523021729,0.3699224683577599,0.4092997081502519,0.1481287844817746,0.200086281126873,0.2610562324309452,0.349835692271122,0.3057165725409434
0.6096358936299101,0.489845455955129,0.5708576997782809,0.4637510499461657,0.4083129781311836,0.6929436481124641,0.4099591049556773,0.5608917156372482,0.6320726815680553,0.4798612865621248,0.3981786544177823,0.4793286386195843,0.4020478079310826,0.4729089430561675,0.5071379467355739,0.4687955041618045,0.573196222528644,0.4615952118803041,0.6383986311542096,0.5868146943139483,0.5693618852029473,0.5478925822138461,0.6698421193743307,0.486851369002263,0.4595894443969593,0.5136839802400378,0.3980958335655065,0.4860238779015268,0.1280715595397752,0.1110163784086198,0.092315272987467,0.0871333387931622,0.1108537820354537,0.1054525714137339,0.1113602439732794,0.1342214516666583,0.1302665263032188,0.1009082200516836,0.1133099309228922,0.0971739183500322,0.098067284264862,0.1100155167199792,0.1143884808665752,0.1002931383444974,0.1148592697491643,0.1118674418292494,0.1019282079845348,0.0804400968916837,0.1111315590482155,0.1293525914733396,0.1117152639655588,0.1097939225440911,0.1175224560426343,0.1100479252638207,0.1218389749085687,0.1027902852427761,0.1126757616007102,0.1128367920098126,0.1118489334352679,0.2224834161470491,0.273754957542919,0.2854154886878836,0.1517595133507202,0.2219648345050099,0.193711805800226,0.0968219225605328,0.3170926457240155,0.2234019213437771,0.3353562870183713,0.2699647860364964,0.3140386486003144,0.3936335975925127,0.1511268905467457,0.1714814094466903,0.2616078574846628,0.3855133643110947,0.3259933488112193
0.6776200260064914,0.6346661376230645,0.5620206471077349,0.4897931256358455,0.385949814239783,0.7135695874908748,0.4330314436115572,0.5780729398957443,0.7134660006525273,0.5449836300049284,0.4418342244406205,0.5264035432473335,0.4134077408533225,0.5511842520199091,0.5361720823051971,0.4369525337441677,0.5690979950723675,0.5075508749516073,0.6405491465815656,0.6107351127116338,0.5815886833152859,0.5565605474670811,0.6644669628042854,0.4963330912315613,0.4604177523653704,0.506913791469165,0.5864024356173984,0.4721625936457,0.1198994288662538,0.1162309884254537,0.0984132896325423,0.091988616703381,0.1198469209703387,0.1094826832794741,0.1181892488114535,0.129495426771816,0.1147818820777856,0.1084051603790677,0.1160262806445655,0.1094628111569071,0.0904517791415138,0.1145061401756815,0.1225605193528108,0.1104198207977191,0.1117270041855727,0.1080689422167755,0.1010405829879649,0.0747816146407455,0.1112644384477676,0.1225482463211968,0.1117462059507252,0.108041519756914,0.1381265563772125,0.1049637505690621,0.116065173742024,0.1011730586248582,0.1107335730485246,0.113545584796277,0.0969800422884144,0.2223823922717331,0.3162411120843313,0.2822406628043264,0.1283883774529043,0.2054553069448133,0.2299699438273825,0.1389265393790525,0.4713868222572391,0.2603895826724128,0.4192085212300054,0.3723700711023853,0.37016618823145,0.3710675582821879,0.199367960745638,0.1415238209462859,0.2313792584588342,0.410669564140674,0.3875700017867179
0.5709707066503175,0.3900156791746264,0.5493575279364213,0.4440442376995457,0.353056298596103,0.6333985764040416,0.4152779534712432,0.5860081068254843,0.6580257638203337,0.4884649564835316,0.3937128194237217,0.4475966326076857,0.4149078943937542,0.4624118517980916,0.5291181311243514,0.4981724140433905,0.5628111886927829,0.4863183208221447,0.6632128141537605,0.530913520021395,0.5861082109593123,0.5814577636230642,0.6698268557873024,0.4997333546820417,0.4449261183421543,0.5080910505736975,0.355122924010302,0.4792806456870179,0.1150689834170232,0.0984940533519299,0.0937951361011928,0.0880064274339625,0.1059172491239694,0.0936835212677909,0.1055582541578971,0.1115755619073959,0.118963847271181,0.0979516267641672,0.1057067019674262,0.0971248733141898,0.0910067604284203,0.098037846020936,0.1059963146677655,0.0933737328492722,0.0963210812869332,0.0868580426885578,0.0929166092741144,0.0796313967996619,0.093506615393693,0.1237349750895781,0.0926963488292679,0.1077403195964563,0.1090927942146821,0.0978847055576126,0.1067115126396302,0.0950554803296611,0.0988225225537122,0.0932938447496592,0.0803714766534096,0.2495709987136497,0.3154020076324864,0.3297987985961577,0.1470212763577841,0.2415180147475466,0.2170227289297498,0.0983058021239497,0.3735296059089402,0.2122808005674038,0.4016592520545574,0.3384144818680917,0.3684432177493969,0.4283712184854916,0.1094450670760124,0.1631832272592153,0.2492527160549882,0.416697819628531,0.3321152312140798
0.6874954862306568,0.5399940446153417,0.5936073954401759,0.5036425197699751,0.4398649675112504,0.7054444874536533,0.4274917295312402,0.6050654073954795,0.672510034743222,0.5149062204810158,0.3921946144250393,0.5520194780523205,0.4368252501209597,0.5045997816900951,0.5592108976232875,0.5182670014415267,0.5709112045107898,0.4732876093357859,0.6369611280167967,0.6122294141149699,0.6148217870083647,0.6109129662166357,0.6739360229149838,0.4706736291137424,0.491198401873434,0.5250788523363821,0.4074313954997688,0.5300341041078103,0.1153712533562221,0.113869008751097,0.0957680225284171,0.0918757959869083,0.1153498370938856,0.1055253974990507,0.1082680751342127,0.1286783531531844,0.1287336657670238,0.1040118215677388,0.1156962637438829,0.1016738999563242,0.100499346781751,0.107403360235851,0.1191964083621419,0.1063176880054148,0.1149721538167187,0.100637846536088,0.1067486762240169,0.0795082043696377,0.1135981466454144,0.1285141455514357,0.1101530597902471,0.1069791933095605,0.1283813348642536,0.1124948122569142,0.1204245123037555,0.104415171595619,0.1143790933085825,0.1150490407459786,0.1122600119098251,0.2180928134475134,0.2637468217148024,0.2500678537168888,0.1456231903635701,0.2235757465790684,0.2184269923260656,0.1070488395941394,0.3562547772671237,0.1965193072580741,0.3962824204885491,0.3351183595287418,0.3321041649956243,0.3708912556643013,0.1514325371632973,0.1903831720898195,0.2553193276104183,0.3450340715706124,0.3120633785417245
0.6505218876106008,0.5572601603022937,0.5898572756849747,0.4777168540197241,0.4440064325243162,0.7043541304360167,0.4265833625656919,0.571703494595927,0.665033701623819,0.521483468913443,0.4657885478893834,0.4752208805938505,0.4126567024619064,0.5251201227348874,0.556710631382057,0.4937980530355148,0.589181156180844,0.470307612324362,0.6498745260382954,0.5922707173033402,0.5925225467212365,0.5515702119432735,0.6223304834110758,0.4846231040900383,0.467152513562371,0.5079267525939142,0.5120252954936304,0.4591329515851222,0.1228636103835067,0.1153823988709725,0.095635834988439,0.103069392266907,0.1164473476759947,0.1012204866228524,0.1145624651844842,0.1326943622427547,0.1195183384462051,0.1005886459807772,0.1177884138715011,0.1042151144302894,0.10826671406636,0.1114534566212708,0.1239017583007427,0.1050861419256235,0.116113995814419,0.10087884491106,0.1048515746448118,0.0926928187859543,0.1031107420243939,0.1213375342493786,0.1059128075037438,0.1035083902895588,0.1313044598985196,0.1070844638132688,0.1155182022217798,0.099228972401023,0.1089070783906409,0.1035346256206439,0.102783606647398,0.2609238256685129,0.3077422907628026,0.2687455754362999,0.1321371820979141,0.2116672515694357,0.260894516785032,0.1317616081915986,0.4201231978727525,0.2145554522750335,0.3927097247846155,0.3115143461587528,0.3307494001896107,0.3779128718670907,0.1775064364312186,0.2166230312718045,0.2330452671164063,0.4035384412317138,0.3471382817046509
0.692651421711874,0.6237838278848229,0.628419325475161,0.4990453340984703,0.432368256073249,0.7213357809715101,0.4171910790975547,0.573431036519083,0.6747290932492683,0.5332472591460806,0.4649729626924809,0.5440214264034211,0.4156100230226447,0.5523758357028319,0.5636413870301091,0.5114036075690609,0.596808279203854,0.5088090263808015,0.649517639714462,0.6275271166451812,0.6113806834984732,0.6151797112825814,0.6013750559324145,0.4867898280370437,0.4648280787338679,0.5358544466054542,0.5066492469157403,0.5041428272508912,0.120191943591768,0.1111828535117256,0.1126393252082142,0.1154432547521314,0.1228326734359422,0.1078441079641877,0.114872079011911,0.1260963003072746,0.1206734784074268,0.1080136695620563,0.1200985461509607,0.1085641249764634,0.0990121021883328,0.1133328231833443,0.1231479055363033,0.1247422781186613,0.1184274074540547,0.1078622222982861,0.111087317665328,0.0930274680324439,0.1125601420597407,0.1183677147415695,0.120748853992039,0.1110435220991599,0.1191043435903157,0.1127124139596766,0.122053756741453,0.1108599223853949,0.1200734548156648,0.115400052825449,0.105709207910343,0.2176484761473518,0.299221879100907,0.3145947210714469,0.1474101116063727,0.2067385343492238,0.2672477527571476,0.1617056644211212,0.3871539321210648,0.2467794692421047,0.4001639186839512,0.37598098165963,0.3273778398131721,0.3717247155450639,0.1445680027679791,0.2075359571143955,0.2482351732202441,0.4134514170839353,0.3573867084099824
0.6971686773251838,0.5055677163725097,0.6312898498902607,0.5108525331837628,0.4171015916444994,0.7029434679654137,0.4793541075446307,0.577607454342847,0.6714429172388288,0.5086340391093883,0.3863580338006331,0.5145769499210331,0.4145851904747061,0.4515641534982882,0.5575266350844973,0.5110305880132098,0.5701355247717048,0.4763456627589795,0.6309458931741496,0.5604504829195966,0.5568531072672207,0.5326516281591984,0.5973292752470175,0.4879163605655991,0.4849928164680243,0.5203573241933934,0.5015984491434964,0.5053740041531823,0.1294600425006534,0.1157629109851446,0.0924452108868271,0.0931319615550197,0.1144681345987478,0.1077888427045154,0.1115176249336641,0.132582913508575,0.1178475493949918,0.1030300697508263,0.1174531903716009,0.1010982834675092,0.1012797565758318,0.1119050230750787,0.1150691878560636,0.1080382333680741,0.1194327575619078,0.1108952115244283,0.1128675570259869,0.0831542920893812,0.1163334238765409,0.1175217352299045,0.115662563712801,0.1119433721478813,0.1270332975539976,0.1150138096634433,0.1182719177549015,0.10496952494157,0.1205383730561543,0.1164102361712077,0.1020565434250803,0.198914506811147,0.2570617001556384,0.2684389297806081,0.1601507548262835,0.2159626537116522,0.2202245592604771,0.1162709595964235,0.3487352924047325,0.2214743872463812,0.3565288546587868,0.3036320961639285,0.2832594989584042,0.3386808693408966,0.1617768271515766,0.1630526493603539,0.2632568520561573,0.3301662763514156,0.3228322886742459
0.6865953104588407,0.6087196214922836,0.6250365019052527,0.4542438415345132,0.4075957347094799,0.6986009015551918,0.4530989548679695,0.5987020523595838,0.7081270842097431,0.5980004862676834,0.4219812318423223,0.5842508644611086,0.4404516577151737,0.5632598469543351,0.609680490157047,0.533460608746133,0.6633935848046162,0.5185943973730263,0.6658720783195597,0.6118416562560756,0.6146642984352733,0.609221154932505,0.6959331334604719,0.5164962141070462,0.49409481664579,0.5246998276986703,0.5414674976597662,0.4892045819811653,0.1251437581075455,0.1091997888621848,0.0925789101940766,0.1095421216716473,0.1103362267561857,0.0975280791976042,0.1121179528963108,0.1225759709362228,0.119631842034655,0.1017891127007876,0.1083004506205873,0.1021199481985294,0.0957687388198055,0.1074365024078903,0.1153849460727012,0.1098458793516737,0.1124692851255291,0.0947123740802841,0.1040705042187062,0.0818360442505765,0.1117988635524689,0.1182885446099576,0.1096773655428092,0.0978240262428467,0.1149814826179656,0.1083746435759165,0.1164094180139583,0.1002169960887424,0.1118560102970143,0.1090009722965779,0.1011155171542787,0.2149523149645665,0.2639491531591779,0.3547759953171315,0.1757406195658195,0.2095998343642824,0.2728898646531194,0.1137904240575464,0.4528994549838296,0.2337166219836628,0.4705495737493038,0.328310644539891,0.3547588730743829,0.3971769916159766,0.1733838210277485,0.1915728924363045,0.2669646657208339,0.3685449434078147,0.3502905644217503
0.6247770248946242,0.5176240679892626,0.5037925114808823,0.4373255946553485,0.3697863677618923,0.6588404440697101,0.3709051937395721,0.5172028986313819,0.626006667450759,0.4918726029885545,0.4492202712592101,0.4449829474830132,0.3970843240120947,0.4939772706743908,0.5339222467325119,0.4566853832821175,0.5171622941093752,0.4333488525873219,0.6119329873958856,0.5519427412864237,0.5612892159135096,0.5404390496304896,0.650968578091519,0.4466171461997857,0.4452232042854687,0.4634707512546036,0.3651536637638835,0.4800799850888699,0.1132026695016676,0.1071212568648135,0.0902441179510518,0.0948794800952145,0.1139597207071685,0.1021218018898438,0.1053631411993528,0.1182771892989976,0.1161148631300683,0.0970151437031523,0.1088198267291159,0.0954290972223924,0.099444768356263,0.1098606351576814,0.1161955485289823,0.1042810949157768,0.1118911987299424,0.109034076676702,0.1016067614686843,0.0747190247696898,0.101641678727298,0.1290119883679731,0.1022179392442688,0.103525202425882,0.1390369767654692,0.107904487613672,0.1163012174285942,0.0927216853801409,0.1039103919296878,0.1036223048946142,0.0915395397008681,0.2055984996635476,0.2454710950951546,0.229345258794256,0.1671834539167372,0.2193198233294683,0.1876671843628881,0.1149729015719559,0.3629763474612882,0.1809571200959603,0.3774775758899491,0.2560757170243898,0.3095902787255389,0.426730223677375,0.1549819127346078,0.0927265207883202,0.2316337417716254,0.3671427971054523,0.3330391955991287
0.6664489717369965,0.5995151485715594,0.6094038902512532,0.4885838190537123,0.4137102700341707,0.704072129363472,0.4308549529797916,0.6043182438757364,0.6893943696328595,0.5475229746229056,0.4375158638506836,0.5226814354116063,0.4250078415226004,0.5419598986006249,0.5736727575209954,0.5152790700972228,0.5969898653477088,0.5043223316125824,0.6687805430584823,0.6165616330609962,0.5955824268811636,0.5933937878518348,0.6444918941839872,0.5251033687986957,0.4731677279609149,0.5111441228816614,0.5269641279158952,0.5589360147559395,0.1275444743055496,0.1119034698223281,0.1014101198430404,0.1150339231361205,0.1136589474584429,0.1032317806272423,0.1119609867323049,0.1237626717502378,0.1312201600431612,0.1006859642342757,0.1155271553683251,0.1050281237324459,0.1011850925382945,0.106014587108823,0.1170115556704118,0.1110588788555334,0.1083263698908574,0.1034536714787013,0.1106377099236275,0.0766935637323356,0.1043903203495354,0.1206172483322916,0.1097422381617833,0.1109575846790192,0.122642217213331,0.1108876258312756,0.113984712877001,0.0996252949882444,0.1124057162672706,0.1050878363135623,0.0971754082459879,0.2625611160822269,0.331287613817801,0.2436383648847157,0.1269668596820202,0.2126538460547942,0.2538102939069387,0.1215940366753122,0.43139051469697,0.2251082041907386,0.4027602606248565,0.2947819959676386,0.3122354050552038,0.3605959174178895,0.1882374801983435,0.2224310028179006,0.2647326656450063,0.4461840860762481,0.3818653247974536
0.6549558151626322,0.5672502246050708,0.5845407712765441,0.4608826998985123,0.3869547518945875,0.7044003197654163,0.4086463251378788,0.5433751635326417,0.6848086283621981,0.503673111052137,0.3624913997763951,0.5230579456311917,0.3869267583368735,0.5246960330209354,0.5997524693408951,0.4926692996820315,0.5633522745781487,0.4590496412645405,0.629111412673701,0.5870978194044314,0.5801674992076384,0.5832743671622217,0.6161694951819718,0.4630966861462966,0.4211494667434324,0.4809010530977115,0.4875471783793961,0.5118289766616022,0.1128586733509632,0.1029735283031589,0.0938861316191838,0.1044526996251175,0.1126024572083543,0.0983258684742975,0.1071374495435083,0.1250898980911684,0.1153630584736808,0.0972207983240321,0.1183466823687031,0.1041138512176735,0.0934545644901463,0.1046443400587546,0.1170462473877345,0.1015632965864528,0.1064153202886306,0.1026223550064085,0.0994434135017802,0.0767773921346678,0.1050764968819545,0.1253734821049817,0.105274767524772,0.1021292300321425,0.1083111432218212,0.1079270912791507,0.1089916852351099,0.0954683078268114,0.1065031097751226,0.1072493548235155,0.0995206906968527,0.2157939853801115,0.2880347543437707,0.2541250549299719,0.1398155323743018,0.2048613377162788,0.2381023794645927,0.0892162741893991,0.417584965308531,0.2437014489754635,0.4077532616041232,0.3546965928071121,0.340916873672943,0.3792879555863563,0.1314560829972227,0.1621164363119247,0.2784524941678274,0.397088874429826,0.3763466407870448
0.6425239040960359,0.5921912488730058,0.5564586173782431,0.4622614571221785,0.3629870143895213,0.6850138858460034,0.4079637073175656,0.5854939596565789,0.6490374682297604,0.5062711549647808,0.4156541696218119,0.4871894436846268,0.4204573625970317,0.5431448094144911,0.5174727987289158,0.507738429396016,0.496024529202881,0.4963726580849394,0.6378398859700153,0.5922523249375184,0.6136468523805156,0.6117981331879643,0.6115894611202346,0.4767365281948582,0.4740595403046009,0.5114992345646527,0.4284793994466033,0.5068210830914137,0.1162508366214884,0.09962308228002,0.0890485187084976,0.101215448896259,0.1108937859469953,0.0912660969403028,0.1033516608360634,0.1230560856337595,0.1134579631097608,0.093998578137577,0.1101310869414179,0.0932669580587501,0.0982611493175032,0.1010501427489645,0.1072195252319742,0.1052095589973395,0.1069010846029527,0.0976588074674712,0.0962557456504798,0.0832188991441829,0.0991644957813433,0.1047282817398604,0.0992655599038758,0.0958974364960752,0.1299315955702491,0.1010109819495784,0.1071551113875118,0.0898371930737817,0.1033229936546148,0.0984757903439045,0.0997725886572796,0.2368628527753688,0.3329303075994947,0.2869064759019584,0.133402215769294,0.2152575581900034,0.2115613799764813,0.0786129139169739,0.2970100384856027,0.2449056227708455,0.383309471708652,0.3460235802865609,0.380484051279007,0.3717312357582888,0.1176134478112663,0.1512057632409237,0.2583120767588104,0.4272379757490846,0.3631955754894901
0.5922496731424975,0.4056983051391748,0.5431004313453519,0.5381769760835423,0.4106434060738432,0.6604031813933289,0.3622362619073008,0.5472520841280015,0.6423744877180717,0.5113269078119326,0.3734725891892608,0.5401119705853663,0.4127684727931511,0.4174146646550196,0.5123305624588266,0.4567536557138693,0.5790064568523647,0.4837815141183306,0.6576332023234891,0.5716846453779592,0.6010884465166639,0.5055411875651932,0.6507148710172073,0.4758063443097093,0.4137048419189653,0.506213217578048,0.3853244929110391,0.4334050576200506,0.1216162669266651,0.1030949076108093,0.0853803686972925,0.1004114317101497,0.1046973864666787,0.093593781842497,0.1015137366625522,0.1130533396402648,0.1067284544890829,0.0912516778403787,0.1056896632683877,0.0835484725867986,0.0905344595763425,0.0999416729858501,0.1132458878472775,0.1138681156725337,0.107336940770325,0.1004079501419654,0.1012989178842246,0.0700622403750337,0.1025711999705943,0.1186467357015259,0.1034806657792315,0.0998630017648529,0.1015101555895168,0.1089633561883405,0.1127724976589041,0.0918617961810439,0.1059628572594354,0.10368651941152,0.0949475805022445,0.2110792601605847,0.2674302443893908,0.2835555409241204,0.1584180934193331,0.2408557450510966,0.2402238439408672,0.1204225906237426,0.37207594255963,0.1720076486160613,0.3377707043474898,0.2850440945515924,0.3332821242893353,0.4120496124738738,0.1625416494492026,0.1824034682548944,0.2506449309488137,0.397631392556899,0.3434789274326142
0.6474587425267481,0.6202807382839483,0.5933049557173541,0.463321772514756,0.4023017835638979,0.6701051441329633,0.476283282789171,0.6228621353563368,0.6870581118269321,0.4878366527366317,0.4144282897673493,0.4659358656214679,0.3976023879554877,0.5452783142675007,0.5382127617706723,0.4708796627720817,0.5246236642771935,0.4661956559591147,0.675397585171815,0.5942993481707304,0.6266098670093975,0.5964088410937889,0.6099004707483247,0.5039970216939205,0.5165096728392881,0.5090145802729351,0.420736227660103,0.4288229698191569,0.1144559741548782,0.1043190477396064,0.0943148916343602,0.1005467906136885,0.1070951698371271,0.1020655066721883,0.0972740282875771,0.1173140995804336,0.1164690083162723,0.0928472619834838,0.1061849994072554,0.095020004825459,0.0947853604056847,0.102079475190436,0.1100359091697243,0.1026345774554114,0.1071306440811535,0.1008645710136507,0.0983569111672066,0.078414760787152,0.1076556429360052,0.115234460441541,0.109457001725517,0.103763635484707,0.1202982019722176,0.102275240171071,0.1091641847093582,0.0992518143866942,0.1052245006983374,0.1047497282439107,0.0914830343623941,0.2229457393540934,0.2699489408632295,0.2352097372861643,0.1391897406537915,0.2207790997289745,0.22230525973899,0.1469378403077522,0.4474211342246302,0.2510131780958392,0.3810242863221365,0.3221518507735296,0.3374812172161162,0.423034627850239,0.1725116425981888,0.1474499260910927,0.2046955381026209,0.3630518602883986,0.3562592489205648
0.5972195804751503,0.5061890704144958,0.5581039749689279,0.4830827520327134,0.4472176880820801,0.6629707081265659,0.4020328106980415,0.5369126493812078,0.6175356032272261,0.4588284511312117,0.397225027900689,0.5007909211158867,0.3994116322094662,0.4898775642721298,0.540753229927858,0.4062775862276661,0.5673631155151377,0.4631121482769373,0.6183301970969387,0.5639300730697239,0.5645288179894226,0.5627862485911084,0.6192784071329585,0.4686416878739214,0.419850994004778,0.4818822449959425,0.4022898882431017,0.3889995491362753,0.1170898018597466,0.1016436823901838,0.0986231938338172,0.0920438174120064,0.113973111299659,0.0967793172372314,0.102694733493817,0.1185763666148389,0.1175732613966123,0.1078324976961546,0.1112860544693968,0.1024765687148071,0.0947574028041489,0.1042935157497418,0.1091123118310199,0.1088411764064916,0.1062210905601224,0.1048636747401867,0.1023316293277901,0.101552415440173,0.103147437668583,0.1027098600171537,0.1031391237013075,0.0977563323440787,0.1156911525084609,0.1040887412066821,0.1060941458644955,0.096671745580597,0.104493939373393,0.0998680648565714,0.1003258354356097,0.1816282850960452,0.229779872321428,0.199715618388263,0.1270222986623044,0.2212907977693813,0.238812575458137,0.115967006350939,0.2788999996029426,0.2028765798184192,0.3508770639600561,0.2928144001645278,0.3325373397566951,0.3694312284390132,0.1387735777844985,0.1728782069935425,0.2233485583960214,0.3505870311382179,0.3540543721819466
0.6153114304900218,0.6032410319400044,0.5304812656692625,0.4715941000730869,0.3805118656512034,0.6666266133613659,0.3875997909588222,0.5386495312005839,0.6287763019009209,0.4599083124509268,0.3537244985957952,0.4816899533366785,0.3963952956076697,0.4783777255888356,0.5267146111959873,0.4760835792671624,0.5419118995868554,0.4261054519280368,0.6334774622371461,0.549017057737872,0.5671745787450942,0.520393292858544,0.5684589957552297,0.4562690655888677,0.4337805394281526,0.4531162957255915,0.450576513170237,0.4438933191919012,0.1268477029467174,0.1022587934930779,0.0984027374708838,0.0944740293745732,0.1104147934453303,0.096257844590909,0.1021558653130995,0.1276659835493262,0.1181504942374103,0.0957054614816356,0.1054124663969597,0.1033639573647725,0.0988237723583757,0.1010767484111564,0.1213569639349297,0.0976544601976148,0.1132440580285147,0.1006362670869971,0.0970528598001716,0.0800704847534534,0.0982466613014082,0.123290956846431,0.1142094143768039,0.1018666842503201,0.1274523600662458,0.100274043902209,0.1101568003013253,0.0911863027795368,0.1094021975320958,0.1007087740780932,0.1028034788464524,0.2326809798822613,0.3100303974318744,0.1947695910487146,0.1383923081239351,0.2227291953825242,0.2347935717064308,0.1066747508166978,0.4217047957064592,0.2315756491774862,0.3848654254845771,0.3226975095325787,0.3511424448602191,0.3676284849643707,0.14070953913033,0.182184872098474,0.2137996927266226,0.3598057422035045,0.2898282728138122
0.7170474132403962,0.6054908180827493,0.6531552884206815,0.4749656356703031,0.3738690908974821,0.7401691578508166,0.4656721239930774,0.6194424889087788,0.6860934632120783,0.5342118851689734,0.4612590871132489,0.4813133881283772,0.413278190724124,0.5440728832816102,0.5900273449784894,0.517411292829197,0.5753570546038709,0.4918714278730606,0.6643984896870321,0.6086854400367125,0.6028376224605276,0.6132779601194789,0.6279009068937607,0.493014824450019,0.474310896601086,0.510645736271713,0.5369501350820369,0.4867611401800494,0.1220913388792538,0.1107722342100452,0.0872243131365682,0.0908935159261762,0.1110935547869279,0.0984767055801479,0.1097914114830902,0.1286702404639818,0.1198686431567226,0.0959357366980978,0.11961366975223,0.1006551869290603,0.1063952841972835,0.1132111272935943,0.1274306701304497,0.0977565574920883,0.1113679171212017,0.1060838535957932,0.1053910132533058,0.0740185993015682,0.1077814825313087,0.1356256387989833,0.1074921895196397,0.1014683700249682,0.1228604992588722,0.1091126659724307,0.1251913213323957,0.0953355824476289,0.1101499494632394,0.1089448044050526,0.0987577912551302,0.2371530323937174,0.2782394230243141,0.211389168032578,0.1189645322664721,0.2045459342834051,0.2162326388166586,0.0945781537478691,0.4002064956931466,0.2284954399862265,0.4246901591007299,0.3413940844559782,0.2989726310426538,0.3386956089651668,0.1968587338924407,0.1510517945651914,0.2263091557917815,0.3946285982792442,0.3615839786122592
0.6339157123441523,0.4993027026868529,0.5956198367758377,0.5244387040270194,0.4270649293493126,0.6798271294350146,0.4326559670645673,0.5648695878767162,0.6550468061727274,0.5473407382847923,0.4313535271068462,0.5086609411669164,0.4339652650959604,0.523084484583068,0.607004277220735,0.554953104944432,0.5892402151063697,0.5237803302105397,0.6290579351876732,0.6036038597751425,0.6132410127997002,0.5978483014240867,0.6956536682866374,0.4939346138328144,0.4797422158047272,0.5501480717306411,0.4522989451632366,0.5152278582482647,0.1336040016038643,0.1220910858583012,0.1014423391904707,0.0970559505612644,0.1231036729294647,0.1105752667876822,0.1159455903613169,0.133595258549802,0.1257090608260924,0.1082822246771397,0.1297087563861829,0.1131680928326755,0.1140344634458956,0.1141736689080135,0.1206406725492948,0.119986383139172,0.1160096348092947,0.1132220864477894,0.1103461810186354,0.0928474503888783,0.1145735404154976,0.1193428504833602,0.1152807381538121,0.1059924486910814,0.1416788220728688,0.114824364623225,0.1258785718589513,0.105803301113522,0.1187062838900534,0.1200969827414945,0.1050497319833254,0.2306243316891797,0.2791262882443406,0.2801282568261686,0.166802680830837,0.2373024338832994,0.20434385341989,0.112211021175608,0.2929753647700578,0.2001184088469137,0.3870929261274409,0.2260435295929183,0.2758862151949769,0.36437476431139,0.1175853203812783,0.1585719357935988,0.2426809458936093,0.3946061512393938,0.3630158298870302
0.6744555790504776,0.5452843606472015,0.595693032962694,0.4500327794537417,0.3664470102779473,0.6978528622914566,0.4237330721894358,0.5687907152163145,0.6698392809993562,0.5299166168367494,0.3884400805478454,0.4938417815631238,0.4020553458761353,0.475165649744049,0.5035887058710242,0.5138508594828755,0.5479679925111341,0.4273462324091712,0.6284392083318484,0.5612347074278774,0.5517797112036482,0.5303953393557486,0.6095602206511794,0.4486835156597745,0.4479418323733771,0.4787528039177446,0.3913100590816579,0.4762872797609478,0.1269732363491982,0.14474714174672,0.0904255924647119,0.0905820575789048,0.1127451871785471,0.1050116774478961,0.1118293022868499,0.1229861006727457,0.1113397805342083,0.1024056827930907,0.1148928904105594,0.1004433238972642,0.1049194575775496,0.1065561450688257,0.1134756264223736,0.10318475853178,0.1141708777808873,0.1102980587509971,0.1061500064251035,0.0822301111428853,0.1121411713772838,0.1227363926906069,0.1202301141354859,0.1059560863667272,0.1319430777264508,0.1173169076188753,0.1560985029266088,0.1028920777279114,0.108890422153989,0.1091357236754126,0.0957907356935124,0.2176182742222693,0.2898585676425614,0.3038712547144346,0.142327498562735,0.2217746093225127,0.2115518962097414,0.1139965904140365,0.3609649942739226,0.2270746831782161,0.3916548404668984,0.3284458399564027,0.2964963057419149,0.3430301395377942,0.1975719158848126,0.1318661627972202,0.2359797439973545,0.3481333746432887,0.3467898268840814
0.7064342929227271,0.6148406800898638,0.627571791414351,0.4694113334906151,0.332464989008648,0.7010056615940162,0.4286931943901198,0.5781247408989274,0.6598670710501726,0.5132230068230617,0.3953684794966345,0.4661384645928392,0.3929878503840712,0.4992980073019862,0.5339799769461744,0.501266833751898,0.5353986805677413,0.4693715115229633,0.6403429469949053,0.5588936995818478,0.5653829130666936,0.5517649175579111,0.6040550291607771,0.4886013813579649,0.4703246527109985,0.504772063835214,0.4865596493441542,0.5261538222966351,0.116514214234755,0.115995394170564,0.092933170181977,0.0948979537496961,0.1093524705686376,0.1063147324109763,0.1056165476496746,0.1286612018240653,0.1148503562358998,0.0972515429726575,0.1164162786443136,0.0961059734541341,0.1041202789028979,0.1124435070080341,0.1156067597683109,0.1040890941061848,0.1113850484871327,0.1108552171471302,0.1001530231347182,0.0682329897781941,0.1112442113178329,0.120766513881168,0.1106747695290818,0.1011949881343837,0.1315190190063602,0.1105179522360519,0.1157181234560661,0.1025598764413378,0.1101367098734094,0.1118312591833957,0.0968855057195075,0.2433950529753847,0.3118832171662835,0.2515696596516215,0.1201990672196912,0.2168273975228593,0.1993741327870626,0.0798347313675963,0.4083639269901646,0.2281809240348296,0.3800787620558511,0.2891270376032306,0.2976717699319124,0.3090426138404643,0.1660418340138026,0.1110758972787405,0.2353195455856621,0.3756231060050574,0.3333869012243944
0.5725269857107896,0.4532288366577008,0.5073351890206778,0.5003208371938804,0.3729853046126664,0.6147202308512225,0.3515769528068247,0.5209197986440257,0.6145840015235273,0.5058263522371863,0.4187692499576874,0.4562711770061484,0.3943187226306676,0.4667492465805952,0.5318169491628403,0.4713956726094086,0.5676446876857213,0.4343775493745665,0.603024999481261,0.495456795667813,0.5356548050501864,0.4663715968507015,0.6398888691011244,0.4617004201039361,0.4076299203785972,0.457603762993925,0.347113320856851,0.4650724489006748,0.1115439215030204,0.1051579327109485,0.0833670468326864,0.0939249599448322,0.1071926625980543,0.1015620534999345,0.1131151318152855,0.121578479238462,0.1137878850199519,0.097838184796608,0.1067918849567988,0.0939078499071232,0.0928769894712587,0.1072272180918797,0.1076700544195465,0.1067052418662517,0.1071734657143383,0.0996122828682433,0.1008675754461842,0.07948791255803,0.1022385736436676,0.1207073247508879,0.1057844523981904,0.105091320913266,0.108830801413517,0.1042000851215768,0.1076946115303814,0.0954470927544288,0.1108461918000552,0.1022470437546306,0.0958052204022612,0.2521006444438038,0.2778068124261746,0.2701938913336821,0.1507978783301398,0.2236106939710599,0.1979471222508551,0.0859947204801507,0.346193739252661,0.1893050655694554,0.3081977242955697,0.2517788368166379,0.3111832217558433,0.3588313136072385,0.1674095581357295,0.1457322629970073,0.2542863990040496,0.369177809588868,0.2850867694096107
0.6848599256358301,0.5791941385429639,0.6029345321603798,0.5190714372563925,0.4200659270780495,0.6792288281828734,0.4688507931956955,0.5556915312142574,0.6923368190424204,0.4969559092984797,0.3902966902913316,0.5442361845161998,0.4108715840329087,0.5213119862966067,0.538914667313708,0.5257245591563662,0.5716945589284648,0.4876390163257245,0.6447721515179133,0.5877079632703218,0.5942082227751938,0.573823806265067,0.6342053844489683,0.502616109683499,0.4736732391377695,0.5139940763328081,0.4938454249997207,0.4930112465186197,0.1197023227300212,0.1080718658912036,0.096863539740717,0.1033477265421782,0.1136772528368971,0.1046251614060349,0.1116754130137612,0.133599306509523,0.122268896983195,0.1009338830325638,0.1126878724217576,0.1031902845466347,0.0968615185148568,0.1116374964820074,0.1152943642703772,0.1135359805681631,0.1159080985853805,0.104118083328123,0.1081729827144628,0.0799546821358759,0.1124540260396845,0.1208790759623105,0.1131733835355579,0.1063881096795358,0.114978729383367,0.1079081236659023,0.1177933252567044,0.1037460802931119,0.1105391861474626,0.1137894337521047,0.1073768631495463,0.2164975895396266,0.2913426661126282,0.2235798623201041,0.1546609449491958,0.2020575279219108,0.240343814032784,0.092506514896046,0.4000861051154121,0.2049971758472992,0.4452090858342661,0.28806407237007,0.3251984562917991,0.3855115249752998,0.1978131229324,0.1450100079897259,0.2116331662522789,0.3695771545810957,0.3751098294692915
0.55604270152426,0.46569282798342,0.5310357298808891,0.4699111313775865,0.3427626166202418,0.6257728658812248,0.3747682749754172,0.5294109710561874,0.6224300926329351,0.4671346549874275,0.3714161169204293,0.4506478455498295,0.3921917080103769,0.4811942832023779,0.5357453840214512,0.4583136848484282,0.5025117234692393,0.4357278749450348,0.5933475485684159,0.5415758162788014,0.5683248091242896,0.5071700794699623,0.5887024875908912,0.4395629793743734,0.3997776302725196,0.4808077094559358,0.3847948200934334,0.4406772482328307,0.1166022950792239,0.1096015426584194,0.0929030460000743,0.1000241790233553,0.1072115756665502,0.100254816093424,0.1084226733274443,0.1306760158658703,0.1157866290328525,0.0971401628984724,0.1119265012435186,0.0954222428148721,0.0947008804381113,0.1102403560472335,0.1096141749730989,0.1032523131382974,0.1137594947728843,0.1032059998809979,0.1109488703196351,0.0818788905684556,0.1049243713006982,0.1110544258159065,0.1081652866520982,0.1043157166850219,0.1176658803705711,0.1047905865217425,0.1165347400522305,0.1017979528348364,0.1097219703235782,0.1077542799200416,0.0925093127807919,0.2015319056741862,0.2828542684837029,0.2196376001222075,0.1732011436291979,0.2128773806428231,0.2062217632981957,0.0743053797632455,0.3161802585477343,0.1909220539157589,0.377699019670829,0.3171865133775605,0.3527899766627682,0.3784569185227155,0.1659879542010671,0.1495256292433873,0.2315071598324485,0.3813907188338985,0.3162383040593516
0.6494921886213344,0.5178700289101277,0.5711530370956015,0.4571895546536715,0.3532156812161514,0.69019731375666,0.4026070678693361,0.5766100461917134,0.582334967610592,0.510887227648612,0.3685926842149812,0.4060034214608692,0.4004640485442434,0.4930163932265506,0.5163535761693985,0.4729308804914848,0.5062109569375552,0.4410593416637909,0.605477349563278,0.5459268853408861,0.5311225048059844,0.5305906040709383,0.6713081742565471,0.4547848595827098,0.4615529151419376,0.4896773537944131,0.4204984876613976,0.4857813418041784,0.1229975855696587,0.1059049785362626,0.0908550915354406,0.1002919598241884,0.1116695544077236,0.1047992807539717,0.1187914151209757,0.125346232920044,0.1252860412340931,0.1021897544956463,0.125938579129934,0.1041557007935445,0.1101004103619243,0.1139008234558468,0.1123442903826502,0.1008670583197418,0.1123851896069453,0.1135316769185721,0.1096309291772509,0.0786217222150515,0.1063952351957756,0.1187927269732285,0.106106207307244,0.1116586221041264,0.14748828622558,0.1078932804109241,0.1142587554453818,0.0988305820764446,0.1162535160595776,0.111186698388721,0.1004225127489664,0.2304893871464955,0.2432427991235153,0.1463764276355504,0.1312031536641665,0.2192176690313989,0.1990418593002906,0.1165711240222056,0.3493402621191408,0.1824444391728565,0.3716204791410121,0.2422438093188895,0.2767803478873137,0.3309437963772903,0.1514631990343332,0.1389493577352218,0.2414326017308566,0.3173595077871438,0.2693020763763899
0.6297857989675401,0.5037887124196877,0.5790447494381472,0.5015858408058742,0.3693156698591088,0.7024775978347744,0.4281662207222837,0.5612348197506775,0.6608541518747891,0.4825472785443026,0.4219386268537486,0.5110851046729248,0.398281815720419,0.5264665938851931,0.5657987659684852,0.4793500824783402,0.6151281228105052,0.4764240317499759,0.6493888212017346,0.5873387953300957,0.5850527114810059,0.5856658780363246,0.6638589970749053,0.4861982814403065,0.466811869020805,0.5056435571526487,0.4769619666866381,0.4625894247411607,0.1223477791430541,0.1064595556440455,0.0887145888051928,0.0961214912223065,0.1032836645187533,0.0940671470184477,0.1082468284878551,0.126041437501996,0.1140189703481492,0.0971182088932557,0.1086079959896506,0.0914997006177522,0.0962213111311275,0.0990835166059473,0.104922092319505,0.0977106340122698,0.1020793126222467,0.0995150906700363,0.0955477949628071,0.0745195232281119,0.0994117841708249,0.1182968197505539,0.0991639843527206,0.0999857906929369,0.1140904323785014,0.1068435165527897,0.1162749252644179,0.0929927370937868,0.1056330419428085,0.0990421320586059,0.0924652822338099,0.2328582921608661,0.2864418776332065,0.2942110270218945,0.1562208765850721,0.2423678724527437,0.2089938238864705,0.1020912813213772,0.3902044961018297,0.2214461672119796,0.3777527828350804,0.3436454429865143,0.351135336156387,0.4738473465045293,0.1595971880910488,0.1432907738741121,0.2192887182183865,0.3994152836963494,0.357299024945185
0.6442138219056279,0.5531970724977296,0.5883225494227088,0.44519948727202,0.3776840425254601,0.6696740198539334,0.4152644637644883,0.5661913864154591,0.6165863191940296,0.4871267260030503,0.3893355832536497,0.3941463949668466,0.4134172980894387,0.5244552408581349,0.4855751560688603,0.4761298657808894,0.4892382062941621,0.4568594043997805,0.6259946428498753,0.5705118682764938,0.5715429359591402,0.5327004465757026,0.6024076745264819,0.4695078687996928,0.4451155013295034,0.4709761106194936,0.4570407259375855,0.4734807512106885,0.1117996326770584,0.1026790558842076,0.0850007190341754,0.0936473679571425,0.1113125447747571,0.0945332333792364,0.1190422044721107,0.1186962142584498,0.1191219102140896,0.0944633805913532,0.109569775970494,0.0980422884316947,0.0973040380920614,0.1128582363755072,0.1212272343656557,0.1064134969331738,0.1074151968049419,0.097431028037995,0.1058007947947813,0.0690634302087773,0.1051504675133695,0.1151800696566514,0.10106099812522,0.0990118443550192,0.1222785009471351,0.1096481051952238,0.1117571525244863,0.0927047644918752,0.1077535753845665,0.1024799725474522,0.0964000938298322,0.2229041751155867,0.2590328987038972,0.2143081414273084,0.1349992911657202,0.2153766331479903,0.2076422402281967,0.0802581657639197,0.4029523203006158,0.1886093866735199,0.3306391679104341,0.2865902853605551,0.3120629727604432,0.3721542129149803,0.1597872289518515,0.1197058071061334,0.2206267268725419,0.3648343457519734,0.3594781001065261
0.6648678675534897,0.5120819293790393,0.5949097465830415,0.4841116429940044,0.3950887815065655,0.6732402887886466,0.4288354183855843,0.5429817918593967,0.6587761740556135,0.490419452866927,0.4144857589353337,0.5350787259518843,0.4070448381589441,0.5020033272581048,0.54148881323036,0.5116785173541218,0.5634396742048788,0.474767995918914,0.6362910760562438,0.6015502015725118,0.5656534170917604,0.5699360910388593,0.6599225182317818,0.4844637690796181,0.4425363649999284,0.4963283445056308,0.4754503491357392,0.5056148477153007,0.1151417084458051,0.1020210033392504,0.0885935725006847,0.0957412492343054,0.1053100777239059,0.0980710093649291,0.1062901565181582,0.1255115518254097,0.115564820705183,0.0996207413114059,0.1119176895883499,0.098601356973149,0.0906415836655787,0.1007479572013093,0.1100324894175477,0.1027754461558176,0.1117658227769559,0.0863794199759528,0.1014133589216227,0.076569194532882,0.1050503895904217,0.1170159780356946,0.1054187600632806,0.0942073313605895,0.1112618263653236,0.1011367984174102,0.1126154020477309,0.0957337383674851,0.1082700865398898,0.101968301932075,0.1004332364424995,0.2719232750378719,0.3435107567590539,0.2774536133974149,0.1536970942385966,0.2245453064992248,0.2281051457328897,0.1368677347898483,0.3586422539763636,0.2287532140914764,0.3859404820758942,0.3410605549422744,0.3707764904808115,0.3791113232190792,0.1361434943974017,0.1655187347444233,0.2571381325742193,0.4156053641333807,0.3200969880592881
0.6049560268585571,0.5679888162524143,0.5218263358908953,0.4505438667971074,0.3422666586268304,0.6584600158912688,0.3952034767450143,0.5450138854373854,0.6223857870588874,0.5182196871224996,0.422657515630617,0.4850018677271502,0.3953409714377278,0.5003862201179093,0.5286316161765069,0.4396983615501405,0.5866278631022899,0.4548216115948107,0.6078252130453334,0.5254316933367416,0.5507825535104502,0.5191562458829526,0.6845246574888795,0.4589329991855879,0.421408115059605,0.492810566313996,0.4537666241628622,0.4719460712420561,0.1214510914035812,0.1020910942040882,0.0855242974377604,0.0960772654844874,0.1072531730932046,0.0985692196065719,0.1036270973083797,0.1270199763363766,0.1222889758285998,0.096004552471754,0.1075673059203102,0.0985172599155066,0.0968940598227077,0.099935151914299,0.1249856988326859,0.109103712127672,0.1064173409474371,0.108703219508503,0.0979251801454784,0.0749950433183681,0.0998965603419051,0.1215011354949997,0.0993506379275531,0.1050337258384846,0.125103741164835,0.1035307215890455,0.1114142506270013,0.092974333105036,0.104292306159487,0.1020597740923818,0.0874044825817335,0.2351703869598488,0.2503024350851773,0.1689703115585603,0.1699242497826302,0.235289134350102,0.1668849230719176,0.115181879473455,0.3551735120165135,0.2047146200061296,0.4128398092328638,0.3572591394911725,0.3763490390974086,0.4458819795932088,0.1383192622235843,0.1037501651170706,0.2339490767794124,0.3165595773104287,0.3617534625179972
0.6112404391405513,0.5367585707728456,0.5972700483040548,0.4807000069301855,0.4111867453282078,0.6548209500858806,0.4361813010285922,0.5721732828628627,0.6694518493447474,0.5436051954442754,0.3602575344325218,0.4910431782585432,0.4093250471578652,0.5420629619426842,0.5395743101347863,0.4959309376689466,0.5383108139023169,0.4579738476775328,0.6564250266069316,0.5724674466333367,0.5949982511832548,0.5367884112038068,0.602161325599362,0.5094251630133266,0.4262291563179906,0.4804234218203482,0.4267150952609533,0.4642541031053627,0.1143993137431132,0.1013217126352178,0.1073791198774089,0.0913348690023111,0.1157490018173463,0.0950193645230335,0.1076416168957965,0.1262573730104434,0.1199886643143004,0.0925112332560363,0.1139547954109373,0.102354324324275,0.0987795460467534,0.0989142570361911,0.1092685013914472,0.1132813691227412,0.1048982700632363,0.099203121208625,0.0993429885784201,0.0907787420972865,0.0990781966407585,0.1215838790176119,0.1075004066161764,0.1059287909631007,0.1189333182928478,0.1012245636274189,0.1075790889959065,0.0961398025213471,0.104568376653416,0.0970252747693593,0.0938369786655554,0.2148208218588553,0.3128566942046851,0.2193594730113435,0.1235380795118746,0.2246687901730691,0.2143194619839136,0.1179368594262216,0.3798398410661919,0.1973339909148004,0.3711900353350967,0.2839127524132019,0.3586687370070389,0.4104563664931517,0.1360590687642494,0.1597902522923854,0.2380109932927986,0.4284044760155222,0.3695231172487591
0.6643472678717293,0.5122736226932137,0.583384281543865,0.4428974422800444,0.3436880392332871,0.7188963083668134,0.3866548925022517,0.5592390773210155,0.6821422006776137,0.5312352983610257,0.3271657065248565,0.458884633764654,0.408218605939503,0.485655132206684,0.5423650457564546,0.4846806468589953,0.4939451402822746,0.4715924081329053,0.6316567997694706,0.6047274589440101,0.5705220812992841,0.5612502531422241,0.6481414863403732,0.4465756566606486,0.4346249817860701,0.484396586193088,0.3815260693018245,0.4777384721894936,0.1234699571850173,0.1098401417621752,0.0879729089956569,0.0959331614755499,0.116453828526949,0.1021510760891949,0.1111668466206189,0.12221156595582,0.1173076052792511,0.0968150237453689,0.1123073128097227,0.0988240752019297,0.0943673230461,0.109681091566342,0.118771500730744,0.1021506472565516,0.112059090165907,0.1086679604279618,0.1085282066906989,0.0851160758746696,0.1046055281632964,0.1159172941345524,0.1133082206918901,0.1060136167550179,0.1110011995983219,0.1113779125143789,0.1182401076448978,0.0982586157240461,0.1084382951795339,0.1084017253990534,0.0933266511982202,0.2170994715157487,0.3210810612363275,0.2511645680534069,0.1409243946813706,0.1959975689027291,0.227165701487249,0.0779269258464462,0.3145938292027466,0.1901610703219947,0.4133128706861396,0.2487206824487529,0.309950790110798,0.3090821685535567,0.1589138966467645,0.2023264976654281,0.2453436635564202,0.3992697273639889,0.3479116175703584
0.5297450083773722,0.3610784028287373,0.5116186221280405,0.490035948048011,0.3406405467701995,0.6657545128019368,0.38216475966248,0.529679797931667,0.5876131382346887,0.5442410128724274,0.3660979907869776,0.4506517247522201,0.3958227752215872,0.4775903356500803,0.5031849456032453,0.5003700380615381,0.5186932067149704,0.4658652032521624,0.6354015594058995,0.5787651760219912,0.6132076792192656,0.5785890568326,0.6183492060738374,0.5060139014393961,0.460404830163016,0.5121026585299013,0.4285741618137146,0.4643410798256294,0.130624513005742,0.1047444315727689,0.0892919360379948,0.089963315358211,0.0949502122076842,0.0931687908430476,0.0971154702553186,0.1198225345178542,0.11327745359554,0.0972156979353704,0.1044419937709086,0.0914077984390031,0.0909971924870787,0.0985501518035512,0.1173644913063235,0.1013276174729813,0.1016154938762161,0.1001053646868128,0.0973526536644201,0.0727941570004635,0.0992499898833782,0.1161008094238131,0.1030086300849988,0.1023011314151593,0.119829778919473,0.1046384581399524,0.1146770719465478,0.0900080052055649,0.1061500491022157,0.1014119828733864,0.0949638410726881,0.2525172314333739,0.3034898274857242,0.2955342964579661,0.1640581348378485,0.2325716229069753,0.2308290266073216,0.0769660345339418,0.3028649982778976,0.181623642236427,0.3611505535079174,0.2792786763907939,0.3695515088468522,0.4188669070601463,0.1153162300941489,0.2147064737039185,0.2540617658874218,0.3803155066578644,0.32732304177444
0.651927749789634,0.6205525579197066,0.5226450915431637,0.4801604918252344,0.3981073181737553,0.7026333726520083,0.4115084116006781,0.5787026797063695,0.6488768553228939,0.5318064312733994,0.4055714111586437,0.5149966932716641,0.4166272857364076,0.5329707043152405,0.5109973597126547,0.5023016100402273,0.5693632590155753,0.4943939022836322,0.6284573099248185,0.6196285722050603,0.5834999795925708,0.5884606076327932,0.6436389263093167,0.4819395969497552,0.4634651852730247,0.5175337074336801,0.5234255841895707,0.5496623343851015,0.1186287173783165,0.109887455587404,0.0960427934731975,0.100979823427117,0.1163638739774451,0.1047445875810249,0.1051068008315254,0.1286791131949922,0.1109036127753222,0.1025521027458889,0.115936705882819,0.1025968854571877,0.0954010592103452,0.1047564781695278,0.1168798691973179,0.1103459735944484,0.1106908042998167,0.105394803723395,0.1130474644446595,0.0778266359695336,0.1068978354043626,0.1140362616471426,0.1065740757774182,0.1040170411200364,0.14598024916202,0.1112164167314831,0.1165276971403703,0.0978358316965272,0.1151248080766683,0.106797918550203,0.0926126772720733,0.2310684263351295,0.2920971638940041,0.2745248740288288,0.1723428329037116,0.2235020762669309,0.2178831686644349,0.0903006006623259,0.4088373370216906,0.2420614026841662,0.4092534012951586,0.3313028101877469,0.3682171725180178,0.4239609070950084,0.1655042812228202,0.108137007879141,0.2290684331604175,0.4048466635830975,0.3337540597118662
0.6091939538982931,0.5228069124221801,0.525467550880021,0.4614617604713504,0.3933003269648426,0.6767425605004354,0.4073659746409989,0.5489794237709231,0.630358350218571,0.4897978826044682,0.4514229586389329,0.4782505618622744,0.384894425908679,0.5157010433920654,0.5298637620211474,0.4890148430291992,0.5414961698135357,0.4701480289752429,0.6204385292941752,0.5539571148559779,0.5865708943486634,0.5540238809272788,0.6675482218068118,0.4680666112501637,0.4594448887774169,0.4993207210644625,0.4819057398671836,0.4631184568504493,0.121700832592685,0.1029293992683806,0.0926607425893162,0.1035078102472853,0.1090299940060454,0.0983856167988121,0.113822491083572,0.1183160154316854,0.1182537963164424,0.0973095374236984,0.1063667857563896,0.0953013876854734,0.0933069459771878,0.1087900481122293,0.0991981565794609,0.1060701971626462,0.1048853931252109,0.1019363860589246,0.1052787734017355,0.0778471103611189,0.1048958707297623,0.1194418296354318,0.0978100439918455,0.1010178265078834,0.1172247945193059,0.1056964036168598,0.1126659349948745,0.0932772188232677,0.1064495761639517,0.1027620893462545,0.097481912885253,0.2430836448728134,0.3087461345781906,0.2809404400383536,0.1460507864341697,0.2149163291576972,0.2423850838933139,0.1195303756430894,0.3848044281516934,0.2080226728094089,0.4024292118033441,0.3066384369882905,0.3435320902340462,0.386712713752474,0.1711309954731,0.1731175797595497,0.2414791784886918,0.3844420061969823,0.3544322839376354
0.6815177794895341,0.5397396649165851,0.6228898075342973,0.4302508623794614,0.405004567291799,0.6803633047256773,0.462523440046894,0.6214984901657732,0.6884069213127206,0.4951036176027471,0.417950582268625,0.4515968364064624,0.4233527659540805,0.5121314047492377,0.5351389934412237,0.5431287505553252,0.5129517854740901,0.4728579380691633,0.6516614976064623,0.6212006019675097,0.6050139552871722,0.6207969245145616,0.6397466309985618,0.4756486067528525,0.4893046453630767,0.5061677264033955,0.4622203370592074,0.5319809890109073,0.1310494497038641,0.1098051556473549,0.0899427346592417,0.1038429831641604,0.1056618854405085,0.1023602965678775,0.110964523839818,0.1210913649706526,0.1177098047759018,0.091516594704167,0.1176688215449194,0.0948748188366346,0.0965794722927918,0.115178624053031,0.1127799988278796,0.107674339951421,0.1102806470447064,0.0953955448232476,0.1050969538545876,0.0674203879011549,0.1137693236064903,0.1203342601973281,0.1098654187373712,0.1007382395824258,0.1275226571670314,0.1107133134230596,0.1123502719703087,0.1018983644196716,0.1149299514223807,0.1095097474012715,0.0929885140757084,0.2411111059127281,0.3219375491334311,0.2270311190251019,0.1456863987110482,0.209635142795839,0.2191222990879798,0.134431911503192,0.4198013815245618,0.2552514529977896,0.4368776590379388,0.3379042885581449,0.3485002836082563,0.3232192462617224,0.1708249334063563,0.1488637140008553,0.23674816512673,0.377036671265798,0.3730798226825956
0.6357435715328313,0.5154717509419873,0.6023040452529469,0.4809214922763626,0.3643445199105277,0.6966726475282532,0.4126683311638623,0.5795338478776418,0.640193939816345,0.4926450591071131,0.416013756234731,0.4941843241615585,0.4280343951428069,0.5129896751604974,0.5064526895290231,0.4875347015447639,0.5573059349229099,0.488882492279118,0.6494069175186364,0.5573054654382548,0.597486513320965,0.5688886575511067,0.6504937118324574,0.4821749459659742,0.440677873435997,0.492447231534957,0.4417015962693739,0.4918157258164786,0.1165163775988007,0.1058257058074927,0.0995569733551422,0.1046992263895213,0.1077834342975115,0.0967425879720192,0.1106734261046901,0.1166986202015101,0.1108160367418075,0.0993644980798747,0.1146009552610409,0.1047653365579881,0.1012486779346525,0.1084793011967056,0.1073764422989039,0.0983826568624303,0.1056233346200217,0.1029664287665686,0.1018506761850673,0.0788853068368665,0.1037300293026919,0.1187137185129185,0.1042538687246553,0.0971268842697631,0.1100907375389259,0.1127656021683836,0.1143164572146336,0.092399991710788,0.1050408552092836,0.1044625405749409,0.0882513250356642,0.2660386287438741,0.3425542881307085,0.2252765005099334,0.1373956621081816,0.2319946165672839,0.2636758426273882,0.1460473749394479,0.3658099696040153,0.2128198649265895,0.3933865781040246,0.3265012636133259,0.38237512445166,0.4264184246556116,0.2020158427767455,0.1948135771420251,0.223659235711732,0.3630361418273244,0.3354819266402536
0.6226647898763077,0.4839047205083779,0.6064919443350278,0.4597241312785204,0.4161681178282352,0.6767107570490419,0.4289731091990307,0.5738499019368373,0.6552720177793644,0.5416416951434468,0.4150877158168726,0.4469490455049227,0.3916899064171656,0.488804930968112,0.5847177935048392,0.480876650911972,0.5474722238957783,0.4832211856448858,0.6522035433608336,0.5340891304635,0.5725317895486851,0.5697581046904032,0.6816121293191528,0.4936083011180804,0.4193364480113319,0.5087536348682093,0.3986750115625678,0.4365862946605058,0.116008310948207,0.1061797677661416,0.0847016649449809,0.1021779642221678,0.1072544916712495,0.0977590038635185,0.1072226125337011,0.1202341388784845,0.1282729349715481,0.0933159525172794,0.1095204722966629,0.0971390446092801,0.0921857731962028,0.1041253524775058,0.108616314545575,0.1168712879117432,0.107673801378821,0.0974692690039912,0.1009063976225796,0.0751445852596254,0.1001402627596579,0.121866681854457,0.1079768268317963,0.1017815999529761,0.1213688102206495,0.1074976555164674,0.1148773727686271,0.0961274471616743,0.1067888168263625,0.1084620076779607,0.0868893247617408,0.2113144120242883,0.226740559373048,0.2397679149491875,0.1509827447126079,0.2084973802677635,0.1898494338260463,0.1181955509106902,0.3370731679770427,0.2177596027148412,0.3321381000570971,0.2951993075432255,0.3075708350500999,0.3961422770785597,0.1658257362291668,0.1463289030227954,0.2268994370755149,0.3547009651360461,0.3282459722115443
0.6155349535697048,0.5040586085546584,0.522338877353503,0.4685283012988183,0.4432935275914479,0.6628331496255031,0.3666781047844686,0.5240347093908525,0.626330478686391,0.4803042351532061,0.4021552904336759,0.497291602979707,0.4023324312309496,0.4842030297885137,0.5661678761903379,0.4600253183319094,0.6078893969184775,0.4436662544831814,0.610439879386516,0.553047442466212,0.5846736910843049,0.5624862968772324,0.6342238569827835,0.4674788913661305,0.4214189537739442,0.4878589281905281,0.4856471087160374,0.4434581934130578,0.1203076010178285,0.1058117587818977,0.0865246863000667,0.0927112540103048,0.1119150902449306,0.0970361393945569,0.0987623240505723,0.123294227832685,0.1070662040614464,0.0968794416433128,0.1053740637950161,0.1034956727580462,0.0947392669203153,0.1048258148190577,0.1173457830066697,0.1066706088035011,0.1065304660632034,0.1067807669488286,0.1000063351616095,0.0785484321704429,0.1027569723655588,0.1212987102513478,0.1029073332101127,0.0944244701211195,0.1188216124474892,0.1064960267331723,0.110428424268124,0.0961201935613175,0.1051239709975395,0.1041700975201143,0.0925117121299816,0.1968948214284176,0.2572747564434186,0.2355060800643904,0.1356162599198174,0.2251093952998425,0.2394100822660649,0.0868948604213073,0.3391795267266306,0.1806986905025616,0.3486833660203035,0.2777296460580167,0.2838997071338516,0.3748350655660033,0.1764646958382356,0.1517025600675315,0.2321356784217599,0.3953420419477674,0.3401343084632938
0.613217865493664,0.567170975401121,0.5662109820565442,0.4519553858115048,0.3626201176854569,0.6695827244945497,0.4014305368397886,0.5573315289337026,0.6087655403784343,0.5257243045413345,0.4232972739790913,0.4341075468825118,0.4124267003604973,0.5413680882019194,0.5090334068206029,0.5152460398366625,0.5244393750202088,0.4453539074464189,0.6138419823887565,0.5888528529258918,0.568770718278907,0.5714390517581649,0.5781954927494128,0.4652620620762656,0.4320850905002663,0.4964522445907477,0.4720502801544485,0.5234117401309303,0.1245913909899426,0.1110537712123601,0.0882355875409627,0.0964266468473196,0.1157512859275973,0.1034072513945973,0.1106978139433208,0.1318986490253565,0.11424660985301,0.095888612081474,0.1017343514000677,0.1013245092674623,0.0952561430835068,0.1075798970522484,0.1109225563286588,0.1061896993548323,0.1138499139102289,0.1011020123700037,0.1006823153329219,0.0735778587166254,0.1056602901879869,0.1144478178668642,0.1082819495390081,0.1060991392788752,0.1246833292851156,0.1039328807474458,0.1107048387540326,0.0957727571185472,0.1109948680510835,0.1106703033313675,0.0922723436583139,0.236365862321312,0.296776239809092,0.2272312277327141,0.1314214468963491,0.220458485288448,0.219461959514168,0.1061459175475379,0.3268829978211021,0.1869581717649223,0.3959872965215211,0.3087798220673348,0.3375979414027111,0.3639925643801689,0.2147562696852467,0.1290768862317985,0.1912002728234845,0.3854673663848171,0.352937464993447
0.6576764482059818,0.4423420897294436,0.5947217182545064,0.4683914199520897,0.3483499952595497,0.7084234873950931,0.4492391450446829,0.5814060690843671,0.6281363814415324,0.510182101380972,0.3844936360494497,0.4687053369778284,0.3987645089646945,0.507219070655964,0.5371639372228769,0.4636064313580432,0.5435873550779778,0.4939285423099416,0.6313235463973295,0.5757818211138852,0.5815822192851929,0.5406802726988038,0.6595037027335067,0.4967856361525395,0.4843164779846958,0.5012038833002795,0.473386701776013,0.44224399953832,0.1108163705004311,0.1144009993023622,0.0990845660026097,0.101691392799796,0.1110488655126893,0.1009213762217711,0.1091517414911792,0.1244824761289919,0.1111874556189957,0.1050740981862544,0.1145169569403048,0.0992374524292798,0.0965759191510191,0.1086571593515603,0.1044482433225015,0.1012361885000296,0.1143852254897798,0.1076924590467107,0.1088995060434764,0.0775143155125049,0.1090825995418336,0.1173919917616872,0.1135019129314479,0.1094618828849359,0.1202272497382525,0.1079377103901818,0.1160406837873018,0.1038665481055373,0.1168600927527633,0.1113585192565821,0.0968268240138339,0.2288260920087972,0.2981361063735711,0.2078222742473537,0.1299074706647424,0.2025326655582565,0.2391778948192965,0.1030492717081792,0.3284089614622757,0.1758363556168677,0.3598821506659676,0.2782522235543299,0.3220998142102751,0.3526909086835441,0.1849784543133014,0.2140137801761261,0.2503554690534093,0.3757431395644911,0.3191057171317792
0.6069558955305396,0.4255427813400393,0.5280527046099979,0.4728990075902806,0.3960393057670444,0.6484630067065977,0.4279545507351206,0.5236774253603013,0.5545415316634543,0.4727252946946709,0.372664626368819,0.4563557048306695,0.3967903023398035,0.4557282000228631,0.5013336992694308,0.473010321503181,0.5156965948062484,0.4701113394699772,0.5976142163992082,0.5378328370819863,0.5344416761857189,0.5100937948185924,0.6389869411659129,0.4580143573880971,0.4429995991085593,0.4849938989177966,0.4642111413532722,0.4514612077808602,0.1187707196671701,0.1116310028463066,0.0949683633330743,0.1025243160212542,0.1107959470714604,0.1079718921080259,0.110647817930028,0.1299384062584397,0.1244526318353694,0.1034324927976595,0.1126087370016337,0.1053802179287578,0.0991661129055746,0.1085971710320578,0.1179933397214787,0.1153220739370166,0.1098253124627579,0.1144071040608498,0.1125037331616895,0.0882681122715375,0.1103220489602133,0.1134445170735823,0.1124403709946023,0.1046948585885406,0.1189567056527402,0.1123026776684717,0.1221243111805551,0.1030090205379743,0.1145934823441408,0.1104711356149621,0.0895529754123472,0.2069660237963403,0.2474223497085446,0.3281599423963711,0.1389813849370003,0.2118479567109056,0.2194016353768752,0.1239755900266269,0.2888148709799545,0.2046018977236292,0.3200100178002483,0.2254505826292945,0.2494021535747581,0.3281193257619937,0.1312605817802249,0.2081817667866642,0.2807033908621567,0.3489789429688499,0.2890381177217422
0.6420147866243983,0.553377748200936,0.6166660435061665,0.4854275419204873,0.3609047225188641,0.6651217983395648,0.4493117257722843,0.5489866323162421,0.649983123322215,0.5259432705209879,0.4255247081680398,0.5129165515751337,0.4280162281140925,0.4758676133279169,0.5432215612401968,0.5214918297985983,0.5527347476341021,0.4678266985130044,0.6088590719553215,0.5675341547399132,0.5608966084838005,0.5561972132534011,0.5629458090699749,0.479022571432288,0.4613288586219536,0.5148894606060568,0.3550758599682003,0.5027735844488106,0.112602997868734,0.0999318620157643,0.0917911737039946,0.0969730008336096,0.1108402409183961,0.0993514808606008,0.1149587794795551,0.1273681806012743,0.1169829333171313,0.1016105117422778,0.114499784267909,0.1002096241565937,0.1003603440256335,0.1087478667360161,0.106928504733151,0.1012564517227428,0.1056039166844003,0.101405577526973,0.1041568954608246,0.0898897774664004,0.1035626588308499,0.108453290882628,0.1040346890259968,0.1042575040245604,0.1190912058857587,0.1055041025294666,0.1118810283961204,0.1001725191144738,0.1087372436080621,0.1033213231661548,0.0859104763674839,0.2520969533024444,0.3375216726458121,0.2515953496819542,0.1674966192258981,0.2113629213156486,0.2310022885274951,0.1301253657820963,0.3288637991400732,0.1749883889098359,0.3413616683380245,0.2662209789515758,0.3216302711997301,0.374535565988885,0.1703968234360217,0.1937680548576611,0.2405693987446734,0.3386060281876608,0.3074630615573546
0.5592702325399574,0.4834012530849013,0.5270968207004496,0.4935071513392556,0.4057897541326346,0.6824390700065807,0.3856957488706932,0.5688258757141678,0.6915143661665757,0.4980893745351546,0.4413963666592935,0.5608797764387399,0.3964778021873464,0.5311517492182221,0.5789249036674387,0.4766819599265902,0.5871170511482624,0.4345283670961394,0.6346871612642989,0.5659019567094468,0.6015319101005346,0.5749329673590864,0.6843116203135851,0.4508368838717086,0.4772124965720706,0.4644151987196356,0.4015042602531823,0.4933744798046653,0.1277228425639064,0.1151850787212716,0.0953666342667716,0.092590377215627,0.111123017008028,0.1069122278396751,0.1084174184210322,0.1236159445877699,0.1236802509468842,0.1028037709878862,0.1177387743327251,0.1011275634793512,0.1043865918519918,0.1110188577177919,0.1213499589046299,0.1111494886621799,0.1172042532314964,0.1100246954830836,0.1101996752551051,0.0703905435210125,0.1115145421400868,0.115065381189211,0.1189164745617472,0.1091661608074201,0.1254380623578044,0.1195342037053665,0.1235224435837686,0.1065588995866219,0.1098697335526057,0.1135121998629208,0.0770558372562233,0.2452373756888173,0.2975866979364343,0.3171161771220065,0.1628800289725505,0.2297473066426362,0.2147327493827536,0.1024801522881828,0.3852735356184152,0.2152030679237629,0.441059373151469,0.3186802971356309,0.358781717574512,0.3555235614379247,0.1789906732738017,0.1310953243601101,0.2728866066856621,0.4086768388546802,0.3174555468926395
0.5732600117938078,0.512670438306836,0.5238716851719125,0.4561826229938084,0.3986749883296558,0.6429788460412325,0.3446308433616754,0.5146754569769454,0.6109043272852364,0.4455811226140486,0.401861034333514,0.4953063710739169,0.3838910963967544,0.4612572983609748,0.5332682867566318,0.4130817228304463,0.5445312243550857,0.4353131737355211,0.6043359725786879,0.5082655421295088,0.5549256097609541,0.5039984967632823,0.6572550782469664,0.4300975613052268,0.4057121544282598,0.4420367769857999,0.4424042075166988,0.429430136588554,0.1088998017348119,0.0979506995686611,0.0875766987534324,0.1037838851815035,0.1038581895531832,0.092610449662733,0.1029211015872852,0.1170844114124258,0.119507562612133,0.0892450941904988,0.1015950259349872,0.0964521816134059,0.0918494852368664,0.099932917998578,0.1038395626444816,0.0927886413704324,0.1011502575967346,0.0993017414627465,0.0919745098725138,0.0791289222278558,0.0977054466257571,0.1087764102172031,0.0972445827396441,0.0987291680452305,0.111845847723716,0.1000969750039055,0.1043253337459831,0.0898763727114394,0.1083043388757649,0.0980736403864992,0.0955424017280849,0.2319353570042004,0.2931574396789074,0.2630935710131015,0.1431949231338466,0.2210615924448233,0.1973201791122599,0.1021735973067973,0.3293168949482797,0.2092483781160017,0.3616604640305986,0.3035410549283078,0.3259869813919067,0.3702779889597997,0.1118434672909123,0.1284743627076785,0.2168441870192667,0.3589785062353138,0.327865712266384
0.6463146218496633,0.4869016222985445,0.6060436600378014,0.4535103092737798,0.3150604617980759,0.6620357350995749,0.414621165963124,0.5877455398851419,0.6107312451318108,0.5495749568453925,0.3921499783567392,0.4564078054395695,0.4138781205552514,0.4969059061062963,0.5463288880844375,0.4960168878106382,0.5663513846575949,0.4635437436569917,0.6341202822969711,0.5533279432168055,0.5751131613873094,0.5559104215654381,0.6214834207324906,0.4911282811213541,0.4552320466617928,0.5115196970962795,0.3755412427657678,0.4944133019621685,0.1165987387597557,0.1019672046463666,0.0827341961735622,0.0909306668834563,0.1067556051830048,0.0949958064807245,0.1071105548530915,0.1188793049480129,0.1106213497463257,0.0894693530666704,0.1118626856588589,0.0894511405107106,0.0995423834039012,0.1007600937670665,0.1080204445932363,0.1019644146048667,0.0995231342858357,0.1001542262828365,0.0946547883547421,0.0689019945125063,0.0959360407864779,0.1121993814944049,0.0977925229324777,0.1031430870941502,0.137953644027024,0.1003226171649312,0.1130964279153778,0.0917821801549028,0.1004724053097889,0.0980643785171097,0.0723445618897775,0.2113746440374428,0.2773820554866549,0.2066128880886191,0.130398282770406,0.2316972656296884,0.2175866079669209,0.0854047918038671,0.386174642154272,0.1984161731747318,0.3590437441661551,0.3023322549451029,0.3201338354675542,0.3266094918503905,0.1508892032480429,0.1138289802905066,0.2748633450752979,0.3940155335656643,0.3446730552448166
0.6520506738470151,0.5581077577651672,0.5945104742450369,0.4799725518089617,0.4353706638647031,0.7125891845913982,0.4321749775651394,0.5951938792770255,0.6726119373290421,0.5331857931118971,0.463065997502861,0.5104882848883885,0.422998552898285,0.5270136647791408,0.5738394125499183,0.5305226835224037,0.5916680722460348,0.4916422063412693,0.6571894326960539,0.6053803235800237,0.6011067743648393,0.5862428334493295,0.7050725986852365,0.4788982861796284,0.4926460669650634,0.5213374602480046,0.4599224485998225,0.518549169814275,0.1171145840984689,0.1126814400571438,0.0898092046989209,0.0930495308317941,0.1152095925747541,0.1005194259928286,0.1093638868307313,0.1185236605229013,0.1248716402829877,0.1005232757809455,0.1090124883729299,0.0969888016862963,0.0966562579792204,0.1031903629523963,0.115932532727217,0.114766820914501,0.1088061402742201,0.0995040368340633,0.1023057806749919,0.0769094141184347,0.1064922703554071,0.117481942916619,0.1109889887283189,0.1015319475045918,0.1180404556596404,0.1105108704493897,0.1167134807196046,0.1029980290837516,0.1116258064942143,0.1097084854067232,0.0965707386029532,0.2578205776623711,0.3160604111750119,0.40517509737234,0.1434138155882741,0.2139623565086699,0.2429909056843162,0.1175852352705521,0.3789102283059334,0.221613074229163,0.4100778583369622,0.3067233826027435,0.3340994958515449,0.4034896399348209,0.1982772443443536,0.1678161966623832,0.2784677866613492,0.4084010954577485,0.3278012341509262
0.6556261192478775,0.5101185262513658,0.5829907201854962,0.4850792710795109,0.3774006202196081,0.6716021249895004,0.4430076450005289,0.5846704903566678,0.6220727219646351,0.5096855751409766,0.3469007848682712,0.4926703156511506,0.3927730768444623,0.4804026033494516,0.5158457706348335,0.4600260420734003,0.5267223472320117,0.4235869326945971,0.6172466998003824,0.5461613906349742,0.5385741820021503,0.5197193576137686,0.6081898918256481,0.4788129877131484,0.4586212375829235,0.495170901395945,0.4295368347700863,0.4134149862852924,0.1071811628913871,0.1122730172220238,0.0919269925252051,0.0896973889472508,0.1120716642485422,0.0994466222387647,0.111522437720133,0.1160626728018589,0.1089796833394293,0.09815691495783,0.1169921054520486,0.0888009892292194,0.1020842788012202,0.1056324028041253,0.1102410043919428,0.0991794698419231,0.1101095118152723,0.1050954322850734,0.1022306619494065,0.0831575321610772,0.1063673474670287,0.1098168085188335,0.1069537191011157,0.1006228191685481,0.1230483824181967,0.110188490029202,0.1178105667376215,0.0987277043316423,0.1044364220058509,0.1059082803781731,0.087596947130798,0.1949854247197212,0.287725844186781,0.2618415449581268,0.1310514816156794,0.2045571289998449,0.2165044616046428,0.1094214694264034,0.3738187273322177,0.1770663291051481,0.3654381157698509,0.2778997165958086,0.2613401869746079,0.3248084157705306,0.1795481844876821,0.1626209282365284,0.2471798111515723,0.3256752584808313,0.2583851922808656
0.6596544357714276,0.5811372125098685,0.6230451314188419,0.475038295129951,0.3804326655936765,0.6877304291558671,0.451508795280129,0.5897895294990478,0.661474544039826,0.4964312681588828,0.4384494249144297,0.546850864190776,0.424465388429033,0.5310487223019182,0.537582286511411,0.512808231490468,0.5914543836931639,0.4837185217094315,0.6653143745908447,0.6063748972249012,0.5775344110728402,0.5808863825609856,0.6620498180356491,0.5125682212787694,0.4745870630838842,0.5070569179774745,0.4985796998520976,0.4947169228349376,0.119702306681431,0.1108001094269077,0.0989099659864401,0.1192596845029473,0.1106889535589218,0.1043821342647949,0.1114264554004968,0.1240611644840879,0.1123249651112522,0.1019363684885742,0.1141418704255605,0.1002346695831195,0.092205077755074,0.1047482063662764,0.1123454688797245,0.1036110719228487,0.1121399946757453,0.1060435335372637,0.1015774053245155,0.0750486926365985,0.1084149957510633,0.1225126446217891,0.1110071307740353,0.10394972293138,0.1062526577668637,0.1082443808020194,0.116002719643218,0.1026541125524786,0.1100680554142718,0.1054693496776142,0.0911796388806952,0.243496565429192,0.3229236622332562,0.3985701594607767,0.1523412711484865,0.2176352052847096,0.2509348560909238,0.1419661866412276,0.4190185950594205,0.2261209406186731,0.4109908640447284,0.3100672208389005,0.3389151943305867,0.3648190897080924,0.1383025977760553,0.20935614871291,0.2701633629556351,0.3715473619092524,0.3107843279001026
0.644199601846191,0.5614687833806564,0.6398642902311525,0.5230279777224981,0.4376262004105614,0.6703955722197924,0.4407055051675038,0.5569788175481654,0.6106787168672161,0.5242222110938621,0.4174058191491778,0.4851367976232685,0.4275420952552966,0.5299486033837204,0.5574034217126581,0.5365836651304143,0.5665332775589408,0.4912227961749994,0.6263303508837756,0.5564073212869015,0.5881506661429451,0.5917682452971318,0.6707856132905811,0.4723661942714344,0.4753852787622782,0.5204022677507094,0.5185605305109413,0.4492142601796085,0.121930432805704,0.1113008827577093,0.1020113906622383,0.1414073512500909,0.1250519149075866,0.1039025822911441,0.1419359768276523,0.1361065888361741,0.1305798946768535,0.1134741939862458,0.1353623495251805,0.1076117294768994,0.1315726304446035,0.1225397718931522,0.1107303072499397,0.1310753767609285,0.1139169451851957,0.1207011812719064,0.109903974202558,0.0851556628454466,0.108242129298855,0.1180464986936345,0.1088976666646081,0.1025771621257086,0.129642838509969,0.1140140533198859,0.1166907025726257,0.1004828317561257,0.1193514636289347,0.1088849013129781,0.1015646365472374,0.3076993294663425,0.4152863375846182,0.291319702133729,0.1744146565615488,0.2715705381133807,0.245390279633999,0.1156008542204896,0.3683315314080084,0.2188827213188116,0.404109304609951,0.3826308675406709,0.4184874799102545,0.5217101376324413,0.1410582270473241,0.2131057532434997,0.2370061080423756,0.3600076865777722,0.3322459482218859
0.7029901951689731,0.6470169697489058,0.6326946110044331,0.5001580233987115,0.4394123120554562,0.7252323368846563,0.4360955661918297,0.6110020947692021,0.6896200451004211,0.6201842750116255,0.4093200412237111,0.5393071220935934,0.4554932024579691,0.545256114530732,0.5586149269118799,0.516619449713774,0.5785315828922848,0.5034301245847418,0.6556174178758392,0.6095025807435059,0.5957550599172962,0.5896967612052958,0.6723985898431705,0.4952420468011405,0.4985710787255866,0.5291122204843561,0.55838104310833,0.5657678697511321,0.1256458743603491,0.1285978309053491,0.103445899451533,0.1018484357907115,0.1225312444933432,0.1155299311615161,0.1339579075229759,0.1352138529088137,0.1239591884494947,0.1154386434084916,0.1356694968179755,0.1064869419304061,0.1176714553146278,0.1238781132533467,0.1272430146024194,0.1120165424932914,0.1209597297962725,0.1159253768847398,0.1127298226855757,0.0773676099373128,0.1148499673990092,0.124063179760104,0.128039886252307,0.1205636298068652,0.1258104749728395,0.120420097570501,0.1302766867573446,0.1123085601446333,0.1195852027582513,0.1188069933885584,0.1008054300685014,0.2594762884117214,0.3018452902531956,0.3829939952750403,0.1787283035214708,0.2302057412313056,0.2425959223851372,0.1502785660060388,0.369379056131494,0.2558601979353812,0.3919356559600409,0.3491881307642164,0.3534384293773142,0.3895471555491288,0.1547684316075854,0.157087947392617,0.2745115553660322,0.4193818027651197,0.3437198674981349
0.6850936588368668,0.5362778324479899,0.6443088195772501,0.511334608202646,0.4056134031772023,0.7239278193398937,0.486173136676625,0.5991865236014066,0.7105333089228576,0.4994102008251969,0.453050687813413,0.5428089367746786,0.4138739395828719,0.5057692205707964,0.5714520792730318,0.508401651290033,0.6039828422003322,0.4960371284623401,0.6479000733593941,0.5907391621970759,0.5978845619492306,0.6009917837190211,0.7075031240495686,0.5088170199602945,0.5100148633338507,0.5516898512633774,0.4349314146128993,0.4805531834604624,0.1197305092377886,0.1114731775768347,0.0929840651235967,0.1019506710134385,0.1081947410616716,0.1045471212726687,0.1074636042700912,0.1257740424630344,0.1178738020293289,0.1049261624566361,0.1190785781946938,0.0979072214144731,0.0990011119063939,0.1090849320608148,0.1173633717723601,0.1015832037292118,0.1163102426914161,0.1101910786637719,0.1129582027679234,0.0748174285425975,0.1112743933841211,0.1225032766255976,0.1107086067094165,0.1030820024003269,0.1230727627350579,0.1150047367757787,0.120558787199059,0.0967517032941256,0.10940080118788,0.1065622377145232,0.1046826996999689,0.2544810542466075,0.3085576796657824,0.3072086498141289,0.1653027440171627,0.2217989781188329,0.2560013739046441,0.116677562790174,0.4069718435121495,0.223773827170214,0.4618939849852922,0.3014061336770005,0.3616591959618604,0.3992171277079666,0.142073281497384,0.1906073266815426,0.2897815965288361,0.431245089811006,0.3677338920238898
0.6261394043840995,0.5343286363232849,0.5276956374531377,0.4656566983137442,0.4555306713314767,0.6554035971495921,0.3768075945713806,0.529298589811088,0.6703987968577365,0.4904410821909984,0.43910796069595,0.460357024642927,0.4023449221595881,0.5272756488738157,0.5756492453111278,0.456806451335163,0.5806946331262588,0.4775254049608908,0.6549208214828046,0.5939367681248127,0.5902214243410806,0.5766056766146406,0.5982712071015421,0.470569016765333,0.4465968986123088,0.4984808516463967,0.4258296106669875,0.4695172500068393,0.1132877772609954,0.1088811459911332,0.1047308451674064,0.097893421043334,0.1199117768794983,0.1009426359127156,0.107733977501997,0.1249830863579118,0.1315664772943016,0.1010767111144884,0.1151473233516835,0.1128688075211432,0.098638293899848,0.1050859576087571,0.1207797270123468,0.1236381340576267,0.1125062811156541,0.1025896385183237,0.1069794467481815,0.0890059151877034,0.1068700090099772,0.1228404436019729,0.1110896159944076,0.1090548351152776,0.1237219630850112,0.1062831424841628,0.1146329231216832,0.1017922410905841,0.1088430482079453,0.1072068428272844,0.0983407649907948,0.1950021813248108,0.3189871228341735,0.2350693857194957,0.1507995919816469,0.2069751439163835,0.2145298607605535,0.072697677804778,0.347246849657716,0.1910247511701397,0.3673130593850371,0.3164263162334599,0.3169822314536417,0.3216053894942714,0.1334069372656253,0.1485838147269841,0.2726970937718144,0.3883403654351992,0.3737190343552073
0.6677555888413789,0.478318261434183,0.6163502340992769,0.4986338543068959,0.4783748144957613,0.6828312703272813,0.4440325578346444,0.5831464299148497,0.6870642416035342,0.4932639849945862,0.3862345393161929,0.5531503293707363,0.3961769166387586,0.506247479718491,0.5646936740930919,0.4587667096317691,0.6280690628673216,0.4477335578977944,0.6166375646262081,0.5770573536278139,0.5654553191907183,0.5523126088620494,0.6997772046733042,0.456633001073747,0.4778580240500566,0.4647895614846682,0.4488230822432153,0.4431056240430244,0.1159162286214481,0.1119686021339804,0.094867150513296,0.1117288232842866,0.1122866396474055,0.1006740363670067,0.1123109199213334,0.1279314873028081,0.1180522375498853,0.098508605772751,0.1069906542056333,0.1034434495419089,0.0865995392024849,0.1071317754806183,0.1130260456348829,0.107079259383213,0.1122275870002159,0.1009863947421137,0.1071617744192797,0.0736754813770464,0.1086836910773545,0.1128099769190818,0.1046243909646465,0.1032755961723839,0.1090498101390031,0.1102669715731459,0.118647392651507,0.0983899997236002,0.1120782802989237,0.1064089379742512,0.0849189238248497,0.2167890311889336,0.3259655643779627,0.2123077460835056,0.1274146139908505,0.2183859250182336,0.2323194096192113,0.1146742811515217,0.4595220090407463,0.2022625450416408,0.4316215113286048,0.3620338650533102,0.3839550250265588,0.4443417857090631,0.2007235675118863,0.1627866507945365,0.2295605094828266,0.3742365339879416,0.3390180525459492
0.6875947199821332,0.5855330992203492,0.6347517271696682,0.4982316732216559,0.3841710644620317,0.7072274229014783,0.4644395554520937,0.5642526080881951,0.6632940865574237,0.5563190858395803,0.4435578144267907,0.5238493241175755,0.4419332458655003,0.5150461841365539,0.505045940965019,0.5149811860642224,0.576922944353961,0.4888704418333466,0.6445596669147302,0.581353005824712,0.6285895039701193,0.589433014799373,0.6290010118943895,0.5007802817775626,0.4651780634129203,0.5204232804271467,0.4021521940966308,0.5124652200059403,0.1157361145916733,0.1106474845544623,0.0912889495932742,0.0962601452096255,0.1117822011162678,0.1054224398512186,0.1121354713672387,0.1220602820455856,0.1138329075405793,0.103299317069434,0.1231290686418082,0.0993596884147787,0.1079730076575751,0.1088245871583245,0.11818077215576,0.1085069533287743,0.1191827248592683,0.1065978569513358,0.1112227081849103,0.0751150046982767,0.1076260639733049,0.1153008798846879,0.1093139825423868,0.0985298005886116,0.1162441984129727,0.1160455929590289,0.1151162891671543,0.1015471595514165,0.1139178230133239,0.1103326768892352,0.1068930717521207,0.2299289083391599,0.3102163208303224,0.1874392165966372,0.1317226478187413,0.2329595428567288,0.2703218322979341,0.1360935212955939,0.35633153052039,0.2113070569555702,0.4008123120295849,0.3019830977906962,0.3575242785475967,0.383346448253308,0.1503883456715788,0.2387516573671194,0.2467303212092596,0.3482845733922186,0.3433722355236698
0.6079597395101525,0.3956402827192236,0.554916172220265,0.4926732539306118,0.458806443023376,0.686950593786214,0.3901671264725099,0.548449676288949,0.6310660392343346,0.472621714793864,0.4322838748758506,0.516170418208206,0.4083544251836813,0.507968084734276,0.5248037341559351,0.4945384669601589,0.5599544959387394,0.4535503043228757,0.6471172428647292,0.5750817536914852,0.5994349084480357,0.5521817061749724,0.6547116583805214,0.4574782642090222,0.4415502688230776,0.4845580892407919,0.4092835952208438,0.4963090531162193,0.1247637045034001,0.1101353003407733,0.0938656704114718,0.1096917722607128,0.1139596885744149,0.1091772612013741,0.1106482104917446,0.125699523734271,0.120107626556968,0.1052007062323567,0.1109818902875475,0.0998599598749959,0.0943140952562774,0.1089502819608031,0.1162576570004896,0.1087935565951801,0.1115769788981647,0.1133855310103389,0.1148738304819786,0.0739552367198247,0.1086639385054099,0.1258222554841515,0.1118583138226231,0.1095744775832456,0.11443459739707,0.112370813961082,0.1194687579739908,0.1067614505935177,0.1130318125715406,0.112892631555539,0.1037176464927721,0.2388547462970327,0.3223022677498371,0.2039446031586045,0.1412137503665031,0.2221329704805926,0.2145930176040978,0.108479612359875,0.4302315774231399,0.1739222326756543,0.3384363959049324,0.3104986333377293,0.3431176676014934,0.384586421928058,0.1867456841282546,0.1215250568505285,0.2474781505511113,0.3881609996618783,0.3379123088831366
0.5854448553305472,0.4091357899637058,0.5568539407542384,0.5238437705700522,0.3799582530009119,0.6639093649859475,0.3935322725937206,0.5618984664440563,0.6536877573894899,0.4450208848527549,0.3735761967530677,0.5171544332063072,0.413513897738751,0.4764479356665225,0.5607761520654182,0.4956369376811724,0.5940687764619361,0.4508850013325731,0.6217667081902181,0.5831526075056288,0.5862371236755259,0.5601478375627742,0.6690011599997795,0.4625264919312101,0.4333246218181457,0.4798141748902348,0.4288494374905729,0.4891048082348072,0.1170265469561571,0.1018339634620655,0.0865741786671411,0.0987183176781404,0.0943427924426909,0.0910289492175611,0.0990594242405984,0.1090861503394188,0.1028227317893522,0.088873234277595,0.1014168369667998,0.0884690461418038,0.0871194482439127,0.0906900579362215,0.1029487075143971,0.0971820077673402,0.1031870560483753,0.1008266408207952,0.1022746043710404,0.0755640493019901,0.096718696517118,0.1089174419821709,0.0936600678320677,0.0964808571353022,0.1080280739001794,0.1071558869722667,0.1079431525157438,0.0887585342492072,0.1006606296492289,0.0958507173389123,0.08947771130682,0.2700089295598999,0.3356054424728288,0.2817273947956232,0.1751902437343582,0.2318532115236379,0.2262748147204835,0.092996682793154,0.3589901980995952,0.1703783934584484,0.3990583304397826,0.288297486274067,0.3970012892227258,0.4146451212465762,0.1312702372670173,0.1678490334811309,0.2332071024779375,0.383655692741345,0.3371484738543834
0.6256481113071358,0.5848138948472646,0.5166085009730541,0.4848787578409394,0.3559992058297335,0.6751346565203713,0.4259061890207237,0.5997695054154321,0.6806418633472799,0.4977956252090812,0.3898111657050825,0.489399461239323,0.3878317020632026,0.512580027670118,0.5246604677203747,0.4696425621141064,0.5515877240598318,0.4528731270625323,0.5966178601251004,0.5808137095667242,0.5822050777426497,0.5721297140295452,0.6452794951066048,0.4436658999352306,0.5025936906057084,0.4869225615139274,0.4085951283219212,0.4573931684272205,0.1213975912549778,0.1002637305952172,0.0920761107038144,0.0903226129280413,0.1141454210576361,0.1014398347141459,0.107506030402571,0.1269293508320654,0.124801725975436,0.0980551982270299,0.1236175175364765,0.1005251870256581,0.1044290974502082,0.1087999772770972,0.1158136891100977,0.1061683131233635,0.1113722624692581,0.1045427323971861,0.100901315353167,0.084561284055833,0.1025806215840555,0.118247312971312,0.1096324996160557,0.1064211069037992,0.144216556525275,0.0990068380948313,0.1143018488758794,0.0972451822307129,0.1133413044933049,0.1087678197000845,0.1129089222806839,0.2264399067211021,0.2857297923103088,0.2238026936264598,0.1168988975686952,0.2256397438130552,0.2126116514492695,0.0805392616894096,0.4260065259562956,0.1706845766997763,0.4028830689515456,0.2945726966450949,0.2612996929071166,0.3528075338556216,0.1747175705026495,0.1684353701972766,0.2571598518686958,0.3400436978400257,0.3000311021347213
0.6464433200124914,0.5465482454234307,0.5362514911042547,0.4449524992108917,0.3617805541357111,0.6976574837408341,0.451318073160906,0.5813572126784716,0.6327583336778364,0.4851417116547344,0.445669524148522,0.3856448268423399,0.4144332502666958,0.498270421735664,0.5660259121353826,0.4482503173286958,0.5119004820717528,0.5126216433563953,0.6544721405671748,0.6289870311921704,0.6245690600209921,0.5909761804146925,0.6569581241466088,0.5199959583508755,0.5105650808839906,0.516006305199146,0.4726996924498199,0.4853345248566455,0.1244796966263679,0.1151019938473408,0.0864553250671245,0.0991536059030454,0.1090006634086077,0.1026018258110006,0.1063941201738363,0.1241977703909208,0.1219781293699557,0.0988408280878785,0.1079873721601687,0.098942865750411,0.0975241345363334,0.1049087323175629,0.1068144347687408,0.1044350975449468,0.1114897397169233,0.0958140744230127,0.1030274751551426,0.0743050876935092,0.111182786859355,0.1179676088750501,0.108803134799777,0.104930513483202,0.1293807324156939,0.1095032917265218,0.1141125294596508,0.0980246601323103,0.1030274393793884,0.1101189337422764,0.0937585905179064,0.2225327940157102,0.2850031466353806,0.1634532101345301,0.1448884610379447,0.2330614108321253,0.1868104811735119,0.1376109918285357,0.3408706622768832,0.2081152634421359,0.349933121310383,0.3334805666621553,0.3241765076795445,0.4366758384765723,0.1235645241164541,0.1303746802528523,0.257989143544258,0.3588214853079989,0.3564543424484631
0.6221571909557737,0.5994034926846342,0.538433730533405,0.492509039897675,0.3810449484654389,0.6815653502349263,0.4095139029305612,0.5478458870423542,0.671480123598807,0.5135041010171971,0.3730664441988702,0.4895719072120612,0.3882879639523593,0.5417556458145214,0.5565537547469946,0.4900855446289225,0.5265278713946993,0.4715312119623737,0.6080065160678818,0.5715792066592751,0.5500596318283684,0.5306611312066474,0.6389478102809427,0.4519413339919473,0.4750880046210722,0.4913748713079298,0.493956723816074,0.4835872446253363,0.1039049259962388,0.1048038456899033,0.0955689819779177,0.1060588444079209,0.1156415837600403,0.1047504802977689,0.114553973376361,0.133988050028776,0.1232947850995976,0.1006504274269995,0.1143535341988782,0.1050779576651645,0.0933981869181203,0.1068310531003405,0.1199473168014266,0.115988878132613,0.1078100496879947,0.101310231077637,0.1034108390015444,0.0814906035448617,0.1038145216171383,0.1211174512975567,0.1039649399559965,0.102922346298916,0.1251867794541311,0.1060910061746195,0.1152756805666901,0.099959253014469,0.1117121568229748,0.1097933270958732,0.0972045206514107,0.1960587316390116,0.3012200577955244,0.1697191717090061,0.1140720551532476,0.1972115948212059,0.1972207814185217,0.0897764938528693,0.3809102712824099,0.1802349053847089,0.3740102293399664,0.3150390676918595,0.3376998467042165,0.3820032693800471,0.1564801904062429,0.1236007566245964,0.2303609267594498,0.3702049875935272,0.3445887645706534
